"id","page","route","section","legal","en","tr"
"home.001","Homepage","/","Menü ve genel etiketler","","About Us","Hakkımızda"
"home.002","Homepage","/","Menü ve genel etiketler","","Hire Workers","İşçi Talebi"
"home.003","Homepage","/","Menü ve genel etiketler","","Candidates","Adaylar"
"home.004","Homepage","/","Menü ve genel etiketler","","Work Permits","Çalışma İzinleri"
"home.005","Homepage","/","Menü ve genel etiketler","","Cost Calculator","Maliyet Hesaplama"
"home.006","Homepage","/","Menü ve genel etiketler","","Success Stories","Başarı Hikayeleri"
"home.007","Homepage","/","Menü ve genel etiketler","","Contact Us","İletişim"
"home.008","Homepage","/","Menü ve genel etiketler","","Partner With Us","İş Ortağı Olun"
"home.009","Homepage","/","Menü ve genel etiketler","","Join Our Team","Ekibimize Katılın"
"home.010","Homepage","/","Menü ve genel etiketler","","Blog and Guides","Rehberler"
"home.011","Homepage","/","Menü ve genel etiketler","","Verify a Representative","Temsilci Doğrulama"
"home.012","Homepage","/","Menü ve genel etiketler","","CRM Login","CRM Girişi"
"home.013","Homepage","/","Menü ve genel etiketler","","Blog","Rehberler"
"home.014","Homepage","/","Menü ve genel etiketler","","Request","Talep"
"home.015","Homepage","/","Menü ve genel etiketler","","Workers","Oluştur"
"home.016","Homepage","/","Menü ve genel etiketler","","Language","Dil"
"home.017","Homepage","/","Üst bölüm (Hero)","yes","Licensed · founder-signed · workers never pay","İŞKUR lisanslı · sözleşmeler kurucu imzasıyla · işçiden ücret alınmaz"
"home.018","Homepage","/","Üst bölüm (Hero)","","Skilled workers.","Nitelikli işçi."
"home.019","Homepage","/","Üst bölüm (Hero)","","Legal permits.","Yasal çalışma izni."
"home.020","Homepage","/","Üst bölüm (Hero)","","On your site.","İşyerinizde."
"home.021","Homepage","/","Üst bölüm (Hero)","yes","We source from 13 countries with our own people on the ground, file every work permit under law No. 4904, and get workers to your site ready to start.","JobsAdmire, 13 ülkeden kendi temsilcileriyle işçi temin eder, her çalışma izni başvurusunu 4904 sayılı kanun kapsamında yapar ve işçileri işe başlamaya hazır şekilde işyerinize ulaştırır."
"home.022","Homepage","/","Üst bölüm (Hero)","","Request workers →","İşçi talep edin →"
"home.023","Homepage","/","Üst bölüm (Hero)","","See available workers","Mevcut adayları görün"
"home.024","Homepage","/","Üst bölüm (Hero)","","Free proposal within 24 hours","24 saat içinde ücretsiz teklif"
"home.025","Homepage","/","Talep formu","","Request workers","İşçi talebi"
"home.026","Homepage","/","Talep formu","","Tell us what you need","İhtiyacınızı yazın"
"home.027","Homepage","/","Talep formu","","Reply within 24 hours","24 saat içinde yanıt"
"home.028","Homepage","/","Talep formu","","Candidate profiles, real monthly cost and a permit timeline — free.","Aday profilleri, gerçek aylık maliyet ve çalışma izni takvimi — ücretsiz."
"home.029","Homepage","/","Talep formu","","Get free proposal →","Ücretsiz teklif alın →"
"home.030","Homepage","/","Talep formu","","Ask us to call you","Sizi arayalım"
"home.031","Homepage","/","Talep formu","","Leave your number and the Antalya team calls you back — usually within a few working hours.","Numaranızı bırakın, Antalya ekibi sizi arasın — genellikle birkaç iş saati içinde."
"home.032","Homepage","/","Talep formu","","Company name","Firma adı"
"home.033","Homepage","/","Talep formu","","Contact person","İletişim kişisi"
"home.034","Homepage","/","Talep formu","","Phone / WhatsApp","Telefon / WhatsApp"
"home.035","Homepage","/","Talep formu","","Sector","Sektör"
"home.036","Homepage","/","Talep formu","","Factory / Manufacturing","Fabrika / Üretim"
"home.037","Homepage","/","Talep formu","","Agriculture","Tarım"
"home.038","Homepage","/","Talep formu","","Tourism / Hospitality","Turizm / Konaklama"
"home.039","Homepage","/","Talep formu","","Construction","İnşaat"
"home.040","Homepage","/","Talep formu","","Other","Diğer"
"home.041","Homepage","/","Talep formu","","Workers needed","İşçi sayısı"
"home.042","Homepage","/","Talep formu","","City / location","Şehir / bölge"
"home.043","Homepage","/","Talep formu","","Timeline","Zamanlama"
"home.044","Homepage","/","Talep formu","","Immediately","Hemen"
"home.045","Homepage","/","Talep formu","","Within 1 month","1 ay içinde"
"home.046","Homepage","/","Talep formu","","1–3 months","1–3 ay"
"home.047","Homepage","/","Talep formu","","Just planning","Henüz planlama aşamasında"
"home.048","Homepage","/","Talep formu","","Get Workforce Proposal →","Teklif isteyin →"
"home.049","Homepage","/","Talep formu","","Chat on WhatsApp instead","WhatsApp'tan yazın"
"home.050","Homepage","/","Sayısal göstergeler","","workers placed","işe yerleştirilen çalışan"
"home.051","Homepage","/","Sayısal göstergeler","","source countries","iş gücü temin edilen ülke"
"home.052","Homepage","/","Sayısal göstergeler","yes","average permit approval","ortalama çalışma izni süresi"
"home.053","Homepage","/","Onay panosu","","All cases are public →","Gerçek onayları inceleyin →"
"home.054","Homepage","/","Onay panosu","","approvals wall · real routes","Doğrulanmış sonuçlar · gerçek süreçler"
"home.055","Homepage","/","Onay panosu","","All approvals →","Tüm onaylar →"
"home.056","Homepage","/","Yönlendirme kartları","","I need workers","İşçiye ihtiyacım var"
"home.057","Homepage","/","Yönlendirme kartları","","Free proposal with real cost in 24 hours","24 saat içinde, gerçek maliyetiyle ücretsiz teklif"
"home.058","Homepage","/","Yönlendirme kartları","","I'm an agency abroad","Yurt dışında acenteyim"
"home.059","Homepage","/","Yönlendirme kartları","","Send candidates, we pay you on placement","Aday gönderin, yerleştirmede ödemenizi JobsAdmire yapar"
"home.060","Homepage","/","Yönlendirme kartları","","Check someone's ID","Temsilciyi doğrulayın"
"home.061","Homepage","/","Yönlendirme kartları","","Workers never pay a fee — verify before you deal","İşçiden ücret alınmaz — işlem yapmadan önce doğrulayın"
"home.062","Homepage","/","Adaylar","","Live candidates","Güncel adaylar"
"home.063","Homepage","/","Adaylar","","Available for interview this week","Bu hafta görüşmeye hazır"
"home.064","Homepage","/","Adaylar","","See all candidates →","Tüm adayları görün →"
"home.065","Homepage","/","Adaylar","","View profile →","Profili görün →"
"home.066","Homepage","/","Adaylar","","Candidate list updates weekly — documents pre-verified before you ever see a profile","Aday listesi her hafta güncellenir — belgeler siz profili görmeden önce doğrulanır"
"home.067","Homepage","/","Adaylar","","Browse 14+ live profiles →","14+ güncel profile bakın →"
"home.068","Homepage","/","Maliyet hesaplama","","Real cost, 2026 rates","Gerçek maliyet, 2026 oranları"
"home.069","Homepage","/","Maliyet hesaplama","","See the real cost before you decide","Karar vermeden önce gerçek maliyeti görün"
"home.070","Homepage","/","Maliyet hesaplama","yes","Salary is only part of it. SGK, permit fees, flights and housing decide what a worker actually costs you.","Maaş toplam maliyetin yalnızca bir parçasıdır. SGK, izin harçları, uçuş ve konaklama bir işçinin size gerçekte ne kadara geldiğini belirler."
"home.071","Homepage","/","Maliyet hesaplama","","Most quotes leave them out — ours never do.","Çoğu teklif bu kalemleri dışarıda bırakır; JobsAdmire bırakmaz."
"home.072","Homepage","/","Maliyet hesaplama","","Role level — sets the legal salary floor","Pozisyon seviyesi — yasal maaş tabanını belirler"
"home.073","Homepage","/","Maliyet hesaplama","","How many workers?","Kaç işçi?"
"home.074","Homepage","/","Maliyet hesaplama","yes","SGK incentives and minimum-wage support already applied","SGK teşvikleri ve asgari ücret desteği hesaba dahildir"
"home.075","Homepage","/","Maliyet hesaplama","","Adjust salary, sector, housing and travel on the full calculator","Maaş, sektör, konaklama ve seyahat kalemlerini tam hesaplama sayfasında düzenleyin"
"home.076","Homepage","/","Maliyet hesaplama","","Open the full calculator →","Tam hesaplamayı açın →"
"home.077","Homepage","/","Maliyet hesaplama","","What permits cost","İzin maliyetleri"
"home.078","Homepage","/","Maliyet hesaplama","","Per worker / month","İşçi başına aylık"
"home.079","Homepage","/","Maliyet hesaplama","","2026 rates","2026 oranları"
"home.080","Homepage","/","Maliyet hesaplama","yes","Gross salary (minimum wage)","Brüt maaş (asgari ücret)"
"home.081","Homepage","/","Maliyet hesaplama","yes","SGK employer share · 21.75%","SGK işveren payı · %21,75"
"home.082","Homepage","/","Maliyet hesaplama","yes","Minimum wage support","Asgari ücret desteği"
"home.083","Homepage","/","Maliyet hesaplama","","Employer cost, per worker","İşçi başına işveren maliyeti"
"home.084","Homepage","/","Maliyet hesaplama","","Salary","Maaş"
"home.085","Homepage","/","Maliyet hesaplama","yes","SGK and contributions","SGK ve primler"
"home.086","Homepage","/","Maliyet hesaplama","yes","First-year one-time costs · permit ₺16,000 + flight ₺12,000","İlk yıl tek seferlik maliyetler · izin 16.000 ₺ + uçuş 12.000 ₺"
"home.087","Homepage","/","Maliyet hesaplama","","Send this estimate on WhatsApp","Bu hesabı WhatsApp'tan gönderin"
"home.088","Homepage","/","Maliyet hesaplama","","See cost breakdown","Maliyet dökümünü görün"
"home.089","Homepage","/","Maliyet hesaplama","","Hide breakdown","Dökümü gizleyin"
"home.090","Homepage","/","Maliyet hesaplama","yes","Estimate at the 2026 minimum wage with the standard SGK discount. Skilled and specialist roles carry a higher legal salary floor — the full calculator covers every case.","Hesaplama 2026 asgari ücreti ve standart SGK indirimi esas alınarak yapılmıştır. Nitelikli ve uzman pozisyonlarda yasal maaş tabanı daha yüksektir — tam hesaplama her durumu kapsar."
"home.091","Homepage","/","Süreç ve zaman çizelgesi","","How it works","Süreç nasıl işler"
"home.092","Homepage","/","Süreç ve zaman çizelgesi","","From your request to the first working day","Talebinizden ilk iş gününe kadar"
"home.093","Homepage","/","Süreç ve zaman çizelgesi","","One partner runs the whole journey — sourcing, vetting, permits and arrival. No part of the work is passed to agents you have never met.","Tüm süreci tek bir kurum yürütür — temin, kontrol, izinler ve varış. Hiçbir aşama, tanımadığınız acentelere devredilmez."
"home.094","Homepage","/","Süreç ve zaman çizelgesi","","Your total effort","Sizden beklenen"
"home.095","Homepage","/","Süreç ve zaman çizelgesi","","3 things: share the requirement, approve the shortlist, sign the contract. JobsAdmire handles everything else.","3 adım: ihtiyacınızı paylaşın, kısa listeyi onaylayın, sözleşmeyi imzalayın. Geri kalan her şeyi JobsAdmire yürütür."
"home.096","Homepage","/","Sezon planlayıcı","","Season planner","Sezon planlayıcı"
"home.097","Homepage","/","Sezon planlayıcı","","When to start, so workers arrive on time","İşçilerin zamanında gelmesi için ne zaman başlamalısınız"
"home.098","Homepage","/","Sezon planlayıcı","yes","A permit takes about 45 days, travel and arrival another one to two weeks.","Çalışma izni yaklaşık 45 gün, seyahat ve varış bir ila iki hafta daha sürer."
"home.099","Homepage","/","Sezon planlayıcı","","Plan back from the month you actually need people on site.","İşçilere sahada gerçekten ihtiyaç duyduğunuz aydan geriye doğru planlayın."
"home.100","Homepage","/","Sezon planlayıcı","","Peak demand","Yoğun talep"
"home.101","Homepage","/","Sezon planlayıcı","","Secondary season","İkinci sezon"
"home.102","Homepage","/","Sezon planlayıcı","","This month","Bu ay"
"home.103","Homepage","/","Sezon planlayıcı","","Start this group →","Bu grubu başlatın →"
"home.104","Homepage","/","Süreç ve zaman çizelgesi","","Day 0","Başlangıç"
"home.105","Homepage","/","Süreç ve zaman çizelgesi","","Share your requirement","İhtiyacınızı paylaşın"
"home.106","Homepage","/","Süreç ve zaman çizelgesi","","Sector, headcount, location and timeline — via the form or WhatsApp.","Sektör, kişi sayısı, lokasyon ve zaman planı — form ya da WhatsApp üzerinden."
"home.107","Homepage","/","Süreç ve zaman çizelgesi","","24 hours","24 saat"
"home.108","Homepage","/","Süreç ve zaman çizelgesi","","Your proposal arrives","Teklifiniz ulaşır"
"home.109","Homepage","/","Süreç ve zaman çizelgesi","","Candidate profiles, the real monthly cost and a permit timeline — free, no commitment.","Aday profilleri, gerçek aylık maliyet ve çalışma izni takvimi — ücretsiz, taahhüt yok."
"home.110","Homepage","/","Süreç ve zaman çizelgesi","","Week 1–2","1–2. hafta"
"home.111","Homepage","/","Süreç ve zaman çizelgesi","","Interviews and approval","Görüşmeler ve onay"
"home.112","Homepage","/","Süreç ve zaman çizelgesi","","Candidates screened in their country by our own representatives — you meet only pre-verified people.","Adaylar kendi ülkelerinde JobsAdmire temsilcileri tarafından değerlendirilir — yalnızca doğrulanmış kişilerle görüşürsünüz."
"home.113","Homepage","/","Süreç ve zaman çizelgesi","yes","~45 days","~45 gün"
"home.114","Homepage","/","Süreç ve zaman çizelgesi","","Contract and work permit","Sözleşme ve çalışma izni"
"home.115","Homepage","/","Süreç ve zaman çizelgesi","yes","Every permit filed and tracked to approval under law No. 4904.","Her izin başvurusu 4904 sayılı kanun kapsamında yapılır ve onaya kadar takip edilir."
"home.116","Homepage","/","Süreç ve zaman çizelgesi","","Arrival","Varış"
"home.117","Homepage","/","Süreç ve zaman çizelgesi","","First working day","İlk iş günü"
"home.118","Homepage","/","Süreç ve zaman çizelgesi","yes","Travel, onboarding, SGK registration and 30-day follow-up — workers start on schedule.","Seyahat, işe uyum, SGK kaydı ve 30 günlük takip — işçiler planlanan tarihte başlar."
"home.119","Homepage","/","Acente ağı","","Agent network","Acente ağı"
"home.120","Homepage","/","Acente ağı","","Vetted partner agencies in 13 countries","13 ülkede denetlenen iş ortağı acenteler"
"home.121","Homepage","/","Acente ağı","","Partner agencies and training institutes source and prepare candidates in their country — under our rules, supervised by our own team. They cannot sign contracts on behalf of JobsAdmire and never collect money from a worker.","İş ortağı acenteler ve eğitim kurumları adayları kendi ülkelerinde bulur ve hazırlar — JobsAdmire'ın kurallarına göre ve JobsAdmire ekibinin denetiminde. JobsAdmire adına sözleşme imzalayamazlar ve hiçbir işçiden para tahsil etmezler."
"home.122","Homepage","/","Acente ağı","","Source countries","Kaynak ülkeler"
"home.123","Homepage","/","Acente ağı","","Supervised by our own country representatives","JobsAdmire'ın ülke temsilcileri tarafından denetlenir"
"home.124","Homepage","/","Acente ağı","","They cannot sign contracts on behalf of JobsAdmire, and never collect money from a worker","JobsAdmire adına sözleşme imzalayamaz ve hiçbir işçiden para tahsil etmezler"
"home.125","Homepage","/","Acente ağı","","Become a partner agency →","İş ortağı acente olun →"
"home.126","Homepage","/","Acente ağı","","Report fraud","Dolandırıcılık bildirin"
"home.127","Homepage","/","Ekip","","Our employees, publicly listed","Çalışanlarımız kamuya açık kayıtlıdır"
"home.128","Homepage","/","Ekip","","Everyone below is on our payroll with a JA- ID — check anyone on the public register before you deal with them.","Aşağıda yer alan tüm çalışanlar JobsAdmire bünyesinde görev yapmaktadır. Her ekip üyesinin ‘JA-’ ile başlayan benzersiz bir kimlik numarası bulunur. İşlem yapmadan önce ekip üyesini kamuya açık kayıtlarımızdan doğrulayabilirsiniz."
"home.129","Homepage","/","Ekip","","Only authorised signatory","Tek imza yetkilisi"
"home.130","Homepage","/","Ekip","","Founder — the only person who signs contracts and approves fees for JobsAdmire.","Kurucu — JobsAdmire adına sözleşme imzalayan ve ücretleri onaylayan tek kişi."
"home.131","Homepage","/","Ekip","","Operations, work permits, employer desk and quality — where every proposal and permit is handled.","Operasyon, çalışma izinleri, işveren birimi ve kalite — her teklif ve izin burada yürütülür."
"home.132","Homepage","/","Ekip","","Karachi office","Karaçi ofisi"
"home.133","Homepage","/","Ekip","","Antalya HQ","Antalya merkez ofis"
"home.134","Homepage","/","Ekip","","Our tech team — website, CRM and internal systems that keep every case trackable.","Teknoloji ekibi — web sitesi, CRM ve her dosyanın takip edilebilir kalmasını sağlayan iç sistemler."
"home.135","Homepage","/","Ekip","","Country representatives","Ülke temsilcileri"
"home.136","Homepage","/","Ekip","","Our employees in every source country — they run interviews, check documents and supervise partner agencies.","Her kaynak ülkedeki JobsAdmire çalışanları — görüşmeleri yürütür, belgeleri kontrol eder ve iş ortağı acenteleri denetler."
"home.137","Homepage","/","Ekip","","Verify any team member →","Ekip üyesini doğrulayın →"
"home.138","Homepage","/","Ekip","","About us →","Hakkımızda →"
"home.139","Homepage","/","Ekip","","We're hiring — join our team →","İşe alım yapıyoruz — ekibimize katılın →"
"home.140","Homepage","/","İş ortaklığı ve işe alım","","Work with us","Bizimle çalışın"
"home.141","Homepage","/","İş ortaklığı ve işe alım","","Two ways to join the network","Ağa katılmanın iki yolu"
"home.142","Homepage","/","İş ortaklığı ve işe alım","","Suppliers abroad and our own field staff — both start with the same rule: the worker never pays.","Yurt dışındaki tedarikçiler ve JobsAdmire'ın saha ekibi — ikisi de aynı kuralla başlar: işçiden hiçbir ücret alınmaz."
"home.143","Homepage","/","İş ortaklığı ve işe alım","","For agencies and institutes abroad","Yurt dışındaki acenteler ve kurumlar için"
"home.144","Homepage","/","İş ortaklığı ve işe alım","","Become a sourcing partner","Tedarik ortağı olun"
"home.145","Homepage","/","İş ortaklığı ve işe alım","","You find and prepare candidates in your country. JobsAdmire handles the Turkish employer, the contract and every work permit — and pays you directly.","Adayları kendi ülkenizde bulup hazırlarsınız. Türkiye'deki işvereni, sözleşmeyi ve tüm çalışma izni sürecini JobsAdmire yürütür — ödemenizi de doğrudan JobsAdmire yapar."
"home.146","Homepage","/","İş ortaklığı ve işe alım","","Live job orders with real headcount and salaries","Güncel iş gücü taleplerine, ihtiyaç duyulan çalışan sayısına ve ücret bilgilerine erişim"
"home.147","Homepage","/","İş ortaklığı ve işe alım","","Paid by JobsAdmire on placement — never by the worker","Yerleştirme tamamlandığında ödeme doğrudan JobsAdmire tarafından yapılır; işçiden hiçbir ücret alınmaz"
"home.148","Homepage","/","İş ortaklığı ve işe alım","","Portal access to track every candidate and permit","Aday ve çalışma izni süreçlerini takip edebileceğiniz portal erişimi"
"home.149","Homepage","/","İş ortaklığı ve işe alım","","How partnering works →","İş ortaklığı nasıl işler →"
"home.150","Homepage","/","İş ortaklığı ve işe alım","","Partner agencies are suppliers — they cannot sign contracts on behalf of JobsAdmire and never collect money from a worker.","İş ortağı acenteler tedarikçidir — JobsAdmire adına sözleşme imzalayamaz ve hiçbir işçiden para tahsil etmezler."
"home.151","Homepage","/","İş ortaklığı ve işe alım","","We are hiring","İşe alım yapıyoruz"
"home.152","Homepage","/","İş ortaklığı ve işe alım","","Join our team","Ekibimize katılın"
"home.153","Homepage","/","İş ortaklığı ve işe alım","","Country representatives, sourcing coordinators and trade-test assessors — on our payroll, with a JA- ID that anyone can check on the public register.","Ülke temsilcileri, tedarik koordinatörleri ve meslek testi değerlendiricileri — JobsAdmire bordrosunda ve herkesin kamuya açık kayıttan doğrulayabileceği JA- kimlik numarasıyla çalışır."
"home.154","Homepage","/","İş ortaklığı ve işe alım","","Country Representative","Ülke İşe Alım Temsilcisi"
"home.155","Homepage","/","İş ortaklığı ve işe alım","","Full-time · source countries","Tam zamanlı · kaynak ülkeler"
"home.156","Homepage","/","İş ortaklığı ve işe alım","","Sourcing Coordinator","Aday Tedarik Uzmanı"
"home.157","Homepage","/","İş ortaklığı ve işe alım","","Part-time · remote","Yarı zamanlı · uzaktan"
"home.158","Homepage","/","İş ortaklığı ve işe alım","","Trade Test Assessor","Aday Değerlendirme Uzmanı"
"home.159","Homepage","/","İş ortaklığı ve işe alım","","Project-based","Proje bazlı"
"home.160","Homepage","/","İş ortaklığı ve işe alım","","See open roles →","Açık pozisyonları görün →"
"home.161","Homepage","/","İş ortaklığı ve işe alım","","See who works here","Burada kimler çalışıyor"
"home.162","Homepage","/","Portal / panel","","Your dashboard","Dijital İş Gücü Platformunuz"
"home.163","Homepage","/","Portal / panel","","Your whole workforce in one portal","Tüm iş gücünüz tek portalda"
"home.164","Homepage","/","Portal / panel","","No spreadsheets and no phone calls to get updates. Everything from shortlist to permit lives on the portal — and on your phone.","Excel tablosu yok, güncelleme için telefon trafiği yok. Kısa listeden çalışma iznine kadar tüm süreç tek portalda, her an yanınızda."
"home.165","Homepage","/","Portal / panel","","Shortlist in 24 hours, only pre-verified profiles","24 saat içinde kısa liste, yalnızca doğrulanmış profiller"
"home.166","Homepage","/","Portal / panel","","Contracts signed online — no courier","Sözleşmeler çevrim içi imzalanır — kurye yok"
"home.167","Homepage","/","Portal / panel","","Live permit tracking","Canlı izin takibi"
"home.168","Homepage","/","Portal / panel","","Every application status, in real time","Her başvurunun durumunu anlık olarak takip edin."
"home.169","Homepage","/","Portal / panel","","Approve a candidate in 30 seconds","Bir adayı 30 saniyede onaylayın"
"home.170","Homepage","/","Portal / panel","","Shortlist in 24 hours, contracts signed online","24 saatte kısa liste, sözleşmeler çevrim içi"
"home.171","Homepage","/","Portal / panel","","Live permit status for every worker","Her işçi için canlı izin durumu"
"home.172","Homepage","/","Portal / panel","","Approve a candidate from your phone in 30 seconds","Telefonunuzdan bir adayı 30 saniyede onaylayın"
"home.173","Homepage","/","Portal / panel","","See how it works →","Nasıl çalıştığını görün →"
"home.174","Homepage","/","Portal / panel","","Same live data everywhere","Her yerde güncel bilgi"
"home.175","Homepage","/","Blog ve rehberler","","Guides and market updates","Rehberler ve piyasa güncellemeleri"
"home.176","Homepage","/","Blog ve rehberler","","All articles →","Tüm içerikleri görün →"
"home.177","Homepage","/","Blog ve rehberler","","Featured guide","Öne çıkan rehber"
"home.178","Homepage","/","Blog ve rehberler","","Read the guide →","Rehberi okuyun →"
"home.179","Homepage","/","Blog ve rehberler","","Browse all guides →","Tüm rehberleri inceleyin →"
"home.180","Homepage","/","SSS","","Common questions","Sık sorulan sorular"
"home.181","Homepage","/","SSS","","Questions employers ask us first","İşverenlerin ilk sorduğu sorular"
"home.182","Homepage","/","SSS","","Have another question? Contact the Antalya team directly.","Başka bir sorunuz mu var? Antalya ekibiyle doğrudan iletişime geçin."
"home.183","Homepage","/","SSS","","Ask on WhatsApp","WhatsApp'tan sorun"
"home.184","Homepage","/","Alt çağrı bölümü","","Need workers this quarter?","Bu dönem işçiye ihtiyacınız var mı?"
"home.185","Homepage","/","Alt çağrı bölümü","yes","Talk to the Antalya employer team directly — free consultation, proposal within 24 hours. Workers never pay a fee, law No. 4904.","Antalya’daki işveren ekibimizle doğrudan iletişime geçin. Ücretsiz danışmanlık ve 24 saat içinde teklif alın. İşçiden hiçbir ücret alınmaz; hizmetlerimiz 4904 sayılı Kanun kapsamında sunulur."
"home.186","Homepage","/","Alt çağrı bölümü","","Request workers →","İşçi talep edin →"
"home.187","Homepage","/","Alt çağrı bölümü","","Call the office","Ofisi arayın"
"home.188","Homepage","/","Alt bilgi (Footer)","","Licensed workforce recruitment for employers in Turkey — overseas sourcing, vetting and work permits, end-to-end.","Türkiye'deki işverenler için lisanslı iş gücü temini — yurt dışından tedarik, kontrol ve çalışma izinleri, uçtan uca."
"home.189","Homepage","/","Alt bilgi (Footer)","","For Employers","İşverenler için"
"home.190","Homepage","/","Alt bilgi (Footer)","","Company","Kurumsal"
"home.191","Homepage","/","Alt bilgi (Footer)","","Contact","İletişim"
"home.192","Homepage","/","Alt bilgi (Footer)","","Get directions","Yol tarifi alın"
"home.193","Homepage","/","Alt bilgi (Footer)","","WhatsApp Us →","WhatsApp'tan yazın →"
"home.194","Homepage","/","Alt bilgi (Footer)","","Manage your workforce anywhere","İş gücünüzü her yerden yönetin"
"home.195","Homepage","/","Alt bilgi (Footer)","","Approve candidates, track permits and get instant updates.","Adayları onaylayın, izinleri takip edin ve anlık bildirim alın."
"home.196","Homepage","/","Alt bilgi (Footer)","","Antalya · Head office","Antalya · Merkez ofis"
"home.197","Homepage","/","Alt bilgi (Footer)","","Karachi · Tech office","Karaçi · Teknoloji ofisi"
"home.198","Homepage","/","Alt bilgi (Footer)","","Mon–Fri 09:00–18:00","Pzt–Cum 09:00–18:00"
"home.199","Homepage","/","Alt bilgi (Footer)","","Mon–Sat 10:00–19:00 PKT","Pzt–Cmt 10:00–19:00 PKT"
"home.200","Homepage","/","Ekip","","Our team","Ekibimiz"
"home.201","Homepage","/","Menü ve genel etiketler","","Approved","Onaylandı"
"home.202","Homepage","/","Menü ve genel etiketler","","Telegram us","Telegram'dan yazın"
"home.203","Homepage","/","Blog ve rehberler","","Recruitment","İşe alım"
"home.204","Homepage","/","Blog ve rehberler","","Hiring from Pakistan: what Turkish employers should know","Pakistan'dan işe alım: Türk işverenlerin bilmesi gerekenler"
"home.205","Homepage","/","Blog ve rehberler","","Skill profiles, vetting standards, document realities and timelines — everything we have learned from the route we know best, written for employers who have never hired overseas before.","Aday profilleri, değerlendirme kriterleri, gerekli belgeler ve süreç süreleri — yurt dışından ilk kez işe alım yapacak işverenler için, sahadaki deneyimlerimize dayanarak hazırlanan kapsamlı bir rehber."
"home.206","Homepage","/","Sayısal göstergeler","","days","gün"
"home.207","Homepage","/","Portal / panel","","AI matching","Yapay zeka eşleştirme"
"home.208","Homepage","/","Portal / panel","","Shortlist in 24 hours, only pre-verified profiles","24 saat içinde kısa liste, yalnızca doğrulanmış profiller"
"home.209","Homepage","/","Portal / panel","","E-signature","E-imza"
"home.210","Homepage","/","Portal / panel","","Contracts signed online — no courier","Sözleşmeler çevrim içi imzalanır — kurye yok"
"home.211","Homepage","/","Portal / panel","","Live permit tracking","Canlı izin takibi"
"home.212","Homepage","/","Portal / panel","","Every application status, in real time","Her başvurunun durumunu anlık olarak takip edin."
"home.213","Homepage","/","Portal / panel","","Mobile app","Mobil uygulama"
"home.214","Homepage","/","Portal / panel","","Approve a candidate in 30 seconds","Bir adayı 30 saniyede onaylayın"
"home.215","Homepage","/","Portal / panel","","Permits approved — 12 of 15","İzinler onaylandı — 15 başvurudan 12'si"
"home.216","Homepage","/","Portal / panel","","New shortlist · 6 profiles ⚡","Yeni kısa liste · 6 profil ⚡"
"home.217","Homepage","/","Menü ve genel etiketler","","Now:","Şimdi:"
"home.218","Homepage","/","Alt bilgi (Footer)","","Privacy","Gizlilik Politikası"
"home.219","Homepage","/","Alt bilgi (Footer)","","Terms","Kullanım Şartları"
"home.220","Homepage","/","Blog ve rehberler","","Insights","Bilgi ve analiz"
"home.221","Homepage","/","Alt çağrı bölümü","","WhatsApp us","WhatsApp'tan yazın"
"home.222","Homepage","/","Menü ve genel etiketler","","LIVE","CANLI"
"home.223","Homepage","/","Menü ve genel etiketler","","Talk to us","Bize yazın"
"home.224","Homepage","/","Alt bilgi (Footer)","","Factory","Fabrika"
"home.225","Homepage","/","Alt bilgi (Footer)","","Agriculture","Tarım"
"home.226","Homepage","/","Alt bilgi (Footer)","","Tourism & Hotels","Turizm ve Otelcilik"
"home.227","Homepage","/","Alt bilgi (Footer)","","Construction","İnşaat"
"home.228","Homepage","/","Sezon planlayıcı","yes","İŞKUR permit No. 1730 · Job seekers are never charged a fee (law No. 4904) · Tax No: 48422122","İŞKUR Belge No. 1730 · İş arayanlardan hiçbir ücret alınmaz (4904 sayılı kanun) · Vergi No: 48422122"
"home.229","Homepage","/","Adaylar","","Welder","Kaynakçı"
"home.230","Homepage","/","Adaylar","","CNC Operator","CNC operatörü"
"home.231","Homepage","/","Adaylar","","Housekeeping","Kat hizmetleri"
"home.232","Homepage","/","Adaylar","","Greenhouse Worker","Sera işçisi"
"home.233","Homepage","/","Adaylar","","Forklift Operator","Forklift operatörü"
"home.234","Homepage","/","Adaylar","","Line Cook","Aşçı"
"home.235","Homepage","/","Adaylar","","MIG/TIG certified","MIG/TIG belgeli"
"home.236","Homepage","/","Adaylar","","5-star resort","5 yıldızlı tesis"
"home.237","Homepage","/","Adaylar","","Team of 8","8 kişilik ekip"
"home.238","Homepage","/","Adaylar","","Licensed","Operatör belgeli"
"home.239","Homepage","/","Adaylar","","Hotel kitchen","Otel mutfağı"
"home.240","Homepage","/","Maliyet hesaplama","","General worker","Genel işçi"
"home.241","Homepage","/","Maliyet hesaplama","","Skilled / certified","Nitelikli / belgeli"
"home.242","Homepage","/","Maliyet hesaplama","","Specialist","Uzman"
"home.243","Homepage","/","Sezon planlayıcı","","Agriculture & greenhouse","Tarım ve sera"
"home.244","Homepage","/","Sezon planlayıcı","","Coastal hotels and resorts","Kıyı otelleri ve tatil köyleri"
"home.245","Homepage","/","Sezon planlayıcı","","Sites and infrastructure","Şantiyeler ve altyapı"
"home.246","Homepage","/","Sezon planlayıcı","","Year-round production","Yıl boyu üretim"
"home.247","Homepage","/","Sezon planlayıcı","","Tourism & hospitality","Turizm ve konaklama"
"home.248","Homepage","/","Sezon planlayıcı","","Construction","İnşaat"
"home.249","Homepage","/","Sezon planlayıcı","","Factory & manufacturing","Fabrika ve üretim"
"home.250","Homepage","/","Sezon planlayıcı","","Greenhouse and harvest crews are needed from September. Contracts signed in June and July arrive in time; August starts are already tight.","Sera ve hasat ekiplerine eylül ayından itibaren ihtiyaç duyulur. Haziran ve temmuzda imzalanan sözleşmeler zamanında yetişir; ağustosta imzalayanlar için süre dardır."
"home.251","Homepage","/","Sezon planlayıcı","","Season opens in April. Hotels that sign in January have staff trained before the first guests — March signings usually miss opening week.","Sezon nisanda açılır. Ocakta imzalayan oteller ilk misafirler gelmeden personelini eğitmiş olur; martta imzalayanlar genellikle açılış haftasına yetişemez."
"home.252","Homepage","/","Sezon planlayıcı","","Work restarts in March once the weather turns. December and January signings put crews on site for the first dry weeks.","Şantiyeler hava düzelince martta yeniden hareketlenir. Aralık ve ocakta imzalanan sözleşmeler, ekipleri ilk kuru haftalarda sahada olacak şekilde hazırlar."
"home.253","Homepage","/","Sezon planlayıcı","yes","Demand runs all year, so there is no rush month — but permit time is the same 45 days whenever you file.","Talep yıl boyunca sürdüğü için beklenecek bir sezon yoktur — ancak başvuru ne zaman yapılırsa yapılsın izin süresi yine 45 gündür."
"home.254","Homepage","/","Süreç ve zaman çizelgesi","","Workforce Recruitment","İş gücü temini"
"home.255","Homepage","/","Süreç ve zaman çizelgesi","","Work Permit Processing","Çalışma izni süreci"
"home.256","Homepage","/","Süreç ve zaman çizelgesi","","Arrival & Deployment","Varış ve yerleşim"
"home.257","Homepage","/","Süreç ve zaman çizelgesi","","Cost Transparency","Maliyet şeffaflığı"
"home.258","Homepage","/","Süreç ve zaman çizelgesi","","Sourcing and vetting from 13 countries — matched to your sector, skill level and headcount, by our own representatives.","13 ülkeden tedarik ve kontrol — sektörünüze, nitelik seviyesine ve kişi sayısına göre, JobsAdmire temsilcileri tarafından."
"home.259","Homepage","/","Süreç ve zaman çizelgesi","yes","Every permit filed and tracked to approval under law No. 4904 — no paperwork on your side, 45 days on average.","Her izin başvurusu 4904 sayılı kanun kapsamında yapılır ve onaya kadar takip edilir — sizin tarafınızda evrak işi yok, ortalama 45 gün."
"home.260","Homepage","/","Süreç ve zaman çizelgesi","","Travel, onboarding and follow-up support — workers start on schedule, from day one.","Seyahat, işe uyum ve takip desteği — işçiler ilk günden itibaren planlandığı gibi başlar."
"home.261","Homepage","/","Süreç ve zaman çizelgesi","yes","Salary floors, SGK and permit fees — the real 2026 monthly figure before you commit.","Maaş tabanları, SGK ve izin harçları — taahhütten önce gerçek 2026 aylık tutarı."
"home.262","Homepage","/","Blog ve rehberler","","Market News","Piyasa haberleri"
"home.263","Homepage","/","Blog ve rehberler","","Work Permits","Çalışma izinleri"
"home.264","Homepage","/","Blog ve rehberler","","Compliance","Mevzuat"
"home.265","Homepage","/","Blog ve rehberler","","Recruitment","İşe alım"
"home.266","Homepage","/","Blog ve rehberler","yes","Turkey's 2026 minimum wage: what it means for hiring costs","Türkiye'de 2026 asgari ücreti: işe alım maliyetleri için ne anlama geliyor"
"home.267","Homepage","/","Blog ve rehberler","","New wage floor, new permit salary thresholds — and what changes for your budget.","Yeni ücret tabanı, yeni izin maaş eşikleri — ve bütçeniz için değişenler."
"home.268","Homepage","/","Blog ve rehberler","","Work permit rejection reasons — and how to avoid them","Çalışma izni ret nedenleri ve bunlardan nasıl kaçınılır?"
"home.269","Homepage","/","Blog ve rehberler","","The 7 most common rejection reasons, and how we file to avoid every one.","En sık görülen 7 ret sebebi ve JobsAdmire'ın başvuruları bunlardan kaçınacak şekilde nasıl hazırladığı."
"home.270","Homepage","/","Blog ve rehberler","yes","SGK registration for foreign workers: employer obligations","Yabancı işçiler için SGK kaydı: işveren yükümlülükleri"
"home.271","Homepage","/","Blog ve rehberler","yes","Social security registration, premiums and the deadlines that carry fines.","Sosyal güvenlik kaydı, primler ve cezaya tabi süreler."
"home.272","Homepage","/","Sezon planlayıcı","","Hotel & resort staffing: preparing for the 2026 tourism season","Otel ve tatil köyü personeli: 2026 turizm sezonuna hazırlık"
"home.273","Homepage","/","Blog ve rehberler","","Antalya's hotels start recruiting in autumn — here is the season timeline.","Antalya'daki oteller işe alıma sonbaharda başlar — sezon takvimi burada."
"home.274","Homepage","/","Blog ve rehberler","","Hiring from Pakistan: what Turkish employers should know","Pakistan'dan işe alım: Türk işverenlerin bilmesi gerekenler"
"home.275","Homepage","/","Adaylar","","Work permit approved — TIG welder","Çalışma izni onaylandı — TIG kaynakçısı"
"home.276","Homepage","/","Adaylar","","6 greenhouse workers deployed","6 sera işçisi işe başladı"
"home.277","Homepage","/","Onay panosu","","3 industrial seamstresses placed","3 endüstriyel dikiş makinesi operatörü yerleştirildi"
"home.278","Homepage","/","Onay panosu","","Farm crew of 8 arrived","Hayvancılık sektöründe görev alacak 8 çalışan Türkiye’ye ulaştı."
"home.279","Homepage","/","Onay panosu","","2h ago","2 saat önce"
"home.280","Homepage","/","Onay panosu","yes","Karachi → Antalya · metal industry · 41 days","Karaçi → Antalya · metal sanayi · 41 gün"
"home.281","Homepage","/","Adaylar","","Group permit approved — 12 greenhouse workers","Grup izni onaylandı — 12 sera işçisi"
"home.282","Homepage","/","Sezon planlayıcı","","Tashkent → Demre · agriculture · group permit","Taşkent → Demre · tarım · grup izni"
"home.283","Homepage","/","Adaylar","","Housekeeping team of 4 started","4 kişilik kat hizmetleri ekibi işe başladı"
"home.284","Homepage","/","Adaylar","","Kathmandu → Belek · 5-star resort · ready before the season","Katmandu → Belek · 5 yıldızlı tesis · sezon öncesi hazır"
"home.285","Homepage","/","Adaylar","","Work permit approved — CNC operator","Çalışma izni onaylandı — CNC operatörü"
"home.286","Homepage","/","Onay panosu","yes","Lahore → İzmir · machining · 39 days","Lahor → İzmir · talaşlı imalat · 39 gün"
"home.287","Homepage","/","Onay panosu","","Samarkand → Denizli · textile · direct contract","Semerkant → Denizli · tekstil · doğrudan sözleşme"
"home.288","Homepage","/","Onay panosu","","Bishkek → Konya · dairy & livestock · housing provided on site","Bişkek → Konya · Süt ve hayvancılık sektörü · Konaklama imkânı mevcut."
"home.289","Homepage","/","Onay panosu","","yesterday","dün"
"home.290","Homepage","/","Blog ve rehberler","","5 min read","5 dk okuma"
"home.291","Homepage","/","Blog ve rehberler","","6 min read","6 dk okuma"
"home.292","Homepage","/","Blog ve rehberler","","4 min read","4 dk okuma"
"home.293","Homepage","/","Blog ve rehberler","","7 min read","7 dk okuma"
"home.294","Homepage","/","SSS","","How long until a worker actually starts?","Bir çalışan ne kadar sürede işe başlayabilir?"
"home.295","Homepage","/","SSS","yes","About 45 days on average from signed contract to work-permit approval, plus 1–2 weeks for travel and arrival. Urgent seasonal cases can move faster — we give you the real timeline before you sign.","İmzalı sözleşmeden çalışma izni onayına kadar ortalama 45 gün, seyahat ve varış için ek olarak 1–2 hafta. Acil sezon taleplerinde süre kısalabilir — JobsAdmire, taahhütten önce gerçekçi takvimi paylaşır."
"home.296","Homepage","/","SSS","","Do we have to handle any paperwork?","Evrak işlerini biz mi takip etmek zorundayız?"
"home.297","Homepage","/","SSS","yes","No. We file and track every application under law No. 4904 — permit, contract, SGK registration and arrival formalities. Your side is three steps: share the requirement, approve the shortlist, sign the contract.","Hayır. Her başvuru 4904 sayılı kanun kapsamında JobsAdmire tarafından yapılır ve takip edilir — izin, sözleşme, SGK kaydı ve varış formaliteleri. Sizden beklenen üç adım: ihtiyacınızı paylaşın, kısa listeyi onaylayın, sözleşmeyi imzalayın."
"home.298","Homepage","/","SSS","","What does a worker really cost per month?","Bir işçi aylık olarak gerçekte ne kadara geliyor?"
"home.299","Homepage","/","SSS","yes","At 2026 minimum wage roughly ₺38,944 per worker per month including SGK and the standard discount, plus one-time permit and flight costs. Skilled roles carry a higher legal salary floor — the calculator on this site shows your exact case.","2026 asgari ücretiyle, SGK ve standart indirim dahil işçi başına aylık yaklaşık 38.944 ₺, ayrıca tek seferlik izin ve uçuş maliyetleri. Nitelikli pozisyonlarda yasal maaş tabanı daha yüksektir — sitedeki hesaplama sizin durumunuzu gösterir."
"home.300","Homepage","/","SSS","","What if a worker leaves or doesn't fit?","İşçi ayrılırsa ya da uyum sağlamazsa ne olur?"
"home.301","Homepage","/","SSS","yes","Every candidate is interviewed and document-checked by our own representative before you see the profile. If a placement fails in the agreed guarantee period, we replace the worker — the terms are written into your contract, not promised verbally.","Her aday, siz profili görmeden önce JobsAdmire temsilcisi tarafından görüşülür ve belgeleri kontrol edilir. Yerleştirme, sözleşmede belirlenen garanti süresi içinde sonuç vermezse işçi değiştirilir — şartlar sözlü değil, sözleşmenizde yazılıdır."
"home.302","Homepage","/","SSS","","Does the worker pay any fee?","İşçiden herhangi bir ücret alınıyor mu?"
"home.303","Homepage","/","SSS","yes","Never. Job seekers are never charged a fee (law No. 4904). Anyone asking a worker for money is not working for us — check their JA- ID on the public register and report them to us.","Asla. İş arayanlardan hiçbir ücret alınmaz (4904 sayılı kanun). İşçiden para isteyen kişi JobsAdmire adına çalışmıyordur — JA- kimlik numarasını kamuya açık kayıttan doğrulayın ve durumu bize bildirin."
"home.304","Homepage","/","SSS","","Which sectors and countries do you cover?","Hangi sektörlerde ve hangi ülkelerde çalışıyorsunuz?"
"home.305","Homepage","/","SSS","","Factory and manufacturing, agriculture, tourism and hospitality, and construction — sourcing from 13 countries including Pakistan, Uzbekistan, Nepal, India, Kyrgyzstan and the Philippines.","Fabrika ve üretim, tarım, turizm ve konaklama ile inşaat — Pakistan, Özbekistan, Nepal, Hindistan, Kırgızistan ve Filipinler dahil 13 ülkeden işçi temin edilir."
"hire.001","Hire Workers","/hire-workers","Menü ve genel etiketler","","About Us","Hakkımızda"
"hire.002","Hire Workers","/hire-workers","Menü ve genel etiketler","","Hire Workers","İşçi Talebi"
"hire.003","Hire Workers","/hire-workers","Menü ve genel etiketler","","Candidates","Adaylar"
"hire.004","Hire Workers","/hire-workers","Menü ve genel etiketler","yes","Work Permits","Çalışma İzinleri"
"hire.005","Hire Workers","/hire-workers","Menü ve genel etiketler","","Cost Calculator","Maliyet Hesaplama"
"hire.006","Hire Workers","/hire-workers","Menü ve genel etiketler","","Hiring Cost Calculator","İşçi Maliyet Hesaplama"
"hire.007","Hire Workers","/hire-workers","Menü ve genel etiketler","","Success Stories","Başarı Hikayeleri"
"hire.008","Hire Workers","/hire-workers","Menü ve genel etiketler","","Contact Us","İletişim"
"hire.009","Hire Workers","/hire-workers","Menü ve genel etiketler","","Partner With Us","İş Ortağı Olun"
"hire.010","Hire Workers","/hire-workers","Menü ve genel etiketler","","Join Our Team","Ekibimize Katılın"
"hire.011","Hire Workers","/hire-workers","Menü ve genel etiketler","","Blog & Guides","Blog ve Rehberler"
"hire.012","Hire Workers","/hire-workers","Menü ve genel etiketler","","Blog","Rehberler"
"hire.013","Hire Workers","/hire-workers","Menü ve genel etiketler","","Verify a Representative","Temsilci Doğrulama"
"hire.014","Hire Workers","/hire-workers","Menü ve genel etiketler","","CRM Login","CRM Girişi"
"hire.015","Hire Workers","/hire-workers","Menü ve genel etiketler","","Available Workers","Mevcut Adaylar"
"hire.016","Hire Workers","/hire-workers","Menü ve genel etiketler","","Request","Talep"
"hire.017","Hire Workers","/hire-workers","Menü ve genel etiketler","","Workers","Oluştur"
"hire.018","Hire Workers","/hire-workers","Menü ve genel etiketler","","Language","Dil"
"hire.019","Hire Workers","/hire-workers","Menü ve genel etiketler","yes","İŞKUR Licensed · Permit No. 1730","Özel İstihdam Bürosu · İzin Belgesi No: 1730"
"hire.020","Hire Workers","/hire-workers","Menü ve genel etiketler","","Home","Ana Sayfa"
"hire.021","Hire Workers","/hire-workers","Hero bölümü","","Hire verified overseas","Türkiye'de"
"hire.022","Hire Workers","/hire-workers","Hero bölümü","","workers","belgeli yabancı işçi"
"hire.023","Hire Workers","/hire-workers","Hero bölümü","","in Turkey","istihdam edin"
"hire.024","Hire Workers","/hire-workers","Hero bölümü","yes","Skilled workers from 13+ countries, vetted by our own teams, with every work permit filed and tracked by us —","13+ ülkeden nitelikli işçiler, JobsAdmire ekipleri tarafından yerinde değerlendirilir; her çalışma izni başvurusunu biz yapar ve takip ederiz —"
"hire.025","Hire Workers","/hire-workers","Hero bölümü","yes","on your site in six to eight weeks.","6–8 hafta içinde işyerinizde."
"hire.026","Hire Workers","/hire-workers","Hero bölümü","yes","Vetted workers from 13+ countries, permits filed by us —","13+ ülkeden kontrol edilmiş işçiler, izinleri biz alırız —"
"hire.027","Hire Workers","/hire-workers","Hero bölümü","yes","on site in six to eight weeks.","6–8 hafta içinde işyerinizde."
"hire.028","Hire Workers","/hire-workers","Hero bölümü","yes","No upfront fee","Peşin ödeme yapmazsınız"
"hire.029","Hire Workers","/hire-workers","Hero bölümü","","— you pay after arrival","— ödemenizi çalışan işbaşı yaptıktan sonra gerçekleştirirsiniz"
"hire.030","Hire Workers","/hire-workers","Hero bölümü","yes","Replacement guarantee","Aday değişim güvencesi"
"hire.031","Hire Workers","/hire-workers","Hero bölümü","","in your contract","sözleşme şartlarına uygun olarak"
"hire.032","Hire Workers","/hire-workers","Hero bölümü","","Call us","Bizi arayın"
"hire.033","Hire Workers","/hire-workers","Hero bölümü","","Call","Arayın"
"hire.034","Hire Workers","/hire-workers","Hero bölümü","yes","İŞKUR Permit No. 1730","İŞKUR İzin Belgesi No: 1730"
"hire.035","Hire Workers","/hire-workers","Hero bölümü","","workers placed","yerleştirilen işçi"
"hire.036","Hire Workers","/hire-workers","Hero bölümü","","source countries","kaynak ülke"
"hire.037","Hire Workers","/hire-workers","Hero formu ve alan etiketleri","yes","Get your quote in 24 hours","Teklifinizi 24 saat içinde alın"
"hire.038","Hire Workers","/hire-workers","Hero formu ve alan etiketleri","","A few quick fields — we'll come back with a written proposal.","Birkaç bilgi yeterli — size özel teklifinizi hazırlayalım."
"hire.039","Hire Workers","/hire-workers","Hero formu ve alan etiketleri","yes","Tell us what you need — written proposal in 24 hours.","İhtiyacınızı yazın — 24 saat içinde yazılı teklif."
"hire.040","Hire Workers","/hire-workers","Hero formu ve alan etiketleri","","Request workers →","İşçi talep edin →"
"hire.041","Hire Workers","/hire-workers","Hero formu ve alan etiketleri","","Ask on WhatsApp","WhatsApp'tan sorun"
"hire.042","Hire Workers","/hire-workers","Hero formu ve alan etiketleri","yes","No upfront fee","Peşin ücret yok"
"hire.043","Hire Workers","/hire-workers","Hero formu ve alan etiketleri","yes","Reply in 4 working hours","Peşin ücret yok · 4 iş saati içinde geri dönüş · Bağlayıcı değil"
"hire.044","Hire Workers","/hire-workers","Hero formu ve alan etiketleri","","No obligation","Bağlayıcı değil"
"hire.045","Hire Workers","/hire-workers","Hero formu ve alan etiketleri","","Request sent","Talebiniz gönderildi"
"hire.046","Hire Workers","/hire-workers","Hero formu ve alan etiketleri","yes","We reply within 4 working hours.","4 iş saati içinde yanıt veriyoruz."
"hire.047","Hire Workers","/hire-workers","Hero formu ve alan etiketleri","","Company name","Firma adı"
"hire.048","Hire Workers","/hire-workers","Hero formu ve alan etiketleri","","City in Turkey","Hangi şehirde?"
"hire.049","Hire Workers","/hire-workers","Hero formu ve alan etiketleri","","Roles needed (e.g. welder, picker)","İhtiyaç duyulan pozisyonlar (örn. kaynakçı, toplayıcı)"
"hire.050","Hire Workers","/hire-workers","Hero formu ve alan etiketleri","","How many?","Kaç kişi?"
"hire.051","Hire Workers","/hire-workers","Hero formu ve alan etiketleri","","Phone / WhatsApp","Telefon / WhatsApp"
"hire.052","Hire Workers","/hire-workers","Hero formu ve alan etiketleri","","Work email","Kurumsal e-posta"
"hire.053","Hire Workers","/hire-workers","Hero formu ve alan etiketleri","","Contact person","İletişim kişisi"
"hire.054","Hire Workers","/hire-workers","Hero formu ve alan etiketleri","","Industry","Sektör"
"hire.055","Hire Workers","/hire-workers","Hero formu ve alan etiketleri","","Roles needed (e.g. welder)","İhtiyaç duyulan pozisyonlar (örn. kaynakçı)"
"hire.056","Hire Workers","/hire-workers","Hero formu ve alan etiketleri","","Number of workers","İşçi sayısı"
"hire.057","Hire Workers","/hire-workers","Hero formu ve alan etiketleri","","City / location in Turkey","Şehir / lokasyon (Türkiye)"
"hire.058","Hire Workers","/hire-workers","Hero formu ve alan etiketleri","","When do you need them?","Ne zaman ihtiyacınız var?"
"hire.059","Hire Workers","/hire-workers","Hero formu ve alan etiketleri","","As soon as possible","En kısa sürede"
"hire.060","Hire Workers","/hire-workers","Hero formu ve alan etiketleri","","Within 1–2 months","1–2 ay içinde"
"hire.061","Hire Workers","/hire-workers","Hero formu ve alan etiketleri","","In 3+ months","3+ ay içinde"
"hire.062","Hire Workers","/hire-workers","Hero formu ve alan etiketleri","","Just planning","Henüz planlama aşamasında"
"hire.063","Hire Workers","/hire-workers","Hero formu ve alan etiketleri","","Request Workers →","İşçi talep edin →"
"hire.064","Hire Workers","/hire-workers","Hero formu ve alan etiketleri","","By sending you agree we may process these details to prepare your quote — see our","Gönderdiğinizde, teklifinizi hazırlamak için bu bilgileri işleyebileceğimizi kabul etmiş olursunuz —"
"hire.065","Hire Workers","/hire-workers","Hero formu ve alan etiketleri","yes","Privacy Notice (KVKK)","Gizlilik Aydınlatma Metni (KVKK)"
"hire.066","Hire Workers","/hire-workers","Hero formu ve alan etiketleri","","Need to give more detail? Full request form ↓","Daha fazla detay vermek ister misiniz? Ayrıntılı talep formu ↓"
"hire.067","Hire Workers","/hire-workers","Hızlı menü ve sabit çağrı","","Industries","Sektörler"
"hire.068","Hire Workers","/hire-workers","Hızlı menü ve sabit çağrı","","Why us","Neden biz"
"hire.069","Hire Workers","/hire-workers","Hızlı menü ve sabit çağrı","","Process","Süreç"
"hire.070","Hire Workers","/hire-workers","Hızlı menü ve sabit çağrı","","FAQ","SSS"
"hire.071","Hire Workers","/hire-workers","Hızlı menü ve sabit çağrı","","Request workers","İşçi talep edin"
"hire.072","Hire Workers","/hire-workers","Hızlı menü ve sabit çağrı","yes","Need workers? Tell us the roles — written quote within 24 hours.","İşçiye mi ihtiyacınız var? Pozisyonları yazın — 24 saat içinde yazılı teklif."
"hire.073","Hire Workers","/hire-workers","Hızlı menü ve sabit çağrı","","employer partners across Turkey","Türkiye genelinde işveren iş ortağımız"
"hire.074","Hire Workers","/hire-workers","Sektörler ve pozisyonlar","","Industries we staff","İşçi temin ettiğimiz sektörler"
"hire.075","Hire Workers","/hire-workers","Sektörler ve pozisyonlar","","From single roles to full production teams — these are the sectors we place workers in every month.","Tek bir pozisyondan tam üretim ekiplerine kadar — her ay işçi yerleştirdiğimiz sektörler."
"hire.076","Hire Workers","/hire-workers","Sektörler ve pozisyonlar","","Factory / Manufacturing","Fabrika / Üretim"
"hire.077","Hire Workers","/hire-workers","Sektörler ve pozisyonlar","","Construction","İnşaat"
"hire.078","Hire Workers","/hire-workers","Sektörler ve pozisyonlar","","Tourism / Hospitality","Turizm / Konaklama"
"hire.079","Hire Workers","/hire-workers","Sektörler ve pozisyonlar","","Agriculture","Tarım"
"hire.080","Hire Workers","/hire-workers","Sektörler ve pozisyonlar","","Textile","Tekstil"
"hire.081","Hire Workers","/hire-workers","Sektörler ve pozisyonlar","","Logistics / Warehouse","Lojistik / Depo"
"hire.082","Hire Workers","/hire-workers","Sektörler ve pozisyonlar","","Other","Diğer"
"hire.083","Hire Workers","/hire-workers","Sektörler ve pozisyonlar","","Most requested · Production line & skilled trades","En çok talep edilen · Üretim hattı ve nitelikli meslekler"
"hire.084","Hire Workers","/hire-workers","Sektörler ve pozisyonlar","","Site crews & skilled tradesmen for any project size","Her ölçekte proje için saha ekipleri ve nitelikli ustalar"
"hire.085","Hire Workers","/hire-workers","Sektörler ve pozisyonlar","","Hotel & restaurant staff for Antalya and beyond","Antalya ve Türkiye genelinde otel ve restoran personeli"
"hire.086","Hire Workers","/hire-workers","Sektörler ve pozisyonlar","","Seasonal & year-round farm workforce","Sezonluk ve yıl boyu tarım iş gücü"
"hire.087","Hire Workers","/hire-workers","Sektörler ve pozisyonlar","","Experienced garment workers for producers","Üreticiler için deneyimli konfeksiyon işçileri"
"hire.088","Hire Workers","/hire-workers","Sektörler ve pozisyonlar","","Warehouse & distribution staff who keep goods moving","Sevkiyatı aksatmayan depo ve dağıtım personeli"
"hire.089","Hire Workers","/hire-workers","Sektörler ve pozisyonlar","","Machine operator","Makine operatörü"
"hire.090","Hire Workers","/hire-workers","Sektörler ve pozisyonlar","","Welder","Kaynakçı"
"hire.091","Hire Workers","/hire-workers","Sektörler ve pozisyonlar","","Assembler","Montaj işçisi"
"hire.092","Hire Workers","/hire-workers","Sektörler ve pozisyonlar","","Packer","Paketleme işçisi"
"hire.093","Hire Workers","/hire-workers","Sektörler ve pozisyonlar","","CNC operator","CNC operatörü"
"hire.094","Hire Workers","/hire-workers","Sektörler ve pozisyonlar","","Maintenance technician","Bakım teknisyeni"
"hire.095","Hire Workers","/hire-workers","Sektörler ve pozisyonlar","","Quality inspector","Kalite kontrol elemanı"
"hire.096","Hire Workers","/hire-workers","Sektörler ve pozisyonlar","","Production helper","Üretim yardımcısı"
"hire.097","Hire Workers","/hire-workers","Sektörler ve pozisyonlar","","Mason","Duvar ustası"
"hire.098","Hire Workers","/hire-workers","Sektörler ve pozisyonlar","","Steel fixer","Demir bağlama ustası"
"hire.099","Hire Workers","/hire-workers","Sektörler ve pozisyonlar","","Electrician","Elektrikçi"
"hire.100","Hire Workers","/hire-workers","Sektörler ve pozisyonlar","","Plumber","Tesisatçı"
"hire.101","Hire Workers","/hire-workers","Sektörler ve pozisyonlar","","Painter","Boyacı"
"hire.102","Hire Workers","/hire-workers","Sektörler ve pozisyonlar","","Carpenter","Marangoz"
"hire.103","Hire Workers","/hire-workers","Sektörler ve pozisyonlar","","Tiler","Fayans ustası"
"hire.104","Hire Workers","/hire-workers","Sektörler ve pozisyonlar","","Heavy equipment operator","İş makinesi operatörü"
"hire.105","Hire Workers","/hire-workers","Sektörler ve pozisyonlar","","Chef","Aşçı"
"hire.106","Hire Workers","/hire-workers","Sektörler ve pozisyonlar","","Housekeeping","Kat hizmetleri"
"hire.107","Hire Workers","/hire-workers","Sektörler ve pozisyonlar","","Waiter","Garson"
"hire.108","Hire Workers","/hire-workers","Sektörler ve pozisyonlar","","Receptionist","Ön büro görevlisi"
"hire.109","Hire Workers","/hire-workers","Sektörler ve pozisyonlar","","Kitchen helper","Mutfak yardımcısı"
"hire.110","Hire Workers","/hire-workers","Sektörler ve pozisyonlar","","Barista","Barista"
"hire.111","Hire Workers","/hire-workers","Sektörler ve pozisyonlar","","Cleaning staff","Temizlik personeli"
"hire.112","Hire Workers","/hire-workers","Sektörler ve pozisyonlar","","Greenhouse worker","Sera işçisi"
"hire.113","Hire Workers","/hire-workers","Sektörler ve pozisyonlar","","Harvest crew","Hasat ekibi"
"hire.114","Hire Workers","/hire-workers","Sektörler ve pozisyonlar","","Livestock","Hayvan bakıcısı"
"hire.115","Hire Workers","/hire-workers","Sektörler ve pozisyonlar","","Irrigation worker","Sulama işçisi"
"hire.116","Hire Workers","/hire-workers","Sektörler ve pozisyonlar","","Tractor operator","Traktör operatörü"
"hire.117","Hire Workers","/hire-workers","Sektörler ve pozisyonlar","","Packing house worker","Paketleme tesisi işçisi"
"hire.118","Hire Workers","/hire-workers","Sektörler ve pozisyonlar","","Sewing operator","Dikiş makinesi operatörü"
"hire.119","Hire Workers","/hire-workers","Sektörler ve pozisyonlar","","Cutter","Kesim ustası"
"hire.120","Hire Workers","/hire-workers","Sektörler ve pozisyonlar","","Quality control","Kalite kontrol elemanı"
"hire.121","Hire Workers","/hire-workers","Sektörler ve pozisyonlar","","Ironing & pressing","Ütü ve pres işçisi"
"hire.122","Hire Workers","/hire-workers","Sektörler ve pozisyonlar","","Fabric cutter helper","Kesim yardımcısı"
"hire.123","Hire Workers","/hire-workers","Sektörler ve pozisyonlar","","Packing","Paketlemeci"
"hire.124","Hire Workers","/hire-workers","Sektörler ve pozisyonlar","","Forklift operator","Forklift operatörü"
"hire.125","Hire Workers","/hire-workers","Sektörler ve pozisyonlar","","Loader","Yükleme işçisi"
"hire.126","Hire Workers","/hire-workers","Sektörler ve pozisyonlar","","Warehouse worker","Depo işçisi"
"hire.127","Hire Workers","/hire-workers","Sektörler ve pozisyonlar","","Order picker","Sipariş toplama personeli"
"hire.128","Hire Workers","/hire-workers","Sektörler ve pozisyonlar","","Inventory clerk","Stok görevlisi"
"hire.129","Hire Workers","/hire-workers","Sektörler ve pozisyonlar","","Driver helper","Şoför yardımcısı"
"hire.130","Hire Workers","/hire-workers","Sektörler ve pozisyonlar","","Request Factory workers →","Fabrika işçisi talep edin →"
"hire.131","Hire Workers","/hire-workers","Sektörler ve pozisyonlar","","Request Construction workers →","İnşaat işçisi talep edin →"
"hire.132","Hire Workers","/hire-workers","Sektörler ve pozisyonlar","","Request Hospitality workers →","Konaklama personeli talep edin →"
"hire.133","Hire Workers","/hire-workers","Sektörler ve pozisyonlar","","Request Agriculture workers →","Tarım işçisi talep edin →"
"hire.134","Hire Workers","/hire-workers","Sektörler ve pozisyonlar","","Request Textile workers →","Tekstil işçisi talep edin →"
"hire.135","Hire Workers","/hire-workers","Sektörler ve pozisyonlar","","Request Logistics workers →","Lojistik personeli talep edin →"
"hire.136","Hire Workers","/hire-workers","Sektörler ve pozisyonlar","","More roles we place","Temin ettiğimiz diğer pozisyonlar"
"hire.137","Hire Workers","/hire-workers","Sektörler ve pozisyonlar","yes","Arrival in 6–8 weeks · Replacement guarantee","6–8 haftada işbaşı · Aday değişim güvencesi"
"hire.138","Hire Workers","/hire-workers","Sektörler ve pozisyonlar","","Don't see your sector?","Sektörünüzü göremediniz mi?"
"hire.139","Hire Workers","/hire-workers","Sektörler ve pozisyonlar","","Tell us what you need →","İhtiyacınızı bize yazın →"
"hire.140","Hire Workers","/hire-workers","Kaynak ülkeler","","Source countries","Kaynak ülkeler"
"hire.141","Hire Workers","/hire-workers","Kaynak ülkeler","","Vetted talent from",""
"hire.142","Hire Workers","/hire-workers","Kaynak ülkeler","","+ countries","+ ülkeden"
"hire.143","Hire Workers","/hire-workers","Kaynak ülkeler","","Our sourcing teams and partner agents screen candidates on the ground — skills, experience and documents verified before you ever see a profile.","Tedarik ekiplerimiz ve iş ortağı acenteler adayları kendi ülkelerinde değerlendirir — nitelikleri, deneyimi ve belgeleri, siz profili görmeden önce kontrol edilir."
"hire.144","Hire Workers","/hire-workers","Kaynak ülkeler","","Our own teams, in every country","Her ülkede kendi ekibimiz"
"hire.145","Hire Workers","/hire-workers","Kaynak ülkeler","","Antalya, Türkiye for employers · Karachi, Pakistan for sourcing · our own representative in every source country — no unknown middlemen in between.","İşverenler için Antalya · Tedarik için Karaçi · her kaynak ülkede kendi temsilcimiz — arada tanımadığınız aracı yok."
"hire.146","Hire Workers","/hire-workers","Karşılaştırma","","Hiring abroad yourself vs. hiring with us","Yurt dışından kendiniz işe almak mı, JobsAdmire ile çalışmak mı?"
"hire.147","Hire Workers","/hire-workers","Karşılaştırma","","The same team, two very different routes.","Aynı ekip, birbirinden çok farklı iki yol."
"hire.148","Hire Workers","/hire-workers","Karşılaştırma","","On your own","Kendi başınıza"
"hire.149","Hire Workers","/hire-workers","Karşılaştırma","","With JobsAdmire","JobsAdmire ile"
"hire.150","Hire Workers","/hire-workers","Karşılaştırma","","3–6 months to fill a role","Bir pozisyonu doldurmak 3–6 ay"
"hire.151","Hire Workers","/hire-workers","Karşılaştırma","","Local ads, agencies, repeat interviews — and often no result.","Yerel ilanlar, acenteler, tekrarlanan görüşmeler — ve genellikle sonuç yok."
"hire.152","Hire Workers","/hire-workers","Karşılaştırma","yes","Permit paperwork on your HR team","İzin evrakı İK ekibinizin üzerinde"
"hire.153","Hire Workers","/hire-workers","Karşılaştırma","","Filings, translations, notary runs and follow-ups for every worker.","Her işçi için başvuru, tercüme, noter işlemleri ve takip."
"hire.154","Hire Workers","/hire-workers","Karşılaştırma","","Unverified candidates","Doğrulanmamış adaylar"
"hire.155","Hire Workers","/hire-workers","Karşılaştırma","","Skills and documents taken on trust — problems appear after arrival.","Nitelik ve belgeler güvene dayalı — sorunlar işçi geldikten sonra çıkar."
"hire.156","Hire Workers","/hire-workers","Karşılaştırma","","Compliance risk is yours","Mevzuat riski size ait"
"hire.157","Hire Workers","/hire-workers","Karşılaştırma","","A rejected or late filing means fines and a delayed start date.","Reddedilen ya da geciken başvuru, idari para cezası ve işe başlamanın gecikmesi anlamına gelir."
"hire.158","Hire Workers","/hire-workers","Karşılaştırma","","Worker leaves — start again","İşçi ayrılırsa süreç yeniden başlar"
"hire.159","Hire Workers","/hire-workers","Karşılaştırma","","Costs already spent, vacancy open again from day one.","Harcanan maliyet gider, pozisyon ilk günden yeniden açılır."
"hire.160","Hire Workers","/hire-workers","Karşılaştırma","yes","6–8 weeks to first working day","İlk iş gününe 6–8 hafta"
"hire.161","Hire Workers","/hire-workers","Karşılaştırma","yes","Shortlist within 24 hours, permits filed in parallel.","24 saat içinde kısa liste, izin başvuruları paralel yürür."
"hire.162","Hire Workers","/hire-workers","Karşılaştırma","yes","We file every permit","Her çalışma iznini biz alırız"
"hire.163","Hire Workers","/hire-workers","Karşılaştırma","yes","İŞKUR-licensed (Permit No. 1730), under Turkish law No. 4904.","İŞKUR izinli özel istihdam bürosu (İzin Belgesi No: 1730), 4904 sayılı kanun kapsamında."
"hire.164","Hire Workers","/hire-workers","Karşılaştırma","","Skills and documents verified","Nitelikler ve belgeler doğrulanır"
"hire.165","Hire Workers","/hire-workers","Karşılaştırma","","Trade tests, references and papers checked by our own teams.","Meslek testleri, referanslar ve evraklar kendi ekiplerimizce kontrol edilir."
"hire.166","Hire Workers","/hire-workers","Karşılaştırma","","Compliance handled end to end","Mevzuat uyumu uçtan uca bizde"
"hire.167","Hire Workers","/hire-workers","Karşılaştırma","","Correct files, tracked deadlines — workers are never charged a fee.","Doğru dosyalar, takip edilen süreler — işçiden hiçbir ücret alınmaz."
"hire.168","Hire Workers","/hire-workers","Karşılaştırma","yes","Replacement guarantee in writing","Yazılı yerine koyma garantisi"
"hire.169","Hire Workers","/hire-workers","Karşılaştırma","","If a worker leaves, we source and place a replacement.","Bir işçi ayrılırsa yerine yeni işçi bulup yerleştiririz."
"hire.170","Hire Workers","/hire-workers","Süreç adımları","","From request to","Talebinizden"
"hire.171","Hire Workers","/hire-workers","Süreç adımları","","first working day","ilk iş gününe"
"hire.172","Hire Workers","/hire-workers","Süreç adımları","","Every step tracked live on your portal dashboard — you always know where your workers are in the process.","Her adım portal panelinizden canlı takip edilir — işçilerinizin süreçte nerede olduğunu her zaman bilirsiniz."
"hire.173","Hire Workers","/hire-workers","Süreç adımları","yes","Typical total: 6–8 weeks","Tipik toplam süre: 6–8 hafta"
"hire.174","Hire Workers","/hire-workers","Süreç adımları","","New to hiring foreigners? Read our full","Yabancı çalıştırma sizin için yeni mi? Ayrıntılı"
"hire.175","Hire Workers","/hire-workers","Süreç adımları","yes","Work Permit guide","Çalışma İzni rehberimizi"
"hire.176","Hire Workers","/hire-workers","Süreç adımları","","— rules, the e-Muafiyet exemption and penalties, explained for employers.","okuyun — mevzuat, e-Muafiyet ve idari para cezaları, işverenler için anlatıldı."
"hire.177","Hire Workers","/hire-workers","Süreç adımları","yes","Want the numbers first? Work out salary, SGK, permit fees and flights in the","Maliyetleri önceden görmek ister misiniz? Maaş, SGK, izin ve uçuş maliyetlerini"
"hire.178","Hire Workers","/hire-workers","Süreç adımları","","hiring cost calculator","işçi maliyet hesaplama sayfasında"
"hire.179","Hire Workers","/hire-workers","Süreç adımları","",".","hesaplayın."
"hire.180","Hire Workers","/hire-workers","Portal tanıtımı","yes","Work permits approved — 12 of 15","Çalışma izinleri onaylandı — 15 başvurudan 12'si"
"hire.181","Hire Workers","/hire-workers","Portal tanıtımı","","Live status for every worker — web and mobile","Her işçi için canlı durum — web ve mobil"
"hire.182","Hire Workers","/hire-workers","Portal tanıtımı","","Your hiring dashboard","İşe alım paneliniz"
"hire.183","Hire Workers","/hire-workers","Portal tanıtımı","yes","Approve candidates and track permits — all on one portal","Adayları onaylayın, izinleri takip edin — hepsi tek portalda"
"hire.184","Hire Workers","/hire-workers","Portal tanıtımı","yes","No spreadsheets, no chasing updates by phone. Review AI-matched shortlists, sign contracts digitally and follow every permit in real time.","Excel tablosu yok, güncelleme için telefon trafiği yok. Yapay zeka destekli kısa listeleri inceleyin, sözleşmeleri dijital imzalayın ve her izni anlık takip edin."
"hire.185","Hire Workers","/hire-workers","Portal tanıtımı","","E-signature contracts — no printing, no courier","E-imzalı sözleşmeler — çıktı yok, kurye yok"
"hire.186","Hire Workers","/hire-workers","Portal tanıtımı","","Secure online payments with clear invoices","Açık faturalarla güvenli çevrim içi ödeme"
"hire.187","Hire Workers","/hire-workers","Portal tanıtımı","","AI matching","Yapay zeka eşleştirme"
"hire.188","Hire Workers","/hire-workers","Portal tanıtımı","yes","Your shortlist in 24 hours, not 3 weeks — and only pre-verified profiles ever reach you.","Kısa listeniz 3 haftada değil 24 saatte — ve size yalnızca önceden doğrulanmış profiller ulaşır."
"hire.189","Hire Workers","/hire-workers","Portal tanıtımı","","Mobile app","Mobil uygulama"
"hire.190","Hire Workers","/hire-workers","Portal tanıtımı","","Approve a candidate from your phone in 30 seconds — no laptop, no waiting until Monday.","Bir adayı telefonunuzdan 30 saniyede onaylayın — bilgisayar gerekmez, pazartesiyi beklemek gerekmez."
"hire.191","Hire Workers","/hire-workers","Portal tanıtımı","yes","470+ placements","470+ yerleştirme"
"hire.192","Hire Workers","/hire-workers","Portal tanıtımı","","managed through this portal by employers in Turkey",", Türkiye'deki işverenler tarafından bu portal üzerinden yönetildi"
"hire.193","Hire Workers","/hire-workers","Portal tanıtımı","","Book a demo →","Demo talep edin →"
"hire.194","Hire Workers","/hire-workers","Sık sorulan sorular","","FAQ","SSS"
"hire.195","Hire Workers","/hire-workers","Sık sorulan sorular","","Employer questions, answered","İşverenlerin sorduğu sorular"
"hire.196","Hire Workers","/hire-workers","Sık sorulan sorular","yes","Permits, costs, timelines and what happens if something goes wrong — the things HR teams ask us before the first intake.","İzinler, maliyetler, süreler ve bir aksilik olduğunda ne olduğu — İK ekiplerinin ilk alımdan önce bize sorduğu konular."
"hire.197","Hire Workers","/hire-workers","Sık sorulan sorular","","Question not listed?","Sorunuz listede yok mu?"
"hire.198","Hire Workers","/hire-workers","Sık sorulan sorular","yes","Message our team — we reply within 4 working hours.","Ekibimize yazın — 4 iş saati içinde yanıt veriyoruz."
"hire.199","Hire Workers","/hire-workers","Talep formu","yes","We reply within 4 working hours","4 iş saati içinde yanıt veriyoruz"
"hire.200","Hire Workers","/hire-workers","Talep formu","","Tell us who you need — we'll do the rest","Kime ihtiyacınız olduğunu söyleyin — gerisini biz yaparız"
"hire.201","Hire Workers","/hire-workers","Talep formu","yes","Fill the form and continue on WhatsApp — your requirement goes straight to our team, and you get a written proposal within 24 hours.","Formu doldurun ve WhatsApp'tan devam edin — talebiniz doğrudan ekibimize ulaşır ve 24 saat içinde yazılı teklif alırsınız."
"hire.202","Hire Workers","/hire-workers","Talep formu","","Submit the form","Formu gönderin"
"hire.203","Hire Workers","/hire-workers","Talep formu","","— it opens WhatsApp with your requirement pre-filled","— talebiniz hazır şekilde WhatsApp'ta açılır"
"hire.204","Hire Workers","/hire-workers","Talep formu","","Free consultation","Ücretsiz danışmanlık"
"hire.205","Hire Workers","/hire-workers","Talep formu","","— we confirm details and send your custom quote","— detayları teyit eder ve size özel teklifi göndeririz"
"hire.206","Hire Workers","/hire-workers","Talep formu","","Shortlist on your portal","Portalınızda kısa liste"
"hire.207","Hire Workers","/hire-workers","Talep formu","","— first candidates within days","— ilk adaylar günler içinde"
"hire.208","Hire Workers","/hire-workers","Talep formu","yes","No upfront fee — you pay only after arrival","Peşin ücret yok — ödemeyi yalnızca işçi geldikten sonra yaparsınız"
"hire.209","Hire Workers","/hire-workers","Talep formu","yes","İŞKUR-licensed, Permit No. 1730 — workers never pay a fee","İŞKUR izinli özel istihdam bürosu, İzin Belgesi No: 1730 — işçiden hiçbir ücret alınmaz"
"hire.210","Hire Workers","/hire-workers","Talep formu","yes","Your details stay confidential — never shared with third parties","Bilgileriniz gizli kalır — üçüncü taraflarla asla paylaşılmaz"
"hire.211","Hire Workers","/hire-workers","Talep formu","","Or reach us directly","Ya da doğrudan bize ulaşın"
"hire.212","Hire Workers","/hire-workers","Talep formu","","Call","Telefon"
"hire.213","Hire Workers","/hire-workers","Talep formu","","Email","E-posta"
"hire.214","Hire Workers","/hire-workers","Talep formu","","Request Workers","İşçi Talebi"
"hire.215","Hire Workers","/hire-workers","Talep formu","","Takes 1 minute — continues on WhatsApp.","1 dakika sürer — WhatsApp'tan devam eder."
"hire.216","Hire Workers","/hire-workers","Talep formu","","Send Request on WhatsApp →","Talebi WhatsApp'tan gönderin →"
"hire.217","Hire Workers","/hire-workers","Talep formu","","I agree that JobsAdmire may process the details above to prepare my quote, in line with the","Yukarıdaki bilgilerin teklifimi hazırlamak amacıyla JobsAdmire tarafından işlenmesini,"
"hire.218","Hire Workers","/hire-workers","Talep formu","",".","kapsamında kabul ediyorum."
"hire.219","Hire Workers","/hire-workers","Talep formu","","No obligation — quote and consultation are free.","Bağlayıcı değil — teklif ve danışmanlık ücretsizdir."
"hire.220","Hire Workers","/hire-workers","Hero formu ve alan etiketleri","yes","Where the process requires it, your details are shared only with our own representatives abroad — never with third parties. Full detail in the Privacy Notice.","Süreç gerektirdiğinde bilgileriniz yalnızca yurt dışındaki kendi temsilcilerimizle paylaşılır — üçüncü taraflarla asla paylaşılmaz. Ayrıntısı Gizlilik Aydınlatma Metni'nde."
"hire.221","Hire Workers","/hire-workers","Talep formu","","Don't use WhatsApp?","WhatsApp kullanmıyor musunuz?"
"hire.222","Hire Workers","/hire-workers","Talep formu","","Send this request by email","Bu talebi e-posta ile gönderin"
"hire.223","Hire Workers","/hire-workers","Alt bilgi ve görsel etiketleri","yes","Licensed workforce recruitment for employers in Turkey — overseas sourcing, vetting and work permits, end-to-end.","Türkiye'deki işverenler için lisanslı iş gücü temini — yurt dışından tedarik, kontrol ve çalışma izinleri, uçtan uca."
"hire.224","Hire Workers","/hire-workers","Alt bilgi ve görsel etiketleri","yes","İŞKUR Licensed · Permit No. 1730","Özel İstihdam Bürosu · İzin Belgesi No: 1730"
"hire.225","Hire Workers","/hire-workers","Alt bilgi ve görsel etiketleri","","For Employers","İşverenler için"
"hire.226","Hire Workers","/hire-workers","Alt bilgi ve görsel etiketleri","","Company","Kurumsal"
"hire.227","Hire Workers","/hire-workers","Alt bilgi ve görsel etiketleri","","Contact","İletişim"
"hire.228","Hire Workers","/hire-workers","Alt bilgi ve görsel etiketleri","","Get Our App","Uygulamamız"
"hire.229","Hire Workers","/hire-workers","Alt bilgi ve görsel etiketleri","","Telegram","Telegram"
"hire.230","Hire Workers","/hire-workers","Alt bilgi ve görsel etiketleri","","Antalya · Head office","Antalya · Merkez ofis"
"hire.231","Hire Workers","/hire-workers","Alt bilgi ve görsel etiketleri","","Karachi · Tech office","Karaçi · Teknoloji ofisi"
"hire.232","Hire Workers","/hire-workers","Alt bilgi ve görsel etiketleri","","Mon–Fri 09:00–18:00","Pzt–Cum 09:00–18:00"
"hire.233","Hire Workers","/hire-workers","Alt bilgi ve görsel etiketleri","","Mon–Sat 10:00–19:00 PKT","Pzt–Cmt 10:00–19:00 PKT"
"hire.234","Hire Workers","/hire-workers","Alt bilgi ve görsel etiketleri","","Karachi, Pakistan","Karaçi, Pakistan"
"hire.235","Hire Workers","/hire-workers","Alt bilgi ve görsel etiketleri","","Get directions","Yol tarifi alın"
"hire.236","Hire Workers","/hire-workers","Alt bilgi ve görsel etiketleri","","WhatsApp Us →","WhatsApp'tan yazın →"
"hire.237","Hire Workers","/hire-workers","Alt bilgi ve görsel etiketleri","","Workforce on the go","İş gücü her yerde yanınızda"
"hire.238","Hire Workers","/hire-workers","Alt bilgi ve görsel etiketleri","yes","Approve candidates, track permits & get instant updates.","Adayları onaylayın, izinleri takip edin ve anlık bildirim alın."
"hire.239","Hire Workers","/hire-workers","Menü ve genel etiketler","","Menu","Menü"
"hire.240","Hire Workers","/hire-workers","Alt bilgi ve görsel etiketleri","","Get it on Google Play","Google Play'den edinin"
"hire.241","Hire Workers","/hire-workers","Alt bilgi ve görsel etiketleri","","Download on the App Store","App Store'dan indirin"
"hire.242","Hire Workers","/hire-workers","Alt bilgi ve görsel etiketleri","","Hero photo — worksite, factory floor or arrival team","Kapak fotoğrafı — şantiye, üretim alanı veya karşılama ekibi"
"hire.243","Hire Workers","/hire-workers","Alt bilgi ve görsel etiketleri","","Portal — candidate shortlist screen","Portal — aday kısa liste ekranı"
"hire.244","Hire Workers","/hire-workers","Alt bilgi ve görsel etiketleri","","Mobile app screen","Mobil uygulama ekranı"
"hire.245","Hire Workers","/hire-workers","Alt bilgi ve görsel etiketleri","","Client logo","Müşteri logosu"
"hire.246","Hire Workers","/hire-workers","Alt bilgi ve görsel etiketleri","yes","İŞKUR permit No. 1730 · Job seekers are never charged a fee (law No. 4904) · Tax No: 48422122","İŞKUR İzin Belgesi No: 1730 · İş arayanlardan hiçbir ücret alınmaz (4904 sayılı kanun) · Vergi No: 48422122"
"hire.247","Hire Workers","/hire-workers","Alt bilgi ve görsel etiketleri","","Privacy","Gizlilik Politikası"
"hire.248","Hire Workers","/hire-workers","Alt bilgi ve görsel etiketleri","","Terms","Kullanım Şartları"
"hire.249","Hire Workers","/hire-workers","WhatsApp / e-posta mesajı ve SEO","","Hello JobsAdmire, I want to hire workers.","Merhaba JobsAdmire, işçi talebinde bulunmak istiyorum."
"hire.250","Hire Workers","/hire-workers","WhatsApp / e-posta mesajı ve SEO","","Hello JobsAdmire, I want a quote for hiring workers.","Merhaba JobsAdmire, işçi istihdamı için teklif almak istiyorum."
"hire.251","Hire Workers","/hire-workers","WhatsApp / e-posta mesajı ve SEO","","Hello JobsAdmire, I want a demo of your CRM portal.","Merhaba JobsAdmire, CRM portalınız için demo talep etmek istiyorum."
"hire.252","Hire Workers","/hire-workers","WhatsApp / e-posta mesajı ve SEO","","Hello JobsAdmire, I have a question about hiring workers.","Merhaba JobsAdmire, işçi istihdamı hakkında bir sorum var."
"hire.253","Hire Workers","/hire-workers","WhatsApp / e-posta mesajı ve SEO","","Worker request","İşçi talebi"
"hire.254","Hire Workers","/hire-workers","WhatsApp / e-posta mesajı ve SEO","","Company","Firma"
"hire.255","Hire Workers","/hire-workers","WhatsApp / e-posta mesajı ve SEO","","Contact","Firma Yetkilisi"
"hire.256","Hire Workers","/hire-workers","WhatsApp / e-posta mesajı ve SEO","","Email","E-posta"
"hire.257","Hire Workers","/hire-workers","WhatsApp / e-posta mesajı ve SEO","","Industry","Sektör"
"hire.258","Hire Workers","/hire-workers","WhatsApp / e-posta mesajı ve SEO","","Roles","Pozisyonlar"
"hire.259","Hire Workers","/hire-workers","WhatsApp / e-posta mesajı ve SEO","","Workers needed","İşçi sayısı"
"hire.260","Hire Workers","/hire-workers","WhatsApp / e-posta mesajı ve SEO","","Location","Lokasyon"
"hire.261","Hire Workers","/hire-workers","WhatsApp / e-posta mesajı ve SEO","","Timeline","Zamanlama"
"hire.262","Hire Workers","/hire-workers","WhatsApp / e-posta mesajı ve SEO","","City","Şehir"
"hire.263","Hire Workers","/hire-workers","WhatsApp / e-posta mesajı ve SEO","","Phone / WhatsApp","Telefon / WhatsApp"
"hire.264","Hire Workers","/hire-workers","Sayfa başlığı ve arama motoru metni","yes","Hire Verified Overseas Workers in Turkey | İŞKUR-Licensed | JobsAdmire","Türkiye'de belgeli yabancı işçi istihdamı | İŞKUR İzinli | JobsAdmire"
"hire.265","Hire Workers","/hire-workers","Sayfa başlığı ve arama motoru metni","yes","Hire skilled overseas workers in Turkey in 6–8 weeks. İŞKUR-licensed agency (Permit No. 1730) — we file every work permit, vet every candidate, and you pay no upfront fee. Written quote in 24 hours.","Türkiye'ye yurt dışından nitelikli işçi istihdamı, 6–8 haftada. İŞKUR izinli özel istihdam bürosu (İzin Belgesi No: 1730) — çalışma izni başvurularını biz yapar, her adayı biz doğrularız, peşin ücret ödemezsiniz. 24 saat içinde yazılı teklif."
"hire.266","Hire Workers","/hire-workers","Sayfa başlığı ve arama motoru metni","","Hire Verified Overseas Workers in Turkey | JobsAdmire","Türkiye'de belgeli yabancı işçi istihdamı | JobsAdmire"
"hire.267","Hire Workers","/hire-workers","Sayfa başlığı ve arama motoru metni","yes","Skilled workers from 13+ countries, vetted by our own teams, every work permit filed by us — on site in six to eight weeks. No upfront fee.","13+ ülkeden nitelikli işçiler, kendi ekiplerimizce kontrol edilir, çalışma izinlerini biz alırız — 6–8 haftada işyerinizde. Peşin ücret yok."
"hire.268","Hire Workers","/hire-workers","WhatsApp / e-posta mesajı ve SEO","yes","İŞKUR-licensed international recruitment agency placing verified overseas workers with employers in Turkey.","Türkiye'deki işverenlere belgeli yabancı işçi yerleştiren, İŞKUR izinli özel istihdam bürosu."
"hire.269","Hire Workers","/hire-workers","WhatsApp / e-posta mesajı ve SEO","yes","Overseas worker recruitment and work permit processing","Yurt dışından işçi temini ve çalışma izni süreç yönetimi"
"hire.270","Hire Workers","/hire-workers","WhatsApp / e-posta mesajı ve SEO","yes","No upfront fee — one agreed placement fee per worker, invoiced after arrival.","Peşin ücret yok — işçi başına tek bir anlaşmalı yerleştirme ücreti, varıştan sonra faturalanır."
"hire.271","Hire Workers","/hire-workers","Süreç adımları","","Day 0","Başlangıç"
"hire.272","Hire Workers","/hire-workers","Süreç adımları","","Share your requirement","İhtiyacınızı paylaşın"
"hire.273","Hire Workers","/hire-workers","Süreç adımları","yes","Industry, roles, headcount and location — via the form or WhatsApp. Free consultation and written quote within 24 hours.","Sektör, pozisyonlar, kişi sayısı ve lokasyon — form ya da WhatsApp üzerinden. Ücretsiz danışmanlık ve 24 saat içinde yazılı teklif."
"hire.274","Hire Workers","/hire-workers","Süreç adımları","","Days 2–7","2–7. gün"
"hire.275","Hire Workers","/hire-workers","Süreç adımları","","AI-matched shortlist","Yapay zeka destekli kısa liste"
"hire.276","Hire Workers","/hire-workers","Süreç adımları","","Vetted candidate profiles appear on your portal — CVs, skills and documents complete. You review and approve.","Doğrulanmış aday profilleri portalınızda görünür — CV, nitelikler ve belgeler eksiksiz. İnceleyip onaylarsınız."
"hire.277","Hire Workers","/hire-workers","Süreç adımları","","Week 1–2","1–2. hafta"
"hire.278","Hire Workers","/hire-workers","Süreç adımları","","Interviews & selection","Görüşmeler ve seçim"
"hire.279","Hire Workers","/hire-workers","Süreç adımları","","Video interviews with your shortlisted candidates. Pick the workers you want.","Kısa listedeki adaylarla video görüşmesi. İstediğiniz işçileri siz seçersiniz."
"hire.280","Hire Workers","/hire-workers","Süreç adımları","","Week 2","2. hafta"
"hire.281","Hire Workers","/hire-workers","Süreç adımları","","E-signature contracts","E-imzalı sözleşmeler"
"hire.282","Hire Workers","/hire-workers","Süreç adımları","","Contracts signed digitally on the portal — no printing, no courier. Payment handled securely online.","Sözleşmeler portalda dijital olarak imzalanır — çıktı yok, kurye yok. Ödeme çevrim içi ve güvenli şekilde alınır."
"hire.283","Hire Workers","/hire-workers","Süreç adımları","yes","Weeks 2–6","2–6. hafta"
"hire.284","Hire Workers","/hire-workers","Süreç adımları","yes","Work permits processed","Çalışma izinleri alınır"
"hire.285","Hire Workers","/hire-workers","Süreç adımları","yes","We file every permit and track it to approval — you follow live status on your dashboard.","Her izin başvurusunu biz yapar ve onaya kadar takip ederiz — durumu panelinizden canlı izlersiniz."
"hire.286","Hire Workers","/hire-workers","Süreç adımları","yes","Weeks 6–8","6–8. hafta"
"hire.287","Hire Workers","/hire-workers","Süreç adımları","","Arrival & first day","Varış ve ilk iş günü"
"hire.288","Hire Workers","/hire-workers","Süreç adımları","","Visa, travel and onboarding coordinated by us. Workers arrive ready to start — with follow-up support after.","Vize, seyahat ve işe uyum süreci bize aittir. İşçiler işe başlamaya hazır gelir — sonrasında takip desteği sürer."
"hire.289","Hire Workers","/hire-workers","Sık sorulan sorular","","What is my responsibility as the employer?","İşveren olarak sorumluluğum nedir?"
"hire.290","Hire Workers","/hire-workers","Sık sorulan sorular","yes","You provide the job, the salary and the workplace. Accommodation and transport are agreed case by case and written into the contract before we start — many employers provide housing, others pay an allowance. We handle sourcing, permits, contracts and the arrival process.","İşi, maaşı ve iş yerini siz sağlarsınız. Konaklama ve ulaşım her vakada ayrıca görüşülür ve süreç başlamadan önce sözleşmeye yazılır — bazı işverenler konaklama sağlar, bazıları ödenek verir. Temin, çalışma izinleri, sözleşmeler ve varış sürecini JobsAdmire yürütür."
"hire.291","Hire Workers","/hire-workers","Sık sorulan sorular","","What does it cost?","Maliyeti nedir?"
"hire.292","Hire Workers","/hire-workers","Sık sorulan sorular","yes","Pricing depends on roles, headcount and source country, so we prepare a custom quote for every requirement. Sourcing and interviews are free — you pay one agreed fee per placed worker, invoiced after arrival. Written proposal within 24 hours, no obligation.","Fiyatlama pozisyonlara, kişi sayısına ve kaynak ülkeye göre değişir; bu nedenle her talep için özel teklif hazırlarız. Temin ve görüşmeler ücretsizdir — yerleştirilen her işçi için tek bir anlaşmalı ücret ödersiniz ve bu ücret varıştan sonra faturalanır. 24 saat içinde yazılı teklif, taahhüt yok."
"hire.293","Hire Workers","/hire-workers","Sık sorulan sorular","","Is there a minimum number of workers?","Asgari işçi sayısı var mı?"
"hire.294","Hire Workers","/hire-workers","Sık sorulan sorular","yes","No. We place single specialists as well as full teams of 50+. Smaller requests simply move faster, because fewer permit files are processed in parallel.","Yok. Tek bir uzmanı da 50+ kişilik ekipleri de yerleştiriyoruz. Küçük talepler daha hızlı ilerler, çünkü aynı anda daha az izin dosyası işlenir."
"hire.295","Hire Workers","/hire-workers","Sık sorulan sorular","yes","What happens if a work permit is rejected?","Çalışma izni reddedilirse ne olur?"
"hire.296","Hire Workers","/hire-workers","Sık sorulan sorular","yes","Rejections are rare because we pre-check every file, but if one happens we re-file at our own cost or replace the candidate — you are not charged a placement fee for a worker who never arrives. Official state fees already paid are shown with receipts.","Her dosyayı önceden kontrol ettiğimiz için ret çok nadirdir; yaşanırsa başvuruyu kendi maliyetimizle yeniden yapar ya da adayı değiştiririz — hiç gelmeyen bir işçi için yerleştirme ücreti ödemezsiniz. Ödenmiş resmî harçlar makbuzlarıyla gösterilir."
"hire.297","Hire Workers","/hire-workers","Sık sorulan sorular","","How do you verify skills before we interview?","Görüşmeden önce nitelikleri nasıl doğruluyorsunuz?"
"hire.298","Hire Workers","/hire-workers","Sık sorulan sorular","","Every candidate goes through document checks, reference calls and a trade test or practical assessment for skilled roles. You then run your own video interview through the portal before approving anyone — you always make the final choice.","Her aday belge kontrolü, referans görüşmeleri ve nitelikli pozisyonlar için meslek testi ya da uygulamalı değerlendirmeden geçer. Ardından portal üzerinden kendi video görüşmenizi yapıp onaylarsınız — son karar her zaman sizindir."
"hire.299","Hire Workers","/hire-workers","Sık sorulan sorular","","Will workers understand instructions on site?","İşçiler iş yerinde talimatları anlayabilir mi?"
"hire.300","Hire Workers","/hire-workers","Sık sorulan sorular","","Candidates are screened for language level and it is shown on every profile. For production and construction roles we prioritise workers with basic Turkish — English is assessed for tourism and hospitality roles — and teams are usually placed with an experienced lead worker who translates on site.","Adaylar dil seviyesine göre değerlendirilir ve bu bilgi her profilde gösterilir. Üretim ve inşaat pozisyonlarında temel Türkçe bilen işçilere öncelik veririz; turizm ve konaklama pozisyonlarında İngilizce de değerlendirilir. Ekipler genellikle sahada tercüme yapabilen deneyimli bir ekip lideriyle birlikte yerleştirilir."
"hire.301","Hire Workers","/hire-workers","Sık sorulan sorular","","What if a worker leaves or doesn't perform?","İşçi ayrılırsa veya beklentiyi karşılamazsa ne olur?"
"hire.302","Hire Workers","/hire-workers","Sık sorulan sorular","yes","You're covered by our replacement guarantee: if a placed worker leaves or doesn't meet the agreed requirement, we source and place a replacement. The exact terms are written into your service contract.","Yerine koyma garantimiz kapsamındasınız: yerleştirilen bir işçi ayrılır ya da anlaşılan koşulları karşılamazsa yerine yeni bir işçi bulup yerleştiririz. Koşulların tamamı hizmet sözleşmenize yazılır."
"calc.001","Hiring Cost Calculator","/hiring-cost-calculator","Hero","","Home","Ana Sayfa"
"calc.002","Hiring Cost Calculator","/hiring-cost-calculator","Hero","","Hiring Cost Calculator","İşçi Maliyet Hesaplayıcı"
"calc.003","Hiring Cost Calculator","/hiring-cost-calculator","Hero","","2026 rates · Updated January 2026","2026 oranları · Ocak 2026'da güncellendi"
"calc.004","Hiring Cost Calculator","/hiring-cost-calculator","Hero","","What does a foreign worker","Türkiye'de yabancı bir işçi"
"calc.005","Hiring Cost Calculator","/hiring-cost-calculator","Hero","","really cost","gerçekte ne kadara"
"calc.006","Hiring Cost Calculator","/hiring-cost-calculator","Hero","","in Turkey?","mal olur?"
"calc.007","Hiring Cost Calculator","/hiring-cost-calculator","Hero","yes","Salary, SGK employer contribution, permit fees, flights and accommodation — calculated in one place, with 2026 rates. No sign-up, no email required.","Maaş, SGK işveren payı, izin harçları, uçak bileti ve konaklama — 2026 oranlarıyla tek yerde hesaplanır. Üyelik yok, e-posta istenmez."
"calc.008","Hiring Cost Calculator","/hiring-cost-calculator","Hesaplayıcı","","Your requirement","İhtiyacınız"
"calc.009","Hiring Cost Calculator","/hiring-cost-calculator","Hesaplayıcı","","Per month","Aylık"
"calc.010","Hiring Cost Calculator","/hiring-cost-calculator","Hesaplayıcı","","One-off","Tek seferlik"
"calc.011","Hiring Cost Calculator","/hiring-cost-calculator","Hesaplayıcı","","Get an exact written quote →","Yazılı net teklif alın →"
"calc.012","Hiring Cost Calculator","/hiring-cost-calculator","Hesaplayıcı","","Profession","Meslek"
"calc.013","Hiring Cost Calculator","/hiring-cost-calculator","Hesaplayıcı","","Number of workers","İşçi sayısı"
"calc.014","Hiring Cost Calculator","/hiring-cost-calculator","Hesaplayıcı","","Contract length","Sözleşme süresi"
"calc.015","Hiring Cost Calculator","/hiring-cost-calculator","Hesaplayıcı","","Gross salary offered","Teklif edilen brüt maaş"
"calc.016","Hiring Cost Calculator","/hiring-cost-calculator","Hesaplayıcı","","What you cover","Sizin karşıladıklarınız"
"calc.017","Hiring Cost Calculator","/hiring-cost-calculator","Hesaplayıcı","","Flight to Turkey","Türkiye'ye uçak bileti"
"calc.018","Hiring Cost Calculator","/hiring-cost-calculator","Hesaplayıcı","","Accommodation","Konaklama"
"calc.019","Hiring Cost Calculator","/hiring-cost-calculator","Hesaplayıcı","","(shared, per worker)","(paylaşımlı, işçi başına)"
"calc.020","Hiring Cost Calculator","/hiring-cost-calculator","Hesaplayıcı","","Minimum wage support","Asgari ücret desteği"
"calc.021","Hiring Cost Calculator","/hiring-cost-calculator","Hesaplayıcı","","(₺1,270 / worker / month — if your workplace qualifies)","(₺1.270 / işçi / ay — işyeriniz hak kazanıyorsa)"
"calc.022","Hiring Cost Calculator","/hiring-cost-calculator","Hesaplayıcı","yes","SGK discount (teşvik)","SGK teşvik indirimi"
"calc.023","Hiring Cost Calculator","/hiring-cost-calculator","Hesaplayıcı","","Estimated cost","Tahmini maliyet"
"calc.024","Hiring Cost Calculator","/hiring-cost-calculator","Hesaplayıcı","","Monthly, recurring","Aylık, tekrarlayan"
"calc.025","Hiring Cost Calculator","/hiring-cost-calculator","Hesaplayıcı","","Gross salary","Brüt maaş"
"calc.026","Hiring Cost Calculator","/hiring-cost-calculator","Hesaplayıcı","yes","SGK employer contribution","SGK işveren payı"
"calc.027","Hiring Cost Calculator","/hiring-cost-calculator","Hesaplayıcı","","(state)","(devlet)"
"calc.028","Hiring Cost Calculator","/hiring-cost-calculator","Hesaplayıcı","","Monthly total","Aylık toplam"
"calc.029","Hiring Cost Calculator","/hiring-cost-calculator","Hesaplayıcı","","One-off, first year","Tek seferlik, ilk yıl"
"calc.030","Hiring Cost Calculator","/hiring-cost-calculator","Hesaplayıcı","","Work permit + card fees","Çalışma izni + kart harçları"
"calc.031","Hiring Cost Calculator","/hiring-cost-calculator","Hesaplayıcı","","Flight & travel","Uçak bileti ve seyahat"
"calc.032","Hiring Cost Calculator","/hiring-cost-calculator","Hesaplayıcı","","JobsAdmire service fee","JobsAdmire hizmet bedeli"
"calc.033","Hiring Cost Calculator","/hiring-cost-calculator","Hesaplayıcı","","Not in this total","Bu toplama dahil değil"
"calc.034","Hiring Cost Calculator","/hiring-cost-calculator","Hesaplayıcı","","One-off total","Tek seferlik toplam"
"calc.035","Hiring Cost Calculator","/hiring-cost-calculator","Hesaplayıcı","","· Service fee not included — quoted in writing before we start.","· Hizmet bedeli dahil değildir — işe başlamadan önce yazılı olarak bildirilir."
"calc.036","Hiring Cost Calculator","/hiring-cost-calculator","Hesaplayıcı","","Get an exact written quote","Yazılı net teklif alın"
"calc.037","Hiring Cost Calculator","/hiring-cost-calculator","Hesaplayıcı","","Print","Yazdır"
"calc.038","Hiring Cost Calculator","/hiring-cost-calculator","Hesaplayıcı","","Seasonal note: permit and travel are paid once even for a short season, so the cost per month is higher —","Sezonluk not: izin ve seyahat masrafları kısa bir sezon için bile bir kez ödenir, bu yüzden aylık maliyet daha yüksektir — sözleşme boyunca işçi başına"
"calc.039","Hiring Cost Calculator","/hiring-cost-calculator","Hesaplayıcı","","per worker across the contract.","."
"calc.040","Hiring Cost Calculator","/hiring-cost-calculator","Hesaplayıcı","yes","Estimates based on 2026 rates: minimum wage ₺33,030 gross, employer SGK 21.75% with the standard 2-point discount (18.75% in manufacturing with 5 points, 23.75% with no discount), state permit and card fees ≈ ₺16,000 per worker. Actual figures vary by sector, city and case.","Tahminler 2026 oranlarına dayanır: asgari ücret brüt ₺33.030, standart 2 puanlık indirimle işveren SGK payı %21,75 (imalatta 5 puanla %18,75, indirimsiz %23,75), devlet izin ve kart harçları işçi başına ≈ ₺16.000. Gerçek rakamlar sektöre, şehre ve duruma göre değişir."
"calc.041","Hiring Cost Calculator","/hiring-cost-calculator","Kota kontrolü","","Can you hire",""
"calc.042","Hiring Cost Calculator","/hiring-cost-calculator","Hesaplayıcı","","?","işçi alabilir misiniz?"
"calc.043","Hiring Cost Calculator","/hiring-cost-calculator","Hesaplayıcı","yes","Turkey's 5:1 rule means the workplace needs","Türkiye'deki 5:1 kuralına göre bu sayı için işyerinde SGK'lı"
"calc.044","Hiring Cost Calculator","/hiring-cost-calculator","Hesaplayıcı","","Turkish employees","Türk çalışan"
"calc.045","Hiring Cost Calculator","/hiring-cost-calculator","Hesaplayıcı","yes","on SGK for this many — unless your sector is exempt.","bulunmalıdır — sektörünüz muaf değilse."
"calc.046","Hiring Cost Calculator","/hiring-cost-calculator","Hesaplayıcı","yes","Needs","SGK'lı"
"calc.047","Hiring Cost Calculator","/hiring-cost-calculator","Hesaplayıcı","","Turkish staff","Türk çalışan"
"calc.048","Hiring Cost Calculator","/hiring-cost-calculator","Hesaplayıcı","yes","on SGK.","gerekir."
"calc.049","Hiring Cost Calculator","/hiring-cost-calculator","Hesaplayıcı","","Check your quota →","Kotanızı kontrol edin →"
"calc.050","Hiring Cost Calculator","/hiring-cost-calculator","Sticky CTA / Maaş rehberi","","Want the exact number for your case? Written quote within 24 hours.","Kendi durumunuz için net rakamı ister misiniz? 24 saat içinde yazılı teklif."
"calc.051","Hiring Cost Calculator","/hiring-cost-calculator","Sticky CTA / Maaş rehberi","","Call","Ara"
"calc.052","Hiring Cost Calculator","/hiring-cost-calculator","Sticky CTA / Maaş rehberi","","WhatsApp quote","WhatsApp'tan teklif"
"calc.053","Hiring Cost Calculator","/hiring-cost-calculator","Sticky CTA / Maaş rehberi","","Request workers →","İşçi talep edin →"
"calc.054","Hiring Cost Calculator","/hiring-cost-calculator","Bölüm başlıkları","","Salary guide","Maaş rehberi"
"calc.055","Hiring Cost Calculator","/hiring-cost-calculator","Bölüm başlıkları","","Your quota","Kotanız"
"calc.056","Hiring Cost Calculator","/hiring-cost-calculator","Bölüm başlıkları","","Incentives","Teşvikler"
"calc.057","Hiring Cost Calculator","/hiring-cost-calculator","Bölüm başlıkları","","Will it pass?","Geçer mi?"
"calc.058","Hiring Cost Calculator","/hiring-cost-calculator","Bölüm başlıkları","yes","Penalties","Cezalar"
"calc.059","Hiring Cost Calculator","/hiring-cost-calculator","Bölüm başlıkları","","FAQ","SSS"
"calc.060","Hiring Cost Calculator","/hiring-cost-calculator","Bölüm başlıkları","","What these numbers are based on","Bu rakamlar neye dayanıyor"
"calc.061","Hiring Cost Calculator","/hiring-cost-calculator","Bölüm başlıkları","yes","2026 minimum wage, SGK rates, permit fees, travel","2026 asgari ücret, SGK oranları, izin harçları, seyahat"
"calc.062","Hiring Cost Calculator","/hiring-cost-calculator","Bölüm başlıkları","","Salary guide 2026","Maaş rehberi 2026"
"calc.063","Hiring Cost Calculator","/hiring-cost-calculator","Bölüm başlıkları","","Gross monthly ranges by profession","Mesleğe göre aylık brüt aralıklar"
"calc.064","Hiring Cost Calculator","/hiring-cost-calculator","Bölüm başlıkları","","Local hire vs overseas hire","Yerli işe alım vs yurt dışından alım"
"calc.065","Hiring Cost Calculator","/hiring-cost-calculator","Bölüm başlıkları","","What actually differs — and what does not","Gerçekte ne değişir — ve ne değişmez"
"calc.066","Hiring Cost Calculator","/hiring-cost-calculator","Bölüm başlıkları","","Are you allowed to hire?","İşçi alabilir misiniz?"
"calc.067","Hiring Cost Calculator","/hiring-cost-calculator","Bölüm başlıkları","","The 5:1 rule, exemptions and your quota","5:1 kuralı, muafiyetler ve kotanız"
"calc.068","Hiring Cost Calculator","/hiring-cost-calculator","Bölüm başlıkları","","Will your application pass?","Başvurunuz geçer mi?"
"calc.069","Hiring Cost Calculator","/hiring-cost-calculator","Bölüm başlıkları","","5 questions — the usual refusal reasons","5 soru — en sık ret nedenleri"
"calc.070","Hiring Cost Calculator","/hiring-cost-calculator","Bölüm başlıkları","","Cost of doing it the wrong way","Yanlış yolun maliyeti"
"calc.071","Hiring Cost Calculator","/hiring-cost-calculator","Bölüm başlıkları","yes","2026 fines for unregistered employment","Kayıt dışı istihdam için 2026 cezaları"
"calc.072","Hiring Cost Calculator","/hiring-cost-calculator","Bölüm başlıkları","","Hiring foreign students in Turkey","Türkiye'deki yabancı öğrencileri işe alma"
"calc.073","Hiring Cost Calculator","/hiring-cost-calculator","Bölüm başlıkları","","A different route, its own rules","Farklı bir yol, kendi kuralları var"
"calc.074","Hiring Cost Calculator","/hiring-cost-calculator","Bölüm başlıkları","","Cost questions","Maliyet soruları"
"calc.075","Hiring Cost Calculator","/hiring-cost-calculator","Bölüm başlıkları","","What employers ask about these numbers","İşverenlerin bu rakamlar hakkında sordukları"
"calc.076","Hiring Cost Calculator","/hiring-cost-calculator","Dayanak (2026 verileri)","","What the numbers above are based on","Yukarıdaki rakamlar neye dayanıyor"
"calc.077","Hiring Cost Calculator","/hiring-cost-calculator","Dayanak (2026 verileri)","","Every figure in the calculator comes from public 2026 data — here is the source of each one.","Hesaplayıcıdaki her rakam kamuya açık 2026 verilerinden gelir — her birinin kaynağı aşağıda."
"calc.078","Hiring Cost Calculator","/hiring-cost-calculator","Dayanak (2026 verileri)","","Minimum wage 2026","Asgari ücret 2026"
"calc.079","Hiring Cost Calculator","/hiring-cost-calculator","Dayanak (2026 verileri)","","₺33,030 gross / ₺28,075.50 net per month, set by the Ministry in December 2025. Employer cost at that level: ₺40,214.","Aylık brüt ₺33.030 / net ₺28.075,50; Aralık 2025'te Bakanlık tarafından belirlendi. Bu seviyede işverene maliyeti: ₺40.214."
"calc.080","Hiring Cost Calculator","/hiring-cost-calculator","Dayanak (2026 verileri)","yes","SGK employer share","SGK işveren payı"
"calc.081","Hiring Cost Calculator","/hiring-cost-calculator","Dayanak (2026 verileri)","yes","23.75% of gross before incentives. With the 5510 discount: 21.75% in most sectors (2 points), 18.75% in manufacturing (5 points).","Teşvik öncesi brütün %23,75'i. 5510 indirimiyle: çoğu sektörde %21,75 (2 puan), imalatta %18,75 (5 puan)."
"calc.082","Hiring Cost Calculator","/hiring-cost-calculator","Dayanak (2026 verileri)","","Permit & card fees","İzin ve kart harçları"
"calc.083","Hiring Cost Calculator","/hiring-cost-calculator","Dayanak (2026 verileri)","","≈ ₺16,000 per worker per permit year, updated every January.","İzin yılı başına işçi başına ≈ ₺16.000; her Ocak ayında güncellenir."
"calc.084","Hiring Cost Calculator","/hiring-cost-calculator","Dayanak (2026 verileri)","","See how permits work →","İzin süreci nasıl işliyor →"
"calc.085","Hiring Cost Calculator","/hiring-cost-calculator","Dayanak (2026 verileri)","","Travel & housing","Seyahat ve konaklama"
"calc.086","Hiring Cost Calculator","/hiring-cost-calculator","Dayanak (2026 verileri)","","Flight ≈ ₺12,000 one-off (varies by country); shared accommodation ≈ ₺5,000 per worker per month.","Uçak bileti tek seferlik ≈ ₺12.000 (ülkeye göre değişir); paylaşımlı konaklama işçi başına ayda ≈ ₺5.000."
"calc.087","Hiring Cost Calculator","/hiring-cost-calculator","Dayanak (2026 verileri)","","Note:","Not:"
"calc.088","Hiring Cost Calculator","/hiring-cost-calculator","Dayanak (2026 verileri)","","each role also has a legal minimum salary set as a multiple of the minimum wage — offering less means the permit is rejected. The calculator will not let you go below the threshold for the profession you pick.","her meslek için ayrıca asgari ücretin katı olarak belirlenmiş yasal bir alt maaş sınırı vardır — daha düşük teklif izin reddiyle sonuçlanır. Hesaplayıcı seçtiğiniz meslek için bu sınırın altına inmenize izin vermez."
"calc.089","Hiring Cost Calculator","/hiring-cost-calculator","Dayanak (2026 verileri)","","Last updated:","Son güncelleme:"
"calc.090","Hiring Cost Calculator","/hiring-cost-calculator","Dayanak (2026 verileri)","","Rates are reviewed every January and whenever the Ministry changes them.","Oranlar her Ocak ayında ve Bakanlık değiştirdiğinde gözden geçirilir."
"calc.091","Hiring Cost Calculator","/hiring-cost-calculator","Sticky CTA / Maaş rehberi","","What should you pay? Salary guide 2026","Ne kadar ödemelisiniz? Maaş rehberi 2026"
"calc.092","Hiring Cost Calculator","/hiring-cost-calculator","Sticky CTA / Maaş rehberi","","Gross monthly ranges we see in our own placements. Every range starts at or above the legal minimum for that job — pay below the minimum and the permit is refused.","Kendi yerleştirmelerimizde gördüğümüz aylık brüt aralıklar. Her aralık o meslek için yasal alt sınırda veya üzerinde başlar — alt sınırın altında ödeme izin reddiyle sonuçlanır."
"calc.093","Hiring Cost Calculator","/hiring-cost-calculator","Sticky CTA / Maaş rehberi","","Usual gross range","Olağan brüt aralık"
"calc.094","Hiring Cost Calculator","/hiring-cost-calculator","Sticky CTA / Maaş rehberi","","Minimum wage","Asgari ücret"
"calc.095","Hiring Cost Calculator","/hiring-cost-calculator","Sticky CTA / Maaş rehberi","","Skilled job = 1.5× minimum","Nitelikli iş = asgari ücretin 1,5 katı"
"calc.096","Hiring Cost Calculator","/hiring-cost-calculator","Sticky CTA / Maaş rehberi","","gross / month","brüt / ay"
"calc.097","Hiring Cost Calculator","/hiring-cost-calculator","Sticky CTA / Maaş rehberi","","Employer cost","İşverene maliyeti"
"calc.098","Hiring Cost Calculator","/hiring-cost-calculator","Sticky CTA / Maaş rehberi","","Employer cost","İşverene maliyeti"
"calc.099","Hiring Cost Calculator","/hiring-cost-calculator","Sticky CTA / Maaş rehberi","yes","= gross salary + SGK employer contribution (21.75%, or 18.75% in manufacturing). Permit fees, flights and accommodation come on top — pick a job above and the calculator does the full number for you.","= brüt maaş + SGK işveren payı (%21,75, imalatta %18,75). İzin harçları, uçak bileti ve konaklama bunun üzerine eklenir — yukarıdan bir meslek seçin, hesaplayıcı tam rakamı sizin için çıkarsın."
"calc.100","Hiring Cost Calculator","/hiring-cost-calculator","Kapanış CTA","","Now get the real number","Şimdi gerçek rakamı alın"
"calc.101","Hiring Cost Calculator","/hiring-cost-calculator","Kapanış CTA","","Estimates are useful — a written quote is better. Tell us the roles, headcount and city, and you get the full cost breakdown including our service fee within 24 hours.","Tahminler işe yarar — yazılı teklif daha iyisidir. Meslekleri, işçi sayısını ve şehri bildirin; hizmet bedelimiz dahil tam maliyet dökümünü 24 saat içinde alacaksınız."
"calc.102","Hiring Cost Calculator","/hiring-cost-calculator","Kapanış CTA","","Your estimate so far","Şu ana kadarki tahmininiz"
"calc.103","Hiring Cost Calculator","/hiring-cost-calculator","Kapanış CTA","","That is roughly","Bu yaklaşık"
"calc.104","Hiring Cost Calculator","/hiring-cost-calculator","Kapanış CTA","","Service fee is quoted in writing — send this and we come back with the exact figure within 24 hours.","Hizmet bedeli yazılı olarak bildirilir — bunu gönderin, 24 saat içinde net rakamla dönelim."
"calc.105","Hiring Cost Calculator","/hiring-cost-calculator","Kapanış CTA","","Get a written quote","Yazılı teklif alın"
"calc.106","Hiring Cost Calculator","/hiring-cost-calculator","Kapanış CTA","","See available candidates","Müsait adayları görün"
"calc.107","Hiring Cost Calculator","/hiring-cost-calculator","Footer","","Licensed workforce recruitment for employers in Turkey — overseas sourcing, vetting and work permits, end-to-end.","Türkiye'deki işverenler için izinli işgücü temini — yurt dışından bulma, değerlendirme ve çalışma izinleri, baştan sona."
"calc.108","Hiring Cost Calculator","/hiring-cost-calculator","Footer","","Call us","Bizi arayın"
"calc.109","Hiring Cost Calculator","/hiring-cost-calculator","Cezalar","","The cost of doing it the wrong way","Yanlış yolun maliyeti"
"calc.110","Hiring Cost Calculator","/hiring-cost-calculator","Cezalar","yes","Some employers think about hiring quietly, without a permit. Here is what that really costs under the 2026 fines.","Bazı işverenler izin almadan, sessizce işçi çalıştırmayı düşünür. 2026 cezalarına göre bunun gerçek bedeli şu:"
"calc.111","Hiring Cost Calculator","/hiring-cost-calculator","Cezalar","","Per worker, per inspection","İşçi başına, her denetimde"
"calc.112","Hiring Cost Calculator","/hiring-cost-calculator","Cezalar","yes","Fine on the employer for each foreign worker found without a permit, under Law No. 6735. If it happens again, it doubles to","6735 sayılı Kanun uyarınca, izinsiz çalıştığı tespit edilen her yabancı işçi için işverene kesilen ceza. Tekrarında işçi başına"
"calc.113","Hiring Cost Calculator","/hiring-cost-calculator","Cezalar","","per worker.","'ye çıkar."
"calc.114","Hiring Cost Calculator","/hiring-cost-calculator","Cezalar","","Using an unlicensed agent","İzinsiz aracı kullanmak"
"calc.115","Hiring Cost Calculator","/hiring-cost-calculator","Cezalar","yes","Fine on the","İŞKUR izni olmayan bir aracıyla her çalıştığınızda"
"calc.116","Hiring Cost Calculator","/hiring-cost-calculator","Cezalar","","employer","işverene"
"calc.117","Hiring Cost Calculator","/hiring-cost-calculator","Cezalar","yes","every time you use an agent who has no İŞKUR licence. The agent pays ₺341,812, and double if it happens again.","kesilen ceza. Aracı ₺341.812 öder, tekrarında iki katı."
"calc.118","Hiring Cost Calculator","/hiring-cost-calculator","Cezalar","","You pay for the deportation","Sınır dışı masrafını siz ödersiniz"
"calc.119","Hiring Cost Calculator","/hiring-cost-calculator","Cezalar","","The employer must pay the worker's accommodation, return travel and health costs, and the same costs for the spouse and children.","İşveren, işçinin konaklama, dönüş yolculuğu ve sağlık masraflarını; ayrıca eşi ve çocukları için aynı masrafları ödemek zorundadır."
"calc.120","Hiring Cost Calculator","/hiring-cost-calculator","Cezalar","","Your incentives stop","Teşvikleriniz durur"
"calc.121","Hiring Cost Calculator","/hiring-cost-calculator","Cezalar","yes","If you employ someone without registration, your workplace loses every SGK incentive, including the minimum wage support, for one month — and for one year if it happens again within three years.","Kayıt dışı işçi çalıştırırsanız, işyeriniz asgari ücret desteği dahil tüm SGK teşviklerini bir ay boyunca kaybeder — üç yıl içinde tekrarlanırsa bir yıl boyunca."
"calc.122","Hiring Cost Calculator","/hiring-cost-calculator","Cezalar","","The worker is deported","İşçi sınır dışı edilir"
"calc.123","Hiring Cost Calculator","/hiring-cost-calculator","Cezalar","yes","The worker also gets a fine and is reported for deportation. You lose the person you trained and cannot employ them again.","İşçiye de ceza kesilir ve sınır dışı edilmek üzere bildirilir. Eğittiğiniz kişiyi kaybedersiniz ve onu bir daha çalıştıramazsınız."
"calc.124","Hiring Cost Calculator","/hiring-cost-calculator","Cezalar","","Each worker found<br />without a permit","İzinsiz çalıştığı tespit<br />edilen her bir işçi"
"calc.125","Hiring Cost Calculator","/hiring-cost-calculator","Cezalar","yes","Using an agent with<br />no İŞKUR licence","İŞKUR izni bulunmayan<br />bir aracı kullanmak"
"calc.126","Hiring Cost Calculator","/hiring-cost-calculator","Cezalar","","Both double if it happens again — and the second one is paid by","Tekrarında ikisi de iki katına çıkar — ve ikincisini aracı değil"
"calc.127","Hiring Cost Calculator","/hiring-cost-calculator","Cezalar","","you","siz"
"calc.128","Hiring Cost Calculator","/hiring-cost-calculator","Cezalar","",", not the agent.","ödersiniz."
"calc.129","Hiring Cost Calculator","/hiring-cost-calculator","Cezalar","yes","One fine for one worker is","Tek bir işçi için kesilen tek bir ceza, işi yasal yoldan yapmanın peşin maliyetinin"
"calc.130","Hiring Cost Calculator","/hiring-cost-calculator","Cezalar","","more than three times","üç katından fazlası"
"calc.131","Hiring Cost Calculator","/hiring-cost-calculator","Cezalar","","what doing it legally costs you up front — permit and flight together are about ₺28,000.","ıdır — izin ve uçak bileti birlikte yaklaşık ₺28.000 tutar."
"calc.132","Hiring Cost Calculator","/hiring-cost-calculator","Cezalar","yes","So always ask an agency for its İŞKUR licence number.","Bu yüzden aracı firmadan mutlaka İŞKUR izin belgesi numarasını isteyin."
"calc.133","Hiring Cost Calculator","/hiring-cost-calculator","Cezalar","","Ours is 1730.","Bizimki 1730."
"calc.134","Hiring Cost Calculator","/hiring-cost-calculator","Cezalar","yes","One fine for one worker is more than three times the up-front cost of hiring that person legally — the permit and the flight together come to about ₺28,000. And look at the second card again:","Tek bir işçi için kesilen tek bir ceza, o kişiyi yasal yoldan işe almanın peşin maliyetinin üç katından fazlasıdır — izin ve uçak bileti birlikte yaklaşık ₺28.000 tutar. İkinci karta tekrar bakın: aracınızın izni yoksa cezayı"
"calc.135","Hiring Cost Calculator","/hiring-cost-calculator","Cezalar","","you","siz"
"calc.136","Hiring Cost Calculator","/hiring-cost-calculator","Cezalar","yes","pay the fine if your agent has no licence, so always ask for the İŞKUR licence number.","ödersiniz; bu yüzden mutlaka İŞKUR izin belgesi numarasını isteyin."
"calc.137","Hiring Cost Calculator","/hiring-cost-calculator","Cezalar","","Ours is 1730.","Bizimki 1730."
"calc.138","Hiring Cost Calculator","/hiring-cost-calculator","Kota kontrolü","","Are you allowed to hire, and how many?","İşçi alabilir misiniz, kaç kişi?"
"calc.139","Hiring Cost Calculator","/hiring-cost-calculator","Kota kontrolü","","Two things are checked before anyone looks at the salary: how many Turkish staff your workplace has, and whether your company meets one financial condition.","Maaşa bakılmadan önce iki şey kontrol edilir: işyerinizde kaç Türk çalışan olduğu ve şirketinizin mali şartlardan birini karşılayıp karşılamadığı."
"calc.140","Hiring Cost Calculator","/hiring-cost-calculator","Kota kontrolü","","Gate 1 · The 5:1 ratio","1. Eşik · 5:1 oranı"
"calc.141","Hiring Cost Calculator","/hiring-cost-calculator","Kota kontrolü","","Live","Canlı"
"calc.142","Hiring Cost Calculator","/hiring-cost-calculator","Kota kontrolü","","Turkish employees at this workplace","Bu işyerindeki Türk çalışan sayısı"
"calc.143","Hiring Cost Calculator","/hiring-cost-calculator","Kota kontrolü","yes","SGK-registered, same branch","SGK'lı, aynı işyeri"
"calc.144","Hiring Cost Calculator","/hiring-cost-calculator","Kota kontrolü","","How your headcount splits into places","Çalışan sayınız kaç kontenjana karşılık geliyor"
"calc.145","Hiring Cost Calculator","/hiring-cost-calculator","Kota kontrolü","","Turkish employee","Türk çalışan"
"calc.146","Hiring Cost Calculator","/hiring-cost-calculator","Kota kontrolü","","Place unlocked","Açılan kontenjan"
"calc.147","Hiring Cost Calculator","/hiring-cost-calculator","Kota kontrolü","","Incomplete block","Tamamlanmamış grup"
"calc.148","Hiring Cost Calculator","/hiring-cost-calculator","Kota kontrolü","","You picked","Yukarıdaki hesaplayıcıda"
"calc.149","Hiring Cost Calculator","/hiring-cost-calculator","Kota kontrolü","","in the cost calculator above.","işçi seçtiniz."
"calc.150","Hiring Cost Calculator","/hiring-cost-calculator","Kota kontrolü","","The rule in one line","Kural tek cümlede"
"calc.151","Hiring Cost Calculator","/hiring-cost-calculator","Kota kontrolü","yes","For each foreign worker, your workplace must","Her yabancı işçi için işyerinizde SGK'ya kayıtlı 5 Türk çalışan"
"calc.152","Hiring Cost Calculator","/hiring-cost-calculator","Kota kontrolü","","already","halihazırda"
"calc.153","Hiring Cost Calculator","/hiring-cost-calculator","Kota kontrolü","yes","have 5 Turkish employees registered with SGK. Only complete groups of five count — 9 employees give one place, not two.","bulunmalıdır. Yalnızca tam beşlik gruplar sayılır — 9 çalışan iki değil, bir kontenjan verir."
"calc.154","Hiring Cost Calculator","/hiring-cost-calculator","Kota kontrolü","","Counted",""
"calc.155","Hiring Cost Calculator","/hiring-cost-calculator","Kota kontrolü","","per branch","İşyeri bazında"
"calc.156","Hiring Cost Calculator","/hiring-cost-calculator","Kota kontrolü","",", not per company — all five must be at the same workplace.","sayılır, şirket bazında değil — beşinin de aynı işyerinde olması gerekir."
"calc.157","Hiring Cost Calculator","/hiring-cost-calculator","Kota kontrolü","","Counted",""
"calc.158","Hiring Cost Calculator","/hiring-cost-calculator","Kota kontrolü","","on the day you apply","Başvuru günü"
"calc.159","Hiring Cost Calculator","/hiring-cost-calculator","Kota kontrolü","","— people you plan to hire do not count.","itibarıyla sayılır — işe almayı planladıklarınız sayılmaz."
"calc.160","Hiring Cost Calculator","/hiring-cost-calculator","Kota kontrolü","","If the foreign worker is a","Yabancı işçi"
"calc.161","Hiring Cost Calculator","/hiring-cost-calculator","Kota kontrolü","","company partner","şirket ortağı"
"calc.162","Hiring Cost Calculator","/hiring-cost-calculator","Kota kontrolü","",", this rule is checked only in the last six months of the first permit.","ise bu kural yalnızca ilk iznin son altı ayında kontrol edilir."
"calc.163","Hiring Cost Calculator","/hiring-cost-calculator","Kota kontrolü","","Gate 2 · Your company","2. Eşik · Şirketiniz"
"calc.164","Hiring Cost Calculator","/hiring-cost-calculator","Kota kontrolü","","Besides the 5:1 rule, your company must meet","5:1 kuralının yanı sıra şirketinizin şunlardan"
"calc.165","Hiring Cost Calculator","/hiring-cost-calculator","Kota kontrolü","","one","birini"
"calc.166","Hiring Cost Calculator","/hiring-cost-calculator","Kota kontrolü","","of these. If the company meets none of them, the application is refused, even with enough Turkish staff.","karşılaması gerekir. Hiçbirini karşılamıyorsa, yeterli Türk çalışan olsa bile başvuru reddedilir."
"calc.167","Hiring Cost Calculator","/hiring-cost-calculator","Kota kontrolü","","paid-in capital","ödenmiş sermaye"
"calc.168","Hiring Cost Calculator","/hiring-cost-calculator","Kota kontrolü","","gross sales, last year","brüt satış, geçen yıl"
"calc.169","Hiring Cost Calculator","/hiring-cost-calculator","Kota kontrolü","","exports, last year","ihracat, geçen yıl"
"calc.170","Hiring Cost Calculator","/hiring-cost-calculator","Kota kontrolü","","Household employers and a few exempt groups do not have to meet this condition.","Ev hizmetlerinde çalıştıranlar ve bazı muaf gruplar bu şartı karşılamak zorunda değildir."
"calc.171","Hiring Cost Calculator","/hiring-cost-calculator","Kota kontrolü","","Check yours in the pass check →","Geçer-mi testinde kontrol edin →"
"calc.172","Hiring Cost Calculator","/hiring-cost-calculator","Kota kontrolü","","When neither gate applies · exemptions","Hiçbir eşiğin geçerli olmadığı durumlar · muafiyetler"
"calc.173","Hiring Cost Calculator","/hiring-cost-calculator","Kota kontrolü","","We check your quota before quoting","Teklif vermeden önce kotanızı kontrol ederiz"
"calc.174","Hiring Cost Calculator","/hiring-cost-calculator","Kota kontrolü","","— no application is filed that we already know will fail on this.","— bu yüzden reddedileceğini bildiğimiz hiçbir başvuruyu yapmayız."
"calc.175","Hiring Cost Calculator","/hiring-cost-calculator","Kota kontrolü","","Step 1","1. Adım"
"calc.176","Hiring Cost Calculator","/hiring-cost-calculator","Kota kontrolü","yes","How many Turkish employees does this workplace have on SGK?","Bu işyerinde SGK'lı kaç Türk çalışan var?"
"calc.177","Hiring Cost Calculator","/hiring-cost-calculator","Kota kontrolü","","Your answer","Cevabınız"
"calc.178","Hiring Cost Calculator","/hiring-cost-calculator","Kota kontrolü","","Why — the 5:1 rule","Neden — 5:1 kuralı"
"calc.179","Hiring Cost Calculator","/hiring-cost-calculator","Kota kontrolü","","Every 5 Turkish employees unlock 1 foreign worker.","Her 5 Türk çalışan 1 yabancı işçi kontenjanı açar."
"calc.180","Hiring Cost Calculator","/hiring-cost-calculator","Kota kontrolü","","Only complete fives count, so 9 staff still give one place — and they must already be registered at this same branch on the day you apply.","Yalnızca tam beşlikler sayılır; 9 çalışan yine bir kontenjan verir — ve başvuru günü aynı işyerinde kayıtlı olmaları gerekir."
"calc.181","Hiring Cost Calculator","/hiring-cost-calculator","Kota kontrolü","","Step 2 · your company","2. Adım · şirketiniz"
"calc.182","Hiring Cost Calculator","/hiring-cost-calculator","Kota kontrolü","","Besides the staff rule, the company must meet","Çalışan kuralının yanı sıra şirketin şu üçünden"
"calc.183","Hiring Cost Calculator","/hiring-cost-calculator","Kota kontrolü","","one","birini"
"calc.184","Hiring Cost Calculator","/hiring-cost-calculator","Kota kontrolü","","of these three:","karşılaması gerekir:"
"calc.185","Hiring Cost Calculator","/hiring-cost-calculator","Kota kontrolü","","paid-in capital","ödenmiş sermaye"
"calc.186","Hiring Cost Calculator","/hiring-cost-calculator","Kota kontrolü","","gross sales","brüt satış"
"calc.187","Hiring Cost Calculator","/hiring-cost-calculator","Kota kontrolü","","exports","ihracat"
"calc.188","Hiring Cost Calculator","/hiring-cost-calculator","Kota kontrolü","","Household employers and some exempt groups skip this. Exemptions are listed below.","Ev hizmetlerinde çalıştıranlar ve bazı muaf gruplar bunun dışındadır. Muafiyetler aşağıda listelenmiştir."
"calc.189","Hiring Cost Calculator","/hiring-cost-calculator","Yerli vs yurt dışı","","Local hire vs overseas hire","Yerli işe alım vs yurt dışından alım"
"calc.190","Hiring Cost Calculator","/hiring-cost-calculator","Yerli vs yurt dışı","yes","The salary and SGK cost are the same for both. Turkish labour law applies to both, and we never quote below the legal minimum. The real question is different: at that wage, in your city, on your shift pattern, does anyone take the job?","Maaş ve SGK maliyeti ikisinde de aynıdır. Türk iş hukuku ikisi için de geçerlidir ve biz hiçbir zaman yasal alt sınırın altında teklif vermeyiz. Asıl soru şu: bu ücretle, sizin şehrinizde, sizin vardiya düzeninizde bu işi alan çıkıyor mu?"
"calc.191","Hiring Cost Calculator","/hiring-cost-calculator","Yerli vs yurt dışı","","Option A","A Seçeneği"
"calc.192","Hiring Cost Calculator","/hiring-cost-calculator","Yerli vs yurt dışı","","Local Turkish hire","Yerli Türk çalışan"
"calc.193","Hiring Cost Calculator","/hiring-cost-calculator","Yerli vs yurt dışı","","Option B","B Seçeneği"
"calc.194","Hiring Cost Calculator","/hiring-cost-calculator","Yerli vs yurt dışı","","Overseas hire through us","Bizim aracılığımızla yurt dışından"
"calc.195","Hiring Cost Calculator","/hiring-cost-calculator","Yerli vs yurt dışı","yes","Salary & SGK","Maaş ve SGK"
"calc.196","Hiring Cost Calculator","/hiring-cost-calculator","Yerli vs yurt dışı","yes","Same gross salary and SGK —","Aynı brüt maaş ve SGK —"
"calc.197","Hiring Cost Calculator","/hiring-cost-calculator","Yerli vs yurt dışı","yes","the law treats both the same","kanun ikisine de aynı davranır"
"calc.198","Hiring Cost Calculator","/hiring-cost-calculator","Yerli vs yurt dışı","yes","Same gross salary and SGK —","Aynı brüt maaş ve SGK —"
"calc.199","Hiring Cost Calculator","/hiring-cost-calculator","Yerli vs yurt dışı","","identical payroll cost","birebir aynı bordro maliyeti"
"calc.200","Hiring Cost Calculator","/hiring-cost-calculator","Yerli vs yurt dışı","","Permit & travel","İzin ve seyahat"
"calc.201","Hiring Cost Calculator","/hiring-cost-calculator","Yerli vs yurt dışı","","None","Yok"
"calc.202","Hiring Cost Calculator","/hiring-cost-calculator","Yerli vs yurt dışı","","About ₺16,000 in state fees, once","Tek seferlik yaklaşık ₺16.000 devlet harcı"
"calc.203","Hiring Cost Calculator","/hiring-cost-calculator","Yerli vs yurt dışı","","+ the flight — paid one time, for years of work","+ uçak bileti — bir kez ödenir, yıllarca çalışma için"
"calc.204","Hiring Cost Calculator","/hiring-cost-calculator","Yerli vs yurt dışı","","Who accepts the wage","Bu ücreti kim kabul ediyor"
"calc.205","Hiring Cost Calculator","/hiring-cost-calculator","Yerli vs yurt dışı","","At minimum wage, most local applicants keep looking. For the same money they can work in a shop or café in the city centre.","Asgari ücrette yerli adayların çoğu aramaya devam eder. Aynı parayla şehir merkezinde bir dükkanda veya kafede çalışabilirler."
"calc.206","Hiring Cost Calculator","/hiring-cost-calculator","Yerli vs yurt dışı","","The same registered wage fills the job","Aynı kayıtlı ücret işi doldurur"
"calc.207","Hiring Cost Calculator","/hiring-cost-calculator","Yerli vs yurt dışı","","— people apply for it, and for them this is a real career step, not a short-term job","— bu işe başvuru gelir ve onlar için bu kısa vadeli bir iş değil, gerçek bir kariyer adımıdır"
"calc.208","Hiring Cost Calculator","/hiring-cost-calculator","Yerli vs yurt dışı","","Where the work is","İşin bulunduğu yer"
"calc.209","Hiring Cost Calculator","/hiring-cost-calculator","Yerli vs yurt dışı","","Factories in small cities and industrial zones have the hardest time. Young people move to the big cities and do not return for factory shifts.","Küçük şehirlerdeki ve organize sanayi bölgelerindeki fabrikalar en çok zorlanan taraf. Gençler büyük şehirlere taşınıyor ve fabrika vardiyası için geri dönmüyor."
"calc.210","Hiring Cost Calculator","/hiring-cost-calculator","Yerli vs yurt dışı","","Workers move to where the factory is","İşçiler fabrikanın bulunduğu yere gelir"
"calc.211","Hiring Cost Calculator","/hiring-cost-calculator","Yerli vs yurt dışı","","— a small city, a farm or a remote site is not a problem for these candidates","— küçük bir şehir, bir çiftlik ya da uzak bir şantiye bu adaylar için sorun değil"
"calc.212","Hiring Cost Calculator","/hiring-cost-calculator","Yerli vs yurt dışı","","Availability","Bulunabilirlik"
"calc.213","Hiring Cost Calculator","/hiring-cost-calculator","Yerli vs yurt dışı","","Hard for skilled trades — welders, machine operators and seasonal jobs often stay empty for months","Nitelikli mesleklerde zor — kaynakçı, makine operatörü ve sezonluk işler aylık süreyle boş kalabiliyor"
"calc.214","Hiring Cost Calculator","/hiring-cost-calculator","Yerli vs yurt dışı","","Checked candidates, ready now","Değerlendirilmiş adaylar, hemen hazır"
"calc.215","Hiring Cost Calculator","/hiring-cost-calculator","Yerli vs yurt dışı","","— their skills are tested before you interview them","— becerileri siz görüşmeden önce test edilir"
"calc.216","Hiring Cost Calculator","/hiring-cost-calculator","Yerli vs yurt dışı","","Retention","Kalıcılık"
"calc.217","Hiring Cost Calculator","/hiring-cost-calculator","Yerli vs yurt dışı","","People leave often in low-wage jobs, so you hire and train again and again","Düşük ücretli işlerde sık ayrılma olur, siz de tekrar tekrar işe alıp eğitirsiniz"
"calc.218","Hiring Cost Calculator","/hiring-cost-calculator","Yerli vs yurt dışı","","The permit is","İzin"
"calc.219","Hiring Cost Calculator","/hiring-cost-calculator","Yerli vs yurt dışı","","tied to your workplace","işyerinize bağlıdır"
"calc.220","Hiring Cost Calculator","/hiring-cost-calculator","Yerli vs yurt dışı","",", so the worker stays with you for the contract",", böylece işçi sözleşme boyunca sizde kalır"
"calc.221","Hiring Cost Calculator","/hiring-cost-calculator","Yerli vs yurt dışı","","Admin load","İdari yük"
"calc.222","Hiring Cost Calculator","/hiring-cost-calculator","Yerli vs yurt dışı","","Your own time, or your accountant's","Sizin veya mali müşavirinizin zamanı"
"calc.223","Hiring Cost Calculator","/hiring-cost-calculator","Yerli vs yurt dışı","yes","Finding, checking, permits and SGK paperwork are","Bulma, kontrol, izinler ve SGK evrak işleri"
"calc.224","Hiring Cost Calculator","/hiring-cost-calculator","Yerli vs yurt dışı","","done by us","bizim tarafımızdan yapılır"
"calc.225","Hiring Cost Calculator","/hiring-cost-calculator","Yerli vs yurt dışı","","This is a long-term hire, not a stopgap","Bu uzun vadeli bir işe alımdır, geçici bir çözüm değil"
"calc.226","Hiring Cost Calculator","/hiring-cost-calculator","Yerli vs yurt dışı","","The one-off costs only look big if you think of the worker as temporary. In practice these hires stay for years — the permit renews with you, and every renewal is cheaper than the first year.","Tek seferlik masraflar yalnızca işçiyi geçici görürseniz büyük durur. Pratikte bu işçiler yıllarca kalır — izin sizinle birlikte yenilenir ve her yenileme ilk yıldan daha ucuzdur."
"calc.227","Hiring Cost Calculator","/hiring-cost-calculator","Yerli vs yurt dışı","","The permit ladder","İzin Süreci"
"calc.228","Hiring Cost Calculator","/hiring-cost-calculator","Yerli vs yurt dışı","","1 year","1 yıl"
"calc.229","Hiring Cost Calculator","/hiring-cost-calculator","Yerli vs yurt dışı","","+2 years","+2 yıl"
"calc.230","Hiring Cost Calculator","/hiring-cost-calculator","Yerli vs yurt dışı","","+3 years","+3 yıl"
"calc.231","Hiring Cost Calculator","/hiring-cost-calculator","Yerli vs yurt dışı","","The first permit is for one year, then it extends by two, then by three. That takes the same worker to six years on your payroll. After that the permit keeps renewing on the same basis, and once they reach eight years of legal residence in Turkey they can apply for an open-ended permit.","İlk izin bir yıllıktır, sonra iki yıl, ardından üç yıl uzatılır. Bu, aynı işçiyi bordronuzda altı yıla taşır. Sonrasında izin aynı esasla yenilenmeye devam eder ve Türkiye'de sekiz yıl yasal ikamete ulaştıklarında süresiz çalışma iznine başvurabilirler."
"calc.232","Hiring Cost Calculator","/hiring-cost-calculator","Yerli vs yurt dışı","","Why they stay","Neden kalıyorlar"
"calc.233","Hiring Cost Calculator","/hiring-cost-calculator","Yerli vs yurt dışı","","The permit is tied to your workplace, so they cannot move to the employer down the road mid-contract. They relocated for this job, their family plan depends on it, and a clean renewal record is what lets them keep working here. Leaving early costs them far more than it costs you.","İzin işyerinize bağlıdır; sözleşme ortasında yandaki işverene geçemezler. Bu iş için taşındılar, aile planları buna bağlı ve burada çalışmaya devam etmelerini sağlayan şey temiz bir yenileme geçmişi. Erken ayrılmak onlara sizden çok daha pahalıya mal olur."
"calc.234","Hiring Cost Calculator","/hiring-cost-calculator","Yerli vs yurt dışı","","What that is worth","Bunun değeri ne"
"calc.235","Hiring Cost Calculator","/hiring-cost-calculator","Yerli vs yurt dışı","","Every time someone walks out you pay again — advertising, interviews, the notice period, three months of training and a line running below capacity. A worker who stays three years skips all of that twice over, and by year two they know your machines better than a new local hire ever will in month one.","Biri işten her ayrıldığında yeniden ödersiniz — ilan, görüşmeler, ihbar süresi, üç aylık eğitim ve kapasitenin altında çalışan bir hat. Üç yıl kalan bir işçi bunların hepsini iki kez atlar ve ikinci yılda makinelerinizi, yeni bir yerli çalışanın ilk ayında bilebileceğinden çok daha iyi bilir."
"calc.236","Hiring Cost Calculator","/hiring-cost-calculator","Yerli vs yurt dışı","","The one-off cost, spread over time — per worker","Tek seferlik maliyetin zamana yayılmış hali — işçi başına"
"calc.237","Hiring Cost Calculator","/hiring-cost-calculator","Yerli vs yurt dışı","","Permit fees + flight, paid once","İzin harçları + uçak bileti, bir kez"
"calc.238","Hiring Cost Calculator","/hiring-cost-calculator","Yerli vs yurt dışı","","Per month if they stay 1 year","1 yıl kalırlarsa aylık"
"calc.239","Hiring Cost Calculator","/hiring-cost-calculator","Yerli vs yurt dışı","","Per month if they stay 3 years","3 yıl kalırlarsa aylık"
"calc.240","Hiring Cost Calculator","/hiring-cost-calculator","Yerli vs yurt dışı","","Renewals cost only the state fee — no new flight, no new search, no retraining. That is why employers who have done this once keep the same people instead of starting again every season.","Yenilemeler yalnızca devlet harcı kadar tutar — yeni uçak bileti yok, yeni arama yok, yeniden eğitim yok. Bunu bir kez yapmış işverenlerin her sezon baştan başlamak yerine aynı kişileri tutmasının sebebi bu."
"calc.241","Hiring Cost Calculator","/hiring-cost-calculator","Yerli vs yurt dışı","","We say it openly: if you can fill the job locally, do that — it is simpler. This route is for the jobs that stay empty.","Açıkça söylüyoruz: işi yerelden doldurabiliyorsanız onu yapın — daha basit. Bu yol, boş kalan işler için."
"calc.242","Hiring Cost Calculator","/hiring-cost-calculator","Yerli vs yurt dışı","","The short answer","Kısa cevap"
"calc.243","Hiring Cost Calculator","/hiring-cost-calculator","Yerli vs yurt dışı","yes","Salary and SGK are","Maaş ve SGK, yerli ve yurt dışından işe alımda"
"calc.244","Hiring Cost Calculator","/hiring-cost-calculator","Yerli vs yurt dışı","","exactly the same","birebir aynı"
"calc.245","Hiring Cost Calculator","/hiring-cost-calculator","Yerli vs yurt dışı","","for a local and an overseas hire. Only two things differ.","dır. Yalnızca iki şey değişir."
"calc.246","Hiring Cost Calculator","/hiring-cost-calculator","Yerli vs yurt dışı","","1 · What overseas costs extra","1 · Yurt dışının ek maliyeti"
"calc.247","Hiring Cost Calculator","/hiring-cost-calculator","Yerli vs yurt dışı","","state fees, once","devlet harcı, tek sefer"
"calc.248","Hiring Cost Calculator","/hiring-cost-calculator","Yerli vs yurt dışı","","Plus one flight. Both are paid a single time — the permit then renews with you, cheaper each year.","Bir de uçak bileti. İkisi de tek sefer ödenir — izin sonrasında sizinle yenilenir, her yıl daha ucuza."
"calc.249","Hiring Cost Calculator","/hiring-cost-calculator","Yerli vs yurt dışı","","2 · What you get for it","2 · Karşılığında ne alıyorsunuz"
"calc.250","Hiring Cost Calculator","/hiring-cost-calculator","Yerli vs yurt dışı","","The job actually fills.","İş gerçekten doluyor."
"calc.251","Hiring Cost Calculator","/hiring-cost-calculator","Yerli vs yurt dışı","","At the same registered wage local applicants keep looking; these candidates apply and stay.","Aynı kayıtlı ücrette yerli adaylar aramaya devam ederken bu adaylar başvurup kalıyor."
"calc.252","Hiring Cost Calculator","/hiring-cost-calculator","Yerli vs yurt dışı","","Location is not a problem.","Konum sorun değil."
"calc.253","Hiring Cost Calculator","/hiring-cost-calculator","Yerli vs yurt dışı","","Workers move to the factory, farm or site — small cities included.","İşçiler fabrikaya, çiftliğe veya şantiyeye gelir — küçük şehirler dahil."
"calc.254","Hiring Cost Calculator","/hiring-cost-calculator","Yerli vs yurt dışı","","Skills tested first.","Beceriler önce test edilir."
"calc.255","Hiring Cost Calculator","/hiring-cost-calculator","Yerli vs yurt dışı","","Trade-tested candidates, ready now — no months of empty shifts.","Mesleği sınanmış adaylar, hemen hazır — aylarca boş vardiya yok."
"calc.256","Hiring Cost Calculator","/hiring-cost-calculator","Yerli vs yurt dışı","","They stay for the contract.","Sözleşme boyunca kalırlar."
"calc.257","Hiring Cost Calculator","/hiring-cost-calculator","Yerli vs yurt dışı","","The permit is tied to your workplace, so you stop re-hiring and re-training.","İzin işyerinize bağlıdır, böylece tekrar işe alma ve eğitme döngüsü biter."
"calc.258","Hiring Cost Calculator","/hiring-cost-calculator","Yerli vs yurt dışı","","Paperwork is ours.","Evrak işi bizde."
"calc.259","Hiring Cost Calculator","/hiring-cost-calculator","Yerli vs yurt dışı","yes","Sourcing, checks, permit filing and SGK admin are done by us.","Bulma, kontrol, izin başvurusu ve SGK işlemleri tarafımızdan yapılır."
"calc.260","Hiring Cost Calculator","/hiring-cost-calculator","Öğrenciler","","Hiring foreign students already in Turkey","Türkiye'de bulunan yabancı öğrencileri işe alma"
"calc.261","Hiring Cost Calculator","/hiring-cost-calculator","Öğrenciler","","This is a different route with its own rules: no flight, no consulate step, and the person is already living in your city. The limits depend entirely on what they are studying.","Bu, kendi kuralları olan farklı bir yol: uçak bileti yok, konsolosluk adımı yok ve kişi zaten sizin şehrinizde yaşıyor. Sınırlar tamamen ne okuduklarına bağlı."
"calc.262","Hiring Cost Calculator","/hiring-cost-calculator","Öğrenciler","","Associate & bachelor students","Ön lisans ve lisans öğrencileri"
"calc.263","Hiring Cost Calculator","/hiring-cost-calculator","Öğrenciler","","Ön lisans · Lisans","Ön lisans · Lisans"
"calc.264","Hiring Cost Calculator","/hiring-cost-calculator","Öğrenciler","","Only","Yalnızca"
"calc.265","Hiring Cost Calculator","/hiring-cost-calculator","Öğrenciler","","after the first year is finished","birinci sınıf tamamlandıktan sonra"
"calc.266","Hiring Cost Calculator","/hiring-cost-calculator","Öğrenciler","","— the prep year and the first year do not count.","— hazırlık yılı ve birinci sınıf sayılmaz."
"calc.267","Hiring Cost Calculator","/hiring-cost-calculator","Öğrenciler","","Part-time only","Yalnızca yarı zamanlı"
"calc.268","Hiring Cost Calculator","/hiring-cost-calculator","Öğrenciler","","— up to 24 hours a week.","— haftada en fazla 24 saat."
"calc.269","Hiring Cost Calculator","/hiring-cost-calculator","Öğrenciler","","Students on a Turkish state scholarship may not be allowed to work while they study.","Türkiye burslusu öğrencilerin öğrenim süresince çalışmasına izin verilmeyebilir."
"calc.270","Hiring Cost Calculator","/hiring-cost-calculator","Öğrenciler","","Master's & doctorate students","Yüksek lisans ve doktora öğrencileri"
"calc.271","Hiring Cost Calculator","/hiring-cost-calculator","Öğrenciler","","Yüksek lisans · Doktora","Yüksek lisans · Doktora"
"calc.272","Hiring Cost Calculator","/hiring-cost-calculator","Öğrenciler","","No waiting for the first year","Birinci yılı beklemek yok"
"calc.273","Hiring Cost Calculator","/hiring-cost-calculator","Öğrenciler","","— they can work from any point in their studies.","— öğrenimlerinin herhangi bir aşamasında çalışabilirler."
"calc.274","Hiring Cost Calculator","/hiring-cost-calculator","Öğrenciler","","No limit on weekly hours","Haftalık saat sınırı yok"
"calc.275","Hiring Cost Calculator","/hiring-cost-calculator","Öğrenciler","","— full-time work is possible.","— tam zamanlı çalışma mümkündür."
"calc.276","Hiring Cost Calculator","/hiring-cost-calculator","Öğrenciler","","Useful for engineering, IT, agriculture-science and management roles where the degree itself is the qualification.","Diplomanın kendisinin nitelik sayıldığı mühendislik, bilişim, ziraat ve yönetim pozisyonları için uygundur."
"calc.277","Hiring Cost Calculator","/hiring-cost-calculator","Öğrenciler","","You apply, not the student","Başvuruyu öğrenci değil siz yaparsınız"
"calc.278","Hiring Cost Calculator","/hiring-cost-calculator","Öğrenciler","","A student cannot file for their own permit. They find the job first, then you apply electronically to the Ministry on their behalf.","Öğrenci kendi izni için başvuramaz. Önce işi bulurlar, sonra siz onlar adına Bakanlığa elektronik ortamda başvurursunuz."
"calc.279","Hiring Cost Calculator","/hiring-cost-calculator","Öğrenciler","","Student residence stays separate","Öğrenci ikameti ayrı kalır"
"calc.280","Hiring Cost Calculator","/hiring-cost-calculator","Öğrenciler","","The work permit does not replace their student residence permit — that must stay valid throughout, or the permit falls with it.","Çalışma izni öğrenci ikamet iznini ortadan kaldırmaz — ikametin sürekli geçerli kalması gerekir, aksi halde çalışma izni de düşer."
"calc.281","Hiring Cost Calculator","/hiring-cost-calculator","Öğrenciler","","Student years do not build the 3-year exemption","Öğrencilik yılları 3 yıl muafiyetini oluşturmaz"
"calc.282","Hiring Cost Calculator","/hiring-cost-calculator","Öğrenciler","","The ""3 of the last 5 years resident"" exemption above excludes student residence — so a fresh graduate does not carry it, and the standard criteria apply to their first post-graduation permit.","Yukarıdaki ""son 5 yılın 3'ünde ikamet"" muafiyeti öğrenci ikametini kapsamaz — yeni mezun bu hakkı taşımaz ve mezuniyet sonrası ilk izninde standart şartlar geçerli olur."
"calc.283","Hiring Cost Calculator","/hiring-cost-calculator","Öğrenciler","","Working without a permit is not a grey area.","İzinsiz çalışma gri alan değildir."
"calc.284","Hiring Cost Calculator","/hiring-cost-calculator","Öğrenciler","yes","If a student is found working unregistered, the residence permit is cancelled by the migration authority and both of you face penalties. If you already have a student working informally, tell us — regularising the file is usually straightforward.","Bir öğrenci kayıt dışı çalışırken tespit edilirse ikamet izni göç idaresi tarafından iptal edilir ve iki taraf da ceza alır. Halihazırda kayıt dışı çalışan bir öğrenciniz varsa bize söyleyin — dosyayı yasal hale getirmek genelde kolaydır."
"calc.285","Hiring Cost Calculator","/hiring-cost-calculator","Öğrenciler","","Why this route is easier","Bu yol neden daha kolay"
"calc.286","Hiring Cost Calculator","/hiring-cost-calculator","Öğrenciler","","No flight, no consulate step, no relocation — the person already lives in your city. What they may work depends only on","Uçak bileti yok, konsolosluk adımı yok, taşınma yok — kişi zaten sizin şehrinizde yaşıyor. Ne çalışabilecekleri yalnızca"
"calc.287","Hiring Cost Calculator","/hiring-cost-calculator","Öğrenciler","","what they study","ne okuduklarına"
"calc.288","Hiring Cost Calculator","/hiring-cost-calculator","Öğrenciler","",".","bağlı."
"calc.289","Hiring Cost Calculator","/hiring-cost-calculator","Öğrenciler","","Bachelor / associate","Lisans / ön lisans"
"calc.290","Hiring Cost Calculator","/hiring-cost-calculator","Öğrenciler","","Lisans · Ön lisans","Lisans · Ön lisans"
"calc.291","Hiring Cost Calculator","/hiring-cost-calculator","Öğrenciler","","24 h / week","24 saat / hafta"
"calc.292","Hiring Cost Calculator","/hiring-cost-calculator","Öğrenciler","","part-time only","yalnızca yarı zamanlı"
"calc.293","Hiring Cost Calculator","/hiring-cost-calculator","Öğrenciler","","After year 1","1. yıldan sonra"
"calc.294","Hiring Cost Calculator","/hiring-cost-calculator","Öğrenciler","","prep year excluded","hazırlık yılı hariç"
"calc.295","Hiring Cost Calculator","/hiring-cost-calculator","Öğrenciler","","State-scholarship students may not be allowed to work at all while studying.","Türkiye burslusu öğrencilerin öğrenim süresince hiç çalışmasına izin verilmeyebilir."
"calc.296","Hiring Cost Calculator","/hiring-cost-calculator","Öğrenciler","","Master's / doctorate","Yüksek lisans / doktora"
"calc.297","Hiring Cost Calculator","/hiring-cost-calculator","Öğrenciler","","Yüksek lisans · Doktora","Yüksek lisans · Doktora"
"calc.298","Hiring Cost Calculator","/hiring-cost-calculator","Öğrenciler","","Full-time","Tam zamanlı"
"calc.299","Hiring Cost Calculator","/hiring-cost-calculator","Öğrenciler","","no hour limit","saat sınırı yok"
"calc.300","Hiring Cost Calculator","/hiring-cost-calculator","Öğrenciler","","From day one","İlk günden"
"calc.301","Hiring Cost Calculator","/hiring-cost-calculator","Öğrenciler","","no waiting year","bekleme yılı yok"
"calc.302","Hiring Cost Calculator","/hiring-cost-calculator","Öğrenciler","","Best fit for engineering, IT, agri-science and management roles.","Mühendislik, bilişim, ziraat ve yönetim pozisyonları için en uygunu."
"calc.303","Hiring Cost Calculator","/hiring-cost-calculator","Öğrenciler","","You apply, not the student.","Başvuruyu öğrenci değil siz yaparsınız."
"calc.304","Hiring Cost Calculator","/hiring-cost-calculator","Öğrenciler","","They find the job, you file with the Ministry.","Onlar işi bulur, siz Bakanlığa başvurursunuz."
"calc.305","Hiring Cost Calculator","/hiring-cost-calculator","Öğrenciler","","Student residence must stay valid","Öğrenci ikameti geçerli kalmalı"
"calc.306","Hiring Cost Calculator","/hiring-cost-calculator","Öğrenciler","","— the work permit falls with it.","— çalışma izni onunla birlikte düşer."
"calc.307","Hiring Cost Calculator","/hiring-cost-calculator","Öğrenciler","","Student years do not count","Öğrencilik yılları sayılmaz"
"calc.308","Hiring Cost Calculator","/hiring-cost-calculator","Öğrenciler","","towards the 3-of-5-years exemption after graduation.","— mezuniyet sonrası 5 yılın 3'ü muafiyetine dahil edilmez."
"calc.309","Hiring Cost Calculator","/hiring-cost-calculator","Öğrenciler","","Unregistered work cancels their residence.","Kayıt dışı çalışma ikameti iptal ettirir."
"calc.310","Hiring Cost Calculator","/hiring-cost-calculator","Öğrenciler","","Already have a student working informally? Tell us — regularising is usually straightforward.","Kayıt dışı çalışan bir öğrenciniz mi var? Bize söyleyin — yasal hale getirmek genelde kolaydır."
"calc.311","Hiring Cost Calculator","/hiring-cost-calculator","Menü ve genel etiketler","","About Us","Hakkımızda"
"calc.312","Hiring Cost Calculator","/hiring-cost-calculator","Menü ve genel etiketler","","Hire Workers","İşçi Talebi"
"calc.313","Hiring Cost Calculator","/hiring-cost-calculator","Menü ve genel etiketler","","Candidates","Adaylar"
"calc.314","Hiring Cost Calculator","/hiring-cost-calculator","Menü ve genel etiketler","","Work Permits","Çalışma İzinleri"
"calc.315","Hiring Cost Calculator","/hiring-cost-calculator","Menü ve genel etiketler","","Cost Calculator","Maliyet Hesaplama"
"calc.316","Hiring Cost Calculator","/hiring-cost-calculator","Menü ve genel etiketler","","Success Stories","Başarı Hikayeleri"
"calc.317","Hiring Cost Calculator","/hiring-cost-calculator","Menü ve genel etiketler","","Contact Us","İletişim"
"calc.318","Hiring Cost Calculator","/hiring-cost-calculator","Menü ve genel etiketler","","Blog","Blog"
"calc.319","Hiring Cost Calculator","/hiring-cost-calculator","Menü ve genel etiketler","","Blog & Guides","Blog ve Rehberler"
"calc.320","Hiring Cost Calculator","/hiring-cost-calculator","Menü ve genel etiketler","","Verify a Representative","Temsilci Doğrula"
"calc.321","Hiring Cost Calculator","/hiring-cost-calculator","Menü ve genel etiketler","","Partner With Us","İş Ortaklığı"
"calc.322","Hiring Cost Calculator","/hiring-cost-calculator","Menü ve genel etiketler","","Join Our Team","Ekibimize Katılın"
"calc.323","Hiring Cost Calculator","/hiring-cost-calculator","Menü ve genel etiketler","","CRM Login →","CRM Girişi →"
"calc.324","Hiring Cost Calculator","/hiring-cost-calculator","Menü ve genel etiketler","","Open the calculator","Hesaplayıcıyı aç"
"calc.325","Hiring Cost Calculator","/hiring-cost-calculator","Footer","","For Employers","İşverenler İçin"
"calc.326","Hiring Cost Calculator","/hiring-cost-calculator","Bölüm başlıkları","","Incentives that lower the bill","Faturayı düşüren teşvikler"
"calc.327","Hiring Cost Calculator","/hiring-cost-calculator","Bölüm başlıkları","yes","SGK discount, wage support, regional schemes","SGK indirimi, ücret desteği, bölgesel programlar"
"calc.328","Hiring Cost Calculator","/hiring-cost-calculator","Teşvikler","","Government incentives that lower the bill","Faturayı düşüren devlet teşvikleri"
"calc.329","Hiring Cost Calculator","/hiring-cost-calculator","Teşvikler","yes","SGK incentives (teşvikler) are given to the workplace, not to the worker's nationality, so the same discounts you get on Turkish staff apply here. Two of them are already built into the calculator.","SGK teşvikleri işçinin uyruğuna değil işyerine verilir; bu yüzden Türk çalışanlarınızda aldığınız indirimler burada da geçerlidir. İkisi hesaplayıcıya zaten dahil edilmiştir."
"calc.330","Hiring Cost Calculator","/hiring-cost-calculator","Teşvikler","yes","5510 SGK premium discount","5510 SGK prim indirimi"
"calc.331","Hiring Cost Calculator","/hiring-cost-calculator","Teşvikler","","2 points · 5 points in manufacturing","2 puan · imalatta 5 puan"
"calc.332","Hiring Cost Calculator","/hiring-cost-calculator","Teşvikler","","Minimum wage support","Asgari ücret desteği"
"calc.333","Hiring Cost Calculator","/hiring-cost-calculator","Teşvikler","","Regional & investment incentives","Bölgesel ve yatırım teşvikleri"
"calc.334","Hiring Cost Calculator","/hiring-cost-calculator","Teşvikler","","Up to the full employer share","İşveren payının tamamına kadar"
"calc.335","Hiring Cost Calculator","/hiring-cost-calculator","Teşvikler","","With an investment incentive certificate, the employer premium share on minimum wage can be covered — in Zone 6 the worker's share too. Depends on your sector, city and certificate.","Yatırım teşvik belgesiyle asgari ücret üzerindeki işveren prim payı karşılanabilir — 6. Bölge'de işçi payı da. Sektörünüze, şehrinize ve belgenize bağlıdır."
"calc.336","Hiring Cost Calculator","/hiring-cost-calculator","Teşvikler","","Not modelled in the calculator — your accountant will know if your workplace holds one.","Hesaplayıcıda modellenmemiştir — işyerinizin böyle bir belgesi olup olmadığını mali müşaviriniz bilir."
"calc.337","Hiring Cost Calculator","/hiring-cost-calculator","Teşvikler","","₺1,270 per insured worker / month (2026)","Sigortalı işçi başına ayda ₺1.270 (2026)"
"calc.338","Hiring Cost Calculator","/hiring-cost-calculator","Teşvikler","yes","₺42.33 per day, offset against your SGK premiums from the Unemployment Insurance Fund. Continues in 2026 for workplaces that meet the conditions.","Günlük ₺42,33; İşsizlik Sigortası Fonu'ndan SGK primlerinizden mahsup edilir. Şartları karşılayan işyerleri için 2026'da devam ediyor."
"calc.339","Hiring Cost Calculator","/hiring-cost-calculator","Teşvikler","","On 10 workers that is","10 işçide bu, prim faturanızdan ayda"
"calc.340","Hiring Cost Calculator","/hiring-cost-calculator","Teşvikler","","a month off your premium bill.","düşer."
"calc.341","Hiring Cost Calculator","/hiring-cost-calculator","Teşvikler","","The Treasury covers part of the employer's disability–old age–death premium. Manufacturing workplaces get 5 points through 2026; other sectors get 2.","Hazine, işverenin malüllük–yaşlılık–ölüm priminin bir kısmını karşılar. İmalat işyerleri 2026 boyunca 5 puan, diğer sektörler 2 puan alır."
"calc.342","Hiring Cost Calculator","/hiring-cost-calculator","Teşvikler","","What the state does","Devletin öde"
"calc.343","Hiring Cost Calculator","/hiring-cost-calculator","Teşvikler","","not","mediği"
"calc.344","Hiring Cost Calculator","/hiring-cost-calculator","Teşvikler","","pay for","şeyler"
"calc.345","Hiring Cost Calculator","/hiring-cost-calculator","Teşvikler","","No subsidy for hiring a foreigner","Yabancı işçi almak için destek yok"
"calc.346","Hiring Cost Calculator","/hiring-cost-calculator","Teşvikler","","There is no grant, refund or bonus for employing a foreign worker. If someone promises you one, it is not true.","Yabancı işçi çalıştırmak için hibe, iade veya prim yoktur. Size böyle bir şey vaat eden varsa doğru değildir."
"calc.347","Hiring Cost Calculator","/hiring-cost-calculator","Teşvikler","","Agricultural support goes to the producer","Tarımsal destek üreticiye gider"
"calc.348","Hiring Cost Calculator","/hiring-cost-calculator","Teşvikler","","Agricultural subsidies (tarımsal destekler) fund production — land, diesel, seed, livestock. They are not employment support, and hiring overseas workers does not add to them.","Tarımsal destekler üretimi finanse eder — arazi, mazot, tohum, hayvancılık. Bunlar istihdam desteği değildir ve yurt dışından işçi almak bu destekleri artırmaz."
"calc.349","Hiring Cost Calculator","/hiring-cost-calculator","Teşvikler","","Some incentives exclude foreigners","Bazı teşvikler yabancıları kapsam dışı bırakır"
"calc.350","Hiring Cost Calculator","/hiring-cost-calculator","Teşvikler","yes","Incentives that require the hire to be registered unemployed at İŞKUR (7103 / geçici 19) cannot be used, because a foreign national cannot hold that registration.","İşe alınan kişinin İŞKUR'a işsiz kayıtlı olmasını gerektiren teşvikler (7103 / geçici 19) kullanılamaz, çünkü bir yabancı uyruklu böyle bir kayıt tutamaz."
"calc.351","Hiring Cost Calculator","/hiring-cost-calculator","Teşvikler","","KOSGEB wage support excludes them by rule","KOSGEB ücret desteği kural gereği kapsam dışı bırakır"
"calc.352","Hiring Cost Calculator","/hiring-cost-calculator","Teşvikler","","The qualified-personnel (nitelikli eleman) salary support is written for Turkish citizens with a university degree — foreign nationals are named in the exclusions, alongside retirees and the owner's family. KOSGEB's other programmes fund the business, not this hire.","Nitelikli eleman ücret desteği üniversite mezunu Türk vatandaşları için yazılmıştır — yabancı uyruklular, emekliler ve işletme sahibinin ailesiyle birlikte istisnalar arasında açıkça sayılır. KOSGEB'in diğer programları bu işe alımı değil işletmeyi finanse eder."
"calc.353","Hiring Cost Calculator","/hiring-cost-calculator","Teşvikler","","What you can get:","Alabilecekleriniz:"
"calc.354","Hiring Cost Calculator","/hiring-cost-calculator","Teşvikler","yes","the 5510 premium discount and the minimum wage support above. Both belong to your workplace and both are already in the calculator.","yukarıdaki 5510 prim indirimi ve asgari ücret desteği. İkisi de işyerinize aittir ve ikisi de hesaplayıcıda zaten var."
"calc.355","Hiring Cost Calculator","/hiring-cost-calculator","Teşvikler","","These discounts depend on your workplace, not on us.","Bu indirimler bize değil, işyerinize bağlıdır."
"calc.356","Hiring Cost Calculator","/hiring-cost-calculator","Teşvikler","yes","To get any SGK incentive, the workplace must have no unpaid premium debt, must file its declarations on time and must have no unregistered workers. If one of these is broken, the workplace loses all of them, including the minimum wage support. Ask your mali müşavir before you count on the saving. We always quote the full price without discounts, so there are no surprises.","Herhangi bir SGK teşviğinden yararlanmak için işyerinin ödenmemiş prim borcu olmamalı, beyannamelerini zamanında vermeli ve kayıt dışı işçisi bulunmamalıdır. Bunlardan biri bozulursa işyeri, asgari ücret desteği dahil hepsini kaybeder. Tasarrufa güvenmeden önce mali müşavirinize danışın. Biz her zaman indirimsiz tam fiyat veririz, böylece sürpriz olmaz."
"calc.357","Hiring Cost Calculator","/hiring-cost-calculator","Teşvikler","","Already in your estimate","Tahmininize zaten dahil"
"calc.358","Hiring Cost Calculator","/hiring-cost-calculator","Teşvikler","yes","SGK premium discount (5510).","SGK prim indirimi (5510)."
"calc.359","Hiring Cost Calculator","/hiring-cost-calculator","Teşvikler","","Your rate above is","Yukarıdaki oranınız tam %23,75 yerine"
"calc.360","Hiring Cost Calculator","/hiring-cost-calculator","Teşvikler","","instead of the full 23.75% — manufacturing gets 18.75%.","— imalatta %18,75."
"calc.361","Hiring Cost Calculator","/hiring-cost-calculator","Teşvikler","","Minimum wage support ₺1,270","Asgari ücret desteği ₺1.270"
"calc.362","Hiring Cost Calculator","/hiring-cost-calculator","Teşvikler","","per worker per month — on 10 workers that is ₺12,700 off the premium bill.","işçi başına ayda — 10 işçide prim faturasından ₺12.700 düşer."
"calc.363","Hiring Cost Calculator","/hiring-cost-calculator","Teşvikler","","One more — case by case","Bir tane daha — duruma göre"
"calc.364","Hiring Cost Calculator","/hiring-cost-calculator","Teşvikler","","Regional & investment incentives.","Bölgesel ve yatırım teşvikleri."
"calc.365","Hiring Cost Calculator","/hiring-cost-calculator","Teşvikler","","With an investment certificate the whole employer share on minimum wage can be covered. Not in the calculator — your accountant knows if you hold one.","Yatırım belgesiyle asgari ücret üzerindeki işveren payının tamamı karşılanabilir. Hesaplayıcıda yok — belgeniz olup olmadığını mali müşaviriniz bilir."
"calc.366","Hiring Cost Calculator","/hiring-cost-calculator","Teşvikler","","What does not exist","Var olmayanlar"
"calc.367","Hiring Cost Calculator","/hiring-cost-calculator","Teşvikler","","There is",""
"calc.368","Hiring Cost Calculator","/hiring-cost-calculator","Teşvikler","","no grant or refund for hiring a foreign worker","Yabancı işçi almak için hibe veya iade yoktur"
"calc.369","Hiring Cost Calculator","/hiring-cost-calculator","Teşvikler","yes",". İŞKUR-based incentives (7103) and KOSGEB wage support exclude foreign nationals by rule, and agricultural support funds production, not employment. Also: any SGK discount is lost if the workplace has premium debt, late filings or unregistered staff — so we always quote the full price.",". İŞKUR'a dayalı teşvikler (7103) ve KOSGEB ücret desteği kural gereği yabancı uyrukluları kapsamaz; tarımsal destek ise istihdamı değil üretimi finanse eder. Ayrıca: işyerinin prim borcu, geç beyanı veya kayıt dışı çalışanı varsa her türlü SGK indirimi düşer — bu yüzden biz her zaman tam fiyat veririz."
"calc.370","Hiring Cost Calculator","/hiring-cost-calculator","Diğer","","₺100,000","₺100.000"
"calc.371","Hiring Cost Calculator","/hiring-cost-calculator","Diğer","","₺800,000","₺800.000"
"calc.372","Hiring Cost Calculator","/hiring-cost-calculator","Diğer","","$250,000","250.000 $"
"calc.373","Hiring Cost Calculator","/hiring-cost-calculator","Diğer","","₺100k","₺100.000"
"calc.374","Hiring Cost Calculator","/hiring-cost-calculator","Diğer","","₺800k","₺800.000"
"calc.375","Hiring Cost Calculator","/hiring-cost-calculator","Diğer","","$250k","250.000 $"
"calc.376","Hiring Cost Calculator","/hiring-cost-calculator","Geçer-mi testi","","Pass check","Geçer-mi testi"
"calc.377","Hiring Cost Calculator","/hiring-cost-calculator","Geçer-mi testi","","Reset ✕","Sıfırla ✕"
"calc.378","Hiring Cost Calculator","/hiring-cost-calculator","Geçer-mi testi","","Your answers are not sent to us — the check runs in your browser.","Cevaplarınız bize gönderilmez — kontrol tarayıcınızda çalışır."
"calc.379","Hiring Cost Calculator","/hiring-cost-calculator","Geçer-mi testi","","Fix these first","Önce bunları düzeltin"
"calc.380","Hiring Cost Calculator","/hiring-cost-calculator","Geçer-mi testi","","Want your exact number?","Net rakamınızı ister misiniz?"
"calc.381","Hiring Cost Calculator","/hiring-cost-calculator","Geçer-mi testi","","Send us the roles and headcount — written quote within 24 hours.","Meslekleri ve işçi sayısını gönderin — 24 saat içinde yazılı teklif."
"calc.382","Hiring Cost Calculator","/hiring-cost-calculator","Geçer-mi testi","","Most refusals come from five things. Answer them honestly. It takes a minute and shows you whether to file now or fix something first.","Retlerin çoğu beş şeyden kaynaklanır. Bunları dürüstçe cevaplayın. Bir dakika sürer ve şimdi mi başvurmanız yoksa önce bir şeyi mi düzeltmeniz gerektiğini gösterir."
"calc.383","Hiring Cost Calculator","/hiring-cost-calculator","SSS","","Cost questions","Maliyet soruları"
"calc.384","Hiring Cost Calculator","/hiring-cost-calculator","SSS","","What employers ask when they see these numbers for the first time.","İşverenlerin bu rakamları ilk gördüklerinde sordukları."
"calc.385","Hiring Cost Calculator","/hiring-cost-calculator","Teşvikler","","No discount","İndirim yok"
"calc.386","Hiring Cost Calculator","/hiring-cost-calculator","Teşvikler","","Most sectors (2 pt)","Çoğu sektör (2 puan)"
"calc.387","Hiring Cost Calculator","/hiring-cost-calculator","Teşvikler","","Manufacturing (5 pt)","İmalat (5 puan)"
"calc.388","Hiring Cost Calculator","/hiring-cost-calculator","Teşvikler","","In the calculator","Hesaplayıcıda var"
"calc.389","Hiring Cost Calculator","/hiring-cost-calculator","Teşvikler","","Case by case","Duruma göre"
"calc.390","Hiring Cost Calculator","/hiring-cost-calculator","Footer","","Get directions","Yol tarifi alın"
"calc.391","Hiring Cost Calculator","/hiring-cost-calculator","Footer","","WhatsApp Us →","WhatsApp'tan yazın →"
"calc.392","Hiring Cost Calculator","/hiring-cost-calculator","Footer","","Manage your workforce anywhere","İş gücünüzü her yerden yönetin"
"calc.393","Hiring Cost Calculator","/hiring-cost-calculator","Footer","","Approve candidates, track permits and get instant updates.","Adayları onaylayın, izinleri takip edin ve anlık bildirim alın."
"calc.394","Hiring Cost Calculator","/hiring-cost-calculator","Footer","","Antalya · Head office","Antalya · Merkez ofis"
"calc.395","Hiring Cost Calculator","/hiring-cost-calculator","Footer","","Karachi · Tech office","Karaçi · Teknoloji ofisi"
"calc.396","Hiring Cost Calculator","/hiring-cost-calculator","Footer","","Mon–Fri 09:00–18:00","Pzt–Cum 09:00–18:00"
"calc.397","Hiring Cost Calculator","/hiring-cost-calculator","Footer","","Mon–Sat 10:00–19:00 PKT","Pzt–Cmt 10:00–19:00 PKT"
"calc.398","Hiring Cost Calculator","/hiring-cost-calculator","Menü ve genel etiketler","","CRM Login","CRM Girişi"
"calc.399","Hiring Cost Calculator","/hiring-cost-calculator","Diğer","","Pick a profession","Meslek seçin"
"calc.400","Hiring Cost Calculator","/hiring-cost-calculator","Footer","","Company","Kurumsal"
"calc.401","Hiring Cost Calculator","/hiring-cost-calculator","Footer","","Contact","İletişim"
"calc.402","Hiring Cost Calculator","/hiring-cost-calculator","Footer","","Get Our App","Uygulamamız"
"calc.403","Hiring Cost Calculator","/hiring-cost-calculator","Footer","","Privacy","Gizlilik Politikası"
"calc.404","Hiring Cost Calculator","/hiring-cost-calculator","Footer","","Terms","Kullanım Şartları"
"calc.405","Hiring Cost Calculator","/hiring-cost-calculator","SSS","","FAQ","SSS"
"calc.406","Hiring Cost Calculator","/hiring-cost-calculator","Diğer","","Email","E-posta"
"calc.407","Hiring Cost Calculator","/hiring-cost-calculator","Cezalar","","₺102,504","₺102.504"
"calc.408","Hiring Cost Calculator","/hiring-cost-calculator","Cezalar","","₺205,008","₺205.008"
"calc.409","Hiring Cost Calculator","/hiring-cost-calculator","Cezalar","","₺170,906","₺170.906"
"calc.410","Hiring Cost Calculator","/hiring-cost-calculator","Cezalar","","₺341,812","₺341.812"
"calc.411","Hiring Cost Calculator","/hiring-cost-calculator","Yerli vs yurt dışı","","≈ ₺16,000","≈ ₺16.000"
"calc.412","Hiring Cost Calculator","/hiring-cost-calculator","Menü ve genel etiketler","","Language","Dil"
"calc.413","Hiring Cost Calculator","/hiring-cost-calculator","Geçer-mi testi","","Send my result to a specialist","Sonucumu bir uzmana gönder"
"calc.414","Hiring Cost Calculator","/hiring-cost-calculator","Footer","yes","İŞKUR permit No. 1730 · Job seekers are never charged a fee (law No. 4904) · Tax No: 48422122","İŞKUR İzin Belgesi No: 1730 · İş arayanlardan hiçbir ücret alınmaz (4904 sayılı kanun) · Vergi No: 48422122"
"calc.415","Hiring Cost Calculator","/hiring-cost-calculator","Teşvikler","","23.75%","%23,75"
"calc.416","Hiring Cost Calculator","/hiring-cost-calculator","Teşvikler","","21.75%","%21,75"
"calc.417","Hiring Cost Calculator","/hiring-cost-calculator","Teşvikler","","18.75%","%18,75"
"calc.418","Hiring Cost Calculator","/hiring-cost-calculator","Menü ve genel etiketler","yes","İŞKUR Licensed · Permit No. 1730","Özel İstihdam Bürosu · İzin Belgesi No: 1730"
"calc.419","Hiring Cost Calculator","/hiring-cost-calculator","Menü ve genel etiketler","yes","İŞKUR · 1730","İŞKUR · 1730"
"calc.420","Hiring Cost Calculator","/hiring-cost-calculator","Diğer","","Serving employers across Türkiye","Türkiye genelinde işverenlere hizmet"
"calc.421","Hiring Cost Calculator","/hiring-cost-calculator","Hesaplayıcı","","Hide the breakdown","Dökümü gizle"
"calc.422","Hiring Cost Calculator","/hiring-cost-calculator","Hesaplayıcı","","See where the money goes","Para nereye gidiyor?"
"calc.423","Hiring Cost Calculator","/hiring-cost-calculator","Hesaplayıcı","","Fewer options","Daha az seçenek"
"calc.424","Hiring Cost Calculator","/hiring-cost-calculator","Hesaplayıcı","yes","+ Contract, extras & SGK discount","+ Sözleşme, ekstralar ve SGK teşviki"
"calc.425","Hiring Cost Calculator","/hiring-cost-calculator","Diğer","","No foreign workers yet","Henüz yabancı işçi yok"
"calc.426","Hiring Cost Calculator","/hiring-cost-calculator","Diğer","","Standard rule not met","Standart kural karşılanmıyor"
"calc.427","Hiring Cost Calculator","/hiring-cost-calculator","Diğer","","Standard rule allows","Standart kuralın izin verdiği"
"calc.428","Hiring Cost Calculator","/hiring-cost-calculator","Diğer","","Counted as 5 Turkish employees for each foreign worker. Your number fits exactly.","Her yabancı işçi için 5 Türk çalışan sayılır. Sayınız tam olarak uyuyor."
"calc.429","Hiring Cost Calculator","/hiring-cost-calculator","Diğer","","That is within your quota.","Bu, kotanızın içinde."
"calc.430","Hiring Cost Calculator","/hiring-cost-calculator","Kota kontrolü","","By sector","Sektöre göre"
"calc.431","Hiring Cost Calculator","/hiring-cost-calculator","Kota kontrolü","","By company","Şirkete göre"
"calc.432","Hiring Cost Calculator","/hiring-cost-calculator","Kota kontrolü","","By candidate","Adaya göre"
"calc.433","Hiring Cost Calculator","/hiring-cost-calculator","Geçer-mi testi","","Yes","Evet"
"calc.434","Hiring Cost Calculator","/hiring-cost-calculator","Geçer-mi testi","","No","Hayır"
"calc.435","Hiring Cost Calculator","/hiring-cost-calculator","Geçer-mi testi","","Not sure","Emin değilim"
"calc.436","Hiring Cost Calculator","/hiring-cost-calculator","Geçer-mi testi","","Clear — recheck above ↑","Uygun — yukarıdan kontrol edin ↑"
"calc.437","Hiring Cost Calculator","/hiring-cost-calculator","Geçer-mi testi","","Short — fix above ↑","Yetersiz — yukarıdan düzeltin ↑"
"calc.438","Hiring Cost Calculator","/hiring-cost-calculator","Geçer-mi testi","","Your result","Sonucunuz"
"calc.439","Hiring Cost Calculator","/hiring-cost-calculator","Geçer-mi testi","","Answer the five checks","Beş kontrolü cevaplayın"
"calc.440","Hiring Cost Calculator","/hiring-cost-calculator","Geçer-mi testi","","The quota check is filled in from the calculator above. Answer the other four and you get a straight verdict.","Kota kontrolü yukarıdaki hesaplayıcıdan otomatik dolar. Diğer dördünü cevaplayın, net bir sonuç alın."
"calc.441","Hiring Cost Calculator","/hiring-cost-calculator","Geçer-mi testi","","In progress","Devam ediyor"
"calc.442","Hiring Cost Calculator","/hiring-cost-calculator","Geçer-mi testi","","So far, so good","Şu ana kadar iyi"
"calc.443","Hiring Cost Calculator","/hiring-cost-calculator","Geçer-mi testi","","Nothing has failed yet. Finish the remaining checks for the full verdict.","Henüz hiçbir şey takılmadı. Tam sonuç için kalan kontrolleri tamamlayın."
"calc.444","Hiring Cost Calculator","/hiring-cost-calculator","Geçer-mi testi","","Confirm:","Teyit edin:"
"calc.445","Hiring Cost Calculator","/hiring-cost-calculator","Geçer-mi testi","","Your company meets one of the financial criteria","Şirketiniz mali şartlardan birini karşılıyor"
"calc.446","Hiring Cost Calculator","/hiring-cost-calculator","Geçer-mi testi","","₺100,000 paid-in capital, ₺800,000 gross sales or $250,000 exports in the last financial year — any one of the three is enough.","Son mali yılda ₺100.000 ödenmiş sermaye, ₺800.000 brüt satış veya 250.000 $ ihracat — üçünden biri yeterlidir."
"calc.447","Hiring Cost Calculator","/hiring-cost-calculator","Geçer-mi testi","","Company criteria not met. Household employers and a few categories are outside it — send us your figures before anything is filed.","Şirket şartları karşılanmıyor. Ev hizmetlerinde çalıştıranlar ve birkaç kategori bunun dışındadır — dosya açılmadan önce rakamlarınızı bize gönderin."
"calc.448","Hiring Cost Calculator","/hiring-cost-calculator","Geçer-mi testi","","You have enough Turkish employees for the 5:1 rule","5:1 kuralı için yeterli Türk çalışanınız var"
"calc.449","Hiring Cost Calculator","/hiring-cost-calculator","Geçer-mi testi","yes","No overdue SGK or tax debt at this workplace","Bu işyerinde vadesi geçmiş SGK veya vergi borcu yok"
"calc.450","Hiring Cost Calculator","/hiring-cost-calculator","Geçer-mi testi","","Premiums and filings up to date, and no unregistered-employment finding on record. Debt blocks the permit and your incentives at the same time.","Primler ve beyanlar güncel, kayıtlarda kayıt dışı istihdam tespiti yok. Borç hem izni hem teşviklerinizi aynı anda bloke eder."
"calc.451","Hiring Cost Calculator","/hiring-cost-calculator","Geçer-mi testi","yes","Clear the SGK or tax debt, or put a payment plan in place — the file stalls at the Ministry otherwise.","SGK veya vergi borcunu kapatın ya da bir ödeme planına bağlayın — aksi halde dosya Bakanlıkta takılır."
"calc.452","Hiring Cost Calculator","/hiring-cost-calculator","Geçer-mi testi","","The salary you will declare is at or above the legal minimum","Beyan edeceğiniz maaş yasal alt sınırda veya üzerinde"
"calc.453","Hiring Cost Calculator","/hiring-cost-calculator","Geçer-mi testi","","Documents ready, translated and notarised","Belgeler hazır, tercüme ve noter onaylı"
"calc.454","Hiring Cost Calculator","/hiring-cost-calculator","Geçer-mi testi","","Passport, diploma or trade certificate with a sworn Turkish translation (plus denklik for foreign degrees), signed contract and company documents. Incomplete paperwork is the most common single cause of refusal.","Pasaport, yeminli Türkçe tercümesiyle diploma veya ustalık belgesi (yabancı diplomalar için ayrıca denklik), imzalı sözleşme ve şirket evrakları. Eksik evrak, tek başına en sık ret sebebidir."
"calc.455","Hiring Cost Calculator","/hiring-cost-calculator","Geçer-mi testi","","Get the sworn translations and notarisations done before the file opens — we send the exact list per nationality and role.","Dosya açılmadan önce yeminli tercüme ve noter onaylarını tamamlayın — uyruğa ve mesleğe göre tam listeyi biz gönderiyoruz."
"calc.456","Hiring Cost Calculator","/hiring-cost-calculator","Geçer-mi testi","","Result","Sonuç"
"calc.457","Hiring Cost Calculator","/hiring-cost-calculator","Geçer-mi testi","","Nothing blocking — you can file","Engel yok — başvurabilirsiniz"
"calc.458","Hiring Cost Calculator","/hiring-cost-calculator","Geçer-mi testi","","All five checks pass. On this basis the application is in normal shape; the remaining variables are the candidate's own documents and Ministry timing.","Beş kontrolün hepsi geçti. Bu temelde başvuru normal durumda; kalan değişkenler adayın kendi belgeleri ve Bakanlık süresidir."
"calc.459","Hiring Cost Calculator","/hiring-cost-calculator","Geçer-mi testi","","One thing to confirm first","Önce teyit edilmesi gereken bir şey var"
"calc.460","Hiring Cost Calculator","/hiring-cost-calculator","Geçer-mi testi","","Nothing has failed, but an unchecked assumption becomes a refusal later. Confirm the items below with your accountant — or send them to us and we will check them for you.","Henüz hiçbir şey takılmadı, ancak kontrol edilmemiş bir varsayım sonradan rette döner. Aşağıdakileri mali müşavirinizle teyit edin — ya da bize gönderin, sizin için kontrol edelim."
"calc.461","Hiring Cost Calculator","/hiring-cost-calculator","Geçer-mi testi","","One blocker — fix it before filing","Bir engel — başvurmadan önce düzeltin"
"calc.462","Hiring Cost Calculator","/hiring-cost-calculator","Geçer-mi testi","","Filing now most likely ends in a refusal, and the time is lost. These are fixable — most employers clear them in a few weeks.","Şimdi başvurmak büyük olasılıkla retle biter ve süre kaybedilir. Bunlar çözülebilir — işverenlerin çoğu birkaç haftada hallediyor."
"calc.463","Hiring Cost Calculator","/hiring-cost-calculator","Diğer","","per worker","işçi başına"
"calc.464","Hiring Cost Calculator","/hiring-cost-calculator","Diğer","","/ month","/ ay"
"calc.465","Hiring Cost Calculator","/hiring-cost-calculator","Diğer","","/ mo","/ ay"
"calc.466","Hiring Cost Calculator","/hiring-cost-calculator","Diğer","","Manufacturing · 5 pt","İmalat · 5 puan"
"calc.467","Hiring Cost Calculator","/hiring-cost-calculator","Diğer","","Other sectors · 2 pt","Diğer sektörler · 2 puan"
"calc.468","Hiring Cost Calculator","/hiring-cost-calculator","Diğer","","No discount","İndirim yok"
"calc.469","Hiring Cost Calculator","/hiring-cost-calculator","Diğer","","First-year total","İlk yıl toplamı"
"calc.470","Hiring Cost Calculator","/hiring-cost-calculator","Diğer","","Full year","Tam yıl"
"calc.471","Hiring Cost Calculator","/hiring-cost-calculator","Diğer","","6 months (season)","6 ay (sezon)"
"calc.472","Hiring Cost Calculator","/hiring-cost-calculator","Diğer","","9 months","9 ay"
"calc.473","Hiring Cost Calculator","/hiring-cost-calculator","Diğer","","Full year","Tam yıl"
"calc.474","Hiring Cost Calculator","/hiring-cost-calculator","Diğer","","All industries","Tüm sektörler"
"calc.475","Hiring Cost Calculator","/hiring-cost-calculator","Diğer","","All","Tümü"
"calc.476","Hiring Cost Calculator","/hiring-cost-calculator","Diğer","","Skilled · 1.5×","Nitelikli · 1,5×"
"calc.477","Hiring Cost Calculator","/hiring-cost-calculator","Öğrenciler","","Standard · 1×","Standart · 1×"
"calc.478","Hiring Cost Calculator","/hiring-cost-calculator","Diğer","","In calculator ✓","Hesaplayıcıda ✓"
"calc.479","Hiring Cost Calculator","/hiring-cost-calculator","Diğer","","Use in calculator →","Hesaplayıcıda kullan →"
"calc.480","Hiring Cost Calculator","/hiring-cost-calculator","SSS","","Is the service fee really not shown here?","Hizmet bedeli gerçekten burada gösterilmiyor mu?"
"calc.481","Hiring Cost Calculator","/hiring-cost-calculator","SSS","","That is right, because it depends on the job, the number of workers and how much of the work you need from us. It is always a fixed amount, agreed in writing before we start, and you pay nothing in advance. Send us the roles and the number of workers and you get the exact price within 24 hours.","Doğru, çünkü işe, işçi sayısına ve işin ne kadarını bizden istediğinize göre değişir. Her zaman sabit bir tutardır, işe başlamadan önce yazılı olarak anlaşılır ve peşin hiçbir ödeme yapmazsınız. Meslekleri ve işçi sayısını gönderin, 24 saat içinde net fiyatı alacaksınız."
"calc.482","Hiring Cost Calculator","/hiring-cost-calculator","SSS","","Do foreign workers cost more than Turkish workers?","Yabancı işçiler Türk işçilerden daha mı pahalı?"
"calc.483","Hiring Cost Calculator","/hiring-cost-calculator","SSS","yes","On payroll, no. The gross salary and the SGK payments are the same, because Turkish labour law treats both workers the same way. The extra cost is paid only once: permit and card fees of about ₺16,000 per worker for each permit period, plus travel if you pay for it. Over a contract of several years, the difference per month is small.","Bordroda hayır. Brüt maaş ve SGK ödemeleri aynıdır, çünkü Türk iş hukuku iki işçiye de aynı şekilde davranır. Ek maliyet yalnızca bir kez ödenir: her izin dönemi için işçi başına yaklaşık ₺16.000 izin ve kart harcı, artı siz karşılıyorsanız seyahat. Birkaç yıllık bir sözleşmede aylk fark küçüktür."
"calc.484","Hiring Cost Calculator","/hiring-cost-calculator","SSS","","Is there a legal minimum salary for foreign workers?","Yabancı işçiler için yasal bir asgari maaş var mı?"
"calc.485","Hiring Cost Calculator","/hiring-cost-calculator","SSS","","Yes. Every job has a minimum gross salary, set as a multiple of the minimum wage: 1× for unskilled jobs, 1.5× for skilled and specialist jobs, and more for engineers and managers. If you offer less, the permit is refused, so this calculator does not let you go below the minimum for the job you choose.","Evet. Her işin, asgari ücretin katı olarak belirlenmiş bir asgari brüt maaşı vardır: niteliksiz işlerde 1 kat, nitelikli ve uzmanlık işlerinde 1,5 kat, mühendis ve yöneticilerde daha fazlası. Daha düşük teklif ederseniz izin reddedilir; bu yüzden hesaplayıcı seçtiğiniz iş için alt sınırın altına inmenize izin vermez."
"calc.486","Hiring Cost Calculator","/hiring-cost-calculator","SSS","","Who pays the flight and the accommodation?","Uçak biletini ve konaklamayı kim öder?"
"calc.487","Hiring Cost Calculator","/hiring-cost-calculator","SSS","yes","You decide this together and write it in the contract. Most of our employers pay the one-way flight and give shared accommodation, especially in construction, farming and hotels, because workers stay longer that way. For most jobs the law does not require either.","Bunu birlikte kararlaştırıp sözleşmeye yazarsınız. İşverenlerimizin çoğu tek yön uçak biletini öder ve paylaşımlı konaklama sağlar; özellikle inşaat, tarım ve otelcilikte, çünkü işçiler böylece daha uzun kalıyor. Çoğu iş için kanun ikisini de zorunlu tutmaz."
"calc.488","Hiring Cost Calculator","/hiring-cost-calculator","SSS","yes","Do government SGK incentives apply to foreign workers too?","Devlet SGK teşvikleri yabancı işçilerde de geçerli mi?"
"calc.489","Hiring Cost Calculator","/hiring-cost-calculator","SSS","yes","The ones given to the workplace do. The 5510 premium discount and the minimum wage support are given to your workplace and depend on your own SGK record, not on the worker's nationality, so they work the same way for a foreign worker. Incentives that need the person to be registered as unemployed at İŞKUR, such as 7103 / geçici 19, cannot be used, because a foreign worker cannot have that registration. Since everything depends on your own SGK record, we always quote the full price without discounts and let your accountant confirm the saving.","İşyerine verilenler geçerli. 5510 prim indirimi ve asgari ücret desteği işyerinize verilir ve işçinin uyruğuna değil sizin SGK sicilinize bağlıdır; bu yüzden yabancı işçide de aynı şekilde işler. Kişinin İŞKUR'a işsiz kayıtlı olmasını gerektiren 7103 / geçici 19 gibi teşvikler kullanılamaz, çünkü yabancı işçi böyle bir kayıt tutamaz. Her şey sizin SGK sicilinize bağlı olduğu için biz her zaman indirimsiz tam fiyat veririz ve tasarrufu mali müşavirinizin teyit etmesini isteriz."
"calc.490","Hiring Cost Calculator","/hiring-cost-calculator","SSS","","Is there a limit on how many foreign workers we can employ?","Kaç yabancı işçi çalıştırabileceğimize dair bir sınır var mı?"
"calc.491","Hiring Cost Calculator","/hiring-cost-calculator","SSS","yes","Yes. As a rule the Ministry wants five Turkish employees registered with SGK at that workplace for every foreign worker. Some cases are exempt: certified tourism and hotel businesses with at least ten Turkish employees, workplaces with net sales of ₺50 million or more (up to five foreign workers), household services, and people who have lived legally in Turkey for three of the last five years. Use the quota check above for your own numbers. We confirm any exemption in writing before we file an application.","Evet. Kural olarak Bakanlık, her yabancı işçi için o işyerinde SGK'ya kayıtlı beş Türk çalışan ister. Bazı durumlar muaftır: en az on Türk çalışanı olan belgeli turizm ve otel işletmeleri, net satışı 50 milyon ₺ ve üzeri olan işyerleri (beş yabancı işçiye kadar), ev hizmetleri ve son beş yılın üçünde Türkiye'de yasal olarak yaşamış kişiler. Kendi rakamlarınız için yukarıdaki kota kontrolünü kullanın. Başvuru yapmadan önce her muafiyeti yazılı olarak teyit ederiz."
"calc.492","Hiring Cost Calculator","/hiring-cost-calculator","SSS","","Is there government funding for hiring foreign workers, in agriculture or any other sector?","Tarımda veya başka bir sektörde yabancı işçi almak için devlet desteği var mı?"
"calc.493","Hiring Cost Calculator","/hiring-cost-calculator","SSS","yes","No. Turkey gives no grant, refund or wage support for employing a foreign worker, in farming or in any other sector. Farming supports (tarımsal destekler) are paid to the producer for production itself: land, diesel, seed and animals. They do not increase if you hire workers from abroad. The only state help here is the SGK premium discount and the minimum wage support, and you would get both for a Turkish employee too.","Hayır. Türkiye, ne tarımda ne de başka bir sektörde yabancı işçi çalıştırmak için hibe, iade veya ücret desteği vermez. Tarımsal destekler üreticiye üretimin kendisi için ödenir: arazi, mazot, tohum ve hayvan. Yurt dışından işçi almanız bu destekleri artırmaz. Buradaki tek devlet yardımı SGK prim indirimi ve asgari ücret desteğidir; ikisini de bir Türk çalışan için de alırdınız."
"calc.494","Hiring Cost Calculator","/hiring-cost-calculator","SSS","","Does our company itself have to meet any conditions?","Şirketimizin kendisinin karşılaması gereken şartlar var mı?"
"calc.495","Hiring Cost Calculator","/hiring-cost-calculator","SSS","","Yes, and this is separate from the 5:1 rule. Your company must meet at least one of these: ₺100,000 paid-in capital, ₺800,000 gross sales last year, or $250,000 of exports. One of them is enough. Household employers and a few exempt groups do not have to meet this. Many companies fail here without expecting it, so check it before you open a file. The pass check on this page takes you through it.","Evet ve bu 5:1 kuralından ayrıdır. Şirketiniz şunlardan en az birini karşılamalıdır: ₺100.000 ödenmiş sermaye, geçen yıl ₺800.000 brüt satış veya 250.000 $ ihracat. Biri yeterlidir. Ev hizmetlerinde çalıştıranlar ve bazı muaf gruplar bunu karşılamak zorunda değildir. Birçok şirket beklemediği halde burada takılır; dosya açmadan önce kontrol edin. Bu sayfadaki geçer-mi testi sizi adım adım götürür."
"calc.496","Hiring Cost Calculator","/hiring-cost-calculator","SSS","","What happens if we employ someone without a permit?","İzinsiz işçi çalıştırırsak ne olur?"
"calc.497","Hiring Cost Calculator","/hiring-cost-calculator","SSS","yes","Under Law No. 6735 the employer pays a fine of ₺102,504 for each foreign worker found without a permit in 2026, and double that if it happens again. You must also pay the worker's accommodation, return travel and health costs, including for the spouse and children. The worker gets a separate fine and is reported for deportation. On top of this, your workplace loses all SGK incentives for one month, or for one year if it happens again within three years. One fine costs more than doing everything legally.","6735 sayılı Kanun uyarınca işveren, 2026'da izinsiz çalıştığı tespit edilen her yabancı işçi için ₺102.504 ceza öder, tekrarında bunun iki katı. Ayrıca işçinin konaklama, dönüş yolculuğu ve sağlık masraflarını, eşi ve çocukları dahil ödemeniz gerekir. İşçiye ayrıca ceza kesilir ve sınır dışı edilmek üzere bildirilir. Bunların üstüne işyeriniz tüm SGK teşviklerini bir ay boyunca, üç yıl içinde tekrarlanırsa bir yıl boyunca kaybeder. Tek bir ceza, her şeyi yasal yapmaktan pahalıya gelir."
"calc.498","Hiring Cost Calculator","/hiring-cost-calculator","SSS","","Can we employ a foreign student who is already studying here?","Burada okuyan bir yabancı öğrenciyi çalıştırabilir miyiz?"
"calc.499","Hiring Cost Calculator","/hiring-cost-calculator","SSS","","Yes, with a work permit that you apply for. The student cannot apply alone. Associate and bachelor students can work only after their first year, and only part-time, up to 24 hours a week. Some students on state scholarships cannot work at all while studying. Master's and doctorate students have no such limits: they can work from any point in their studies, with no hour limit. Their student residence permit must stay valid all the time, because the work permit does not replace it. One thing employers often get wrong: student years do not count for the three-of-five-years exemption, so a new graduate's first normal work permit follows the standard rules.","Evet, sizin başvuracağınız bir çalışma izniyle. Öğrenci tek başına başvuramaz. Ön lisans ve lisans öğrencileri yalnızca birinci yıllarını tamamladıktan sonra ve yalnızca yarı zamanlı, haftada en fazla 24 saat çalışabilir. Devlet burslu bazı öğrenciler öğrenim süresince hiç çalışamaz. Yüksek lisans ve doktora öğrencilerinde böyle bir sınır yoktur: öğrenimlerinin herhangi bir aşamasında, saat sınırı olmadan çalışabilirler. Öğrenci ikamet izinlerinin sürekli geçerli kalması gerekir, çünkü çalışma izni onun yerine geçmez. İşverenlerin sık yanıldığı bir nokta: öğrencilik yılları beş yılın üçü muafiyetine sayılmaz, bu yüzden yeni mezunun ilk normal çalışma izni standart kurallara tabidir."
"calc.500","Hiring Cost Calculator","/hiring-cost-calculator","SSS","","Can we claim KOSGEB or similar support for a foreign employee's wages?","Yabancı bir çalışanın ücreti için KOSGEB veya benzeri destek alabilir miyiz?"
"calc.501","Hiring Cost Calculator","/hiring-cost-calculator","SSS","yes","No. KOSGEB's qualified-personnel salary support is only for Turkish citizens with a university degree, and foreign workers are named in the list of people who cannot be employed under it, together with retirees and the owner's own family. KOSGEB's other programmes support the business itself (investment, machinery, digital work, training) and none of them pay part of a worker's wage. If your accountant already has a KOSGEB employment commitment, foreign workers still count in your total SGK staff number, but not in the personnel support payment.","Hayır. KOSGEB'in nitelikli eleman ücret desteği yalnızca üniversite mezunu Türk vatandaşları içindir ve yabancı işçiler, emekliler ve işletme sahibinin ailesiyle birlikte bu kapsamda çalıştırılamayacaklar listesinde açıkça sayılır. KOSGEB'in diğer programları işletmenin kendisini destekler (yatırım, makine, dijitalleşme, eğitim) ve hiçbiri işçi ücretinin bir kısmını ödemez. Mali müşavirinizin halihazırda bir KOSGEB istihdam taahhüdü varsa, yabancı işçiler toplam SGK çalışan sayınıza dahil edilir, ancak personel destek ödemesine dahil edilmez."
"calc.502","Hiring Cost Calculator","/hiring-cost-calculator","SSS","","We only need workers for the 6-month season — does that change the cost?","Yalnızca 6 aylık sezon için işçi lazım — bu maliyeti değiştirir mi?"
"calc.503","Hiring Cost Calculator","/hiring-cost-calculator","SSS","","The monthly cost is the same, but the one-time costs are shared over fewer months. Permit fees and flights are paid once, whether the contract is six months or three years, so the cost per month is higher for a season. Set the contract length to 6 months in the calculator and you see that figure. For very short work there is also the work permit exemption route, which avoids the full permit process. Send us one message and we tell you which one fits you.","Aylık maliyet aynıdır, ancak tek seferlik masraflar daha az aya bölünür. İzin harçları ve uçak bileti, sözleşme altı ay da üç yıl da olsa bir kez ödenir; bu yüzden bir sezonda aylık maliyet daha yüksektir. Hesaplayıcıda sözleşme süresini 6 ay yapın, o rakamı görürsünüz. Çok kısa işler için ayrıca tam izin sürecinden kaçınmayı sağlayan çalışma izni muafiyeti yolu vardır. Tek bir mesaj atın, size hangisinin uyduğunu söyleyelim."
"calc.504","Hiring Cost Calculator","/hiring-cost-calculator","SSS","","Are the permit fees per year or one-off?","İzin harçları yıllık mı yoksa tek seferlik mi?"
"calc.505","Hiring Cost Calculator","/hiring-cost-calculator","SSS","","Per permit period. The first permit is usually one year, the first extension two years and the next three years. You pay the fee again at each renewal, not every year.","İzin dönemi başına. İlk izin genellikle bir yıl, ilk uzatma iki yıl ve sonraki üç yıldır. Harcı her yenilemede tekrar ödersiniz, her yıl değil."
"calc.506","Hiring Cost Calculator","/hiring-cost-calculator","SSS","","What is not included in this estimate?","Bu tahmine neler dahil değil?"
"calc.507","Hiring Cost Calculator","/hiring-cost-calculator","SSS","","Our service fee, meals, transport to the site, overtime, bonuses, money set aside for severance pay, and costs that belong to your sector. Income tax and stamp duty are not paid at minimum wage level, and above it they are taken from the worker's salary, not paid by you.","Hizmet bedelimiz, yemek, iş yerine ulaşım, fazla mesai, primler, kıdem tazminatı için ayrılan karşılık ve sektörünüze özgü masraflar. Gelir vergisi ve damga vergisi asgari ücret seviyesinde ödenmez; üzerinde ise işçinin maaşından kesilir, siz ödemezsiniz."
"calc.508","Hiring Cost Calculator","/hiring-cost-calculator","SSS","","How often are these figures updated?","Bu rakamlar ne sıklıkla güncelleniyor?"
"calc.509","Hiring Cost Calculator","/hiring-cost-calculator","SSS","yes","The minimum wage, SGK rates and permit fees change every January, and we update this page when they do — the badge at the top shows the last update. Salary ranges are refreshed from our own placement data.","Asgari ücret, SGK oranları ve izin harçları her Ocak ayında değişir ve biz de bu sayfayı o zaman güncelleriz — en üstteki rozet son güncelleme tarihini gösterir. Maaş aralıkları kendi yerleştirme verilerimizden yenilenir."
"calc.510","Hiring Cost Calculator","/hiring-cost-calculator","Kota kontrolü","","What your business does can remove the rule completely. These are the sector exemptions in the Ministry's rules.","İşinizin ne olduğu kuralı tamamen ortadan kaldırabilir. Bakanlık mevzuatındaki sektör muafiyetleri şunlardır."
"calc.511","Hiring Cost Calculator","/hiring-cost-calculator","Kota kontrolü","","The size of your company and the type of work can also remove the rule.","Şirketinizin büyüklüğü ve işin türü de kuralı ortadan kaldırabilir."
"calc.512","Hiring Cost Calculator","/hiring-cost-calculator","Kota kontrolü","","Sometimes the exemption comes from the candidate, not from you. These are the fastest routes when your quota is full.","Bazen muafiyet sizden değil adaydan gelir. Kotanız doluyken en hızlı yollar bunlardır."
"calc.513","Hiring Cost Calculator","/hiring-cost-calculator","Kota kontrolü","","Household services","Ev hizmetleri"
"calc.514","Hiring Cost Calculator","/hiring-cost-calculator","Kota kontrolü","","Staff employed by a private person at home — carers, cleaners, cooks — do not need the 5:1 rule at all.","Bir gerçek kişi tarafından evde çalıştırılan bakıcı, temizlikçi, aşçı gibi çalışanlar için 5:1 kuralı hiç aranmaz."
"calc.515","Hiring Cost Calculator","/hiring-cost-calculator","Kota kontrolü","","Tourism & accommodation","Turizm ve konaklama"
"calc.516","Hiring Cost Calculator","/hiring-cost-calculator","Kota kontrolü","","Certified 3-star and higher hotels, holiday villages and licensed thermal hotels. With at least 10 Turkish employees, specialist and master-craft jobs do not need the 5:1 rule or the company financial test: two foreign workers with a tourism operating licence, five in health tourism. For normal jobs the Turkish staff are counted across the whole company, and every extra 5 at a branch gives one more place.","Belgeli 3 yıldız ve üzeri oteller, tatil köyleri ve belgeli termal oteller. En az 10 Türk çalışan varsa uzmanlık ve ustalık gerektiren işler için 5:1 kuralı ve şirket mali şartı aranmaz: turizm işletme belgesiyle iki yabancı, sağlık turizminde beş. Normal işlerde Türk çalışanlar şirketin tamamı üzerinden sayılır ve bir şubedeki her 5 kişi bir kontenjan daha açar."
"calc.517","Hiring Cost Calculator","/hiring-cost-calculator","Kota kontrolü","","Entertainment & tourism-animation","Eğlence ve turizm-animasyon"
"calc.518","Hiring Cost Calculator","/hiring-cost-calculator","Kota kontrolü","","Entertainment and animation companies with at least 10 Turkish employees do not have the 5:1 rule applied to specialist and master-craft jobs such as acrobats, dancers, musicians, animators, masseurs and SPA therapists.","En az 10 Türk çalışanı olan eğlence ve animasyon şirketlerinde akrobat, dansçı, müzisyen, animatör, masaj uzmanı ve SPA terapisti gibi uzmanlık ve ustalık işleri için 5:1 kuralı uygulanmaz."
"calc.519","Hiring Cost Calculator","/hiring-cost-calculator","Kota kontrolü","","Licensed sports centres","Belgeli spor merkezleri"
"calc.520","Hiring Cost Calculator","/hiring-cost-calculator","Kota kontrolü","","Licensed sports centres with at least 20 Turkish employees do not have the 5:1 rule applied to specialist jobs.","En az 20 Türk çalışanı olan belgeli spor merkezlerinde uzmanlık işleri için 5:1 kuralı uygulanmaz."
"calc.521","Hiring Cost Calculator","/hiring-cost-calculator","Kota kontrolü","","Foreign airline representations","Yabancı havayolu temsilcilikleri"
"calc.522","Hiring Cost Calculator","/hiring-cost-calculator","Kota kontrolü","","Turkish offices of foreign national airlines do not need the 5:1 rule or the company financial test for senior managers and specialists.","Yabancı milli havayolu şirketlerinin Türkiye ofislerinde üst düzey yönetici ve uzmanlar için 5:1 kuralı ve şirket mali şartı aranmaz."
"calc.523","Hiring Cost Calculator","/hiring-cost-calculator","Kota kontrolü","","Net sales of ₺50 million or more","50 milyon ₺ ve üzeri net satış"
"calc.524","Hiring Cost Calculator","/hiring-cost-calculator","Kota kontrolü","","If your workplace had net sales of ₺50 million or more last year, the 5:1 rule does not apply for up to five foreign workers.","İşyerinizin geçen yılki net satışı 50 milyon ₺ veya üzeriyse, beş yabancı işçiye kadar 5:1 kuralı uygulanmaz."
"calc.525","Hiring Cost Calculator","/hiring-cost-calculator","Kota kontrolü","","Public procurement work","Kamu ihalesi işleri"
"calc.526","Hiring Cost Calculator","/hiring-cost-calculator","Kota kontrolü","","If the work is for goods or services bought by a public institution through a contract or tender, the 5:1 rule and the company test do not apply.","İş, bir kamu kurumunun sözleşme veya ihale yoluyla aldığı mal ya da hizmete yönelikse 5:1 kuralı ve şirket şartı uygulanmaz."
"calc.527","Hiring Cost Calculator","/hiring-cost-calculator","Kota kontrolü","","Bilateral and multilateral treaties","İkili ve çok taraflı anlaşmalar"
"calc.528","Hiring Cost Calculator","/hiring-cost-calculator","Kota kontrolü","","If an agreement signed by Turkey covers this, the normal rules are not applied.","Türkiye'nin imzaladığı bir anlaşma bu durumu kapsıyorsa normal kurallar uygulanmaz."
"calc.529","Hiring Cost Calculator","/hiring-cost-calculator","Kota kontrolü","","Company partners","Şirket ortakları"
"calc.530","Hiring Cost Calculator","/hiring-cost-calculator","Kota kontrolü","","If the foreign worker is a company shareholder, the 5:1 rule is checked only in the last six months of the first one-year permit, not at the beginning.","Yabancı işçi şirket ortağıysa 5:1 kuralı başlangıçta değil, yalnızca ilk bir yıllık iznin son altı ayında kontrol edilir."
"calc.531","Hiring Cost Calculator","/hiring-cost-calculator","Kota kontrolü","","3 of the last 5 years legally resident","Son 5 yılın 3'ünde yasal ikamet"
"calc.532","Hiring Cost Calculator","/hiring-cost-calculator","Kota kontrolü","","A candidate who has lived in Turkey with a residence permit, work permit or international protection for three of the last five years does not need the 5:1 rule or the company test. Student years do not count. This is often the fastest route when your quota is full.","Son beş yılın üçünde Türkiye'de ikamet izni, çalışma izni veya uluslararası koruma ile yaşamış bir aday için 5:1 kuralı ve şirket şartı aranmaz. Öğrencilik yılları sayılmaz. Kotanız doluyken genellikle en hızlı yol budur."
"calc.533","Hiring Cost Calculator","/hiring-cost-calculator","Kota kontrolü","","Married to a Turkish citizen","Türk vatandaşı ile evli"
"calc.534","Hiring Cost Calculator","/hiring-cost-calculator","Kota kontrolü","","A foreign national who is married to a Turkish citizen and lives with them in Turkey can get a permit through the special route, outside the normal rules.","Türk vatandaşı ile evli olan ve Türkiye'de birlikte yaşayan yabancılar, normal kuralların dışında istisnai yoldan izin alabilir."
"calc.535","Hiring Cost Calculator","/hiring-cost-calculator","Kota kontrolü","","Parent or child is a Turkish citizen","Anne, baba veya çocuğu Türk vatandaşı"
"calc.536","Hiring Cost Calculator","/hiring-cost-calculator","Kota kontrolü","","If the candidate's mother, father or child is a Turkish citizen, the normal rules are not applied.","Adayın annesi, babası veya çocuğu Türk vatandaşıysa normal kurallar uygulanmaz."
"calc.537","Hiring Cost Calculator","/hiring-cost-calculator","Kota kontrolü","","Qualified workforce or investor","Nitelikli işgücü veya yatırımcı"
"calc.538","Hiring Cost Calculator","/hiring-cost-calculator","Kota kontrolü","","Candidates accepted as qualified because of their education, salary, work experience or contribution to science and technology, and qualified investors, are handled under Article 16 without the normal rules.","Eğitimi, maaşı, iş deneyimi ya da bilim ve teknolojiye katkısı nedeniyle nitelikli kabul edilen adaylar ve nitelikli yatırımcılar, normal kurallar aranmadan 16. madde kapsamında değerlendirilir."
"calc.539","Hiring Cost Calculator","/hiring-cost-calculator","Kota kontrolü","","Turkish origin, protection status, project-based","Türk soylu, koruma statüsü, proje bazlı"
"calc.540","Hiring Cost Calculator","/hiring-cost-calculator","Kota kontrolü","","People of Turkish descent, people applying for international protection, conditional refugees and staff brought in for one defined project also use the special route.","Türk soylular, uluslararası korumaya başvuranlar, şartlı mülteciler ve tanımlı tek bir proje için getirilen personel de istisnai yolu kullanır."
"calc.541","Hiring Cost Calculator","/hiring-cost-calculator","Meslek ve etiket listeleri","","Textile machine operator","Tekstil makine operatörü"
"calc.542","Hiring Cost Calculator","/hiring-cost-calculator","Meslek ve etiket listeleri","","Construction labourer","İnşaat işçisi"
"calc.543","Hiring Cost Calculator","/hiring-cost-calculator","Meslek ve etiket listeleri","","Kitchen steward","Bulaşıkhane görevlisi"
"calc.544","Hiring Cost Calculator","/hiring-cost-calculator","Meslek ve etiket listeleri","","Machine operator","Makine operatörü"
"calc.545","Hiring Cost Calculator","/hiring-cost-calculator","Meslek ve etiket listeleri","","Electrician","Elektrikçi"
"calc.546","Hiring Cost Calculator","/hiring-cost-calculator","Meslek ve etiket listeleri","","Plumber","Tesisatçı"
"calc.547","Hiring Cost Calculator","/hiring-cost-calculator","Meslek ve etiket listeleri","","Housekeeping","Kat hizmetleri"
"calc.548","Hiring Cost Calculator","/hiring-cost-calculator","Meslek ve etiket listeleri","","Cook / chef","Aşçı / şef"
"calc.549","Hiring Cost Calculator","/hiring-cost-calculator","Meslek ve etiket listeleri","","No quota at all","Hiç kota yok"
"calc.550","Hiring Cost Calculator","/hiring-cost-calculator","Meslek ve etiket listeleri","","Senior & specialist","Üst düzey ve uzman"
"calc.551","Hiring Cost Calculator","/hiring-cost-calculator","Meslek ve etiket listeleri","","Factory","Fabrika"
"calc.552","Hiring Cost Calculator","/hiring-cost-calculator","Meslek ve etiket listeleri","","Hotel","Otel"
"calc.553","Hiring Cost Calculator","/hiring-cost-calculator","Meslek ve etiket listeleri","","Agriculture","Tarım"
"calc.554","Hiring Cost Calculator","/hiring-cost-calculator","Meslek ve etiket listeleri","","Construction","İnşaat"
"calc.555","Hiring Cost Calculator","/hiring-cost-calculator","Meslek ve etiket listeleri","","Welder","Kaynakçı"
"calc.556","Hiring Cost Calculator","/hiring-cost-calculator","Meslek ve etiket listeleri","","welder","kaynakçı"
"calc.557","Hiring Cost Calculator","/hiring-cost-calculator","Hesaplanan cümleler (sayılar değişir)","yes","Legal minimum for this job: ₺49,545 gross (1.5× the minimum wage).","Bu iş için yasal asgari: 49.545 ₺ brüt (asgari ücretin 1,5 katı)."
"calc.558","Hiring Cost Calculator","/hiring-cost-calculator","Hesaplanan cümleler (sayılar değişir)","yes","25 employees make exactly 5 complete blocks — no spare capacity, 5 more unlock the next place.","25 çalışan için 5 tam kontenjan bulunmaktadır. Her 5 çalışan, bir kontenjanı doldurur; sonraki 5 çalışan için yeni bir kontenjan açılır."
"calc.559","Hiring Cost Calculator","/hiring-cost-calculator","Hesaplanan cümleler (sayılar değişir)","yes","Answered from your quota check above: 25 Turkish employees allow 5, and you planned 1.","Kota kontrolüne göre, 25 Türk çalışan için 5 yabancı çalışan kontenjanı bulunmaktadır. Planlanan: 1 yabancı çalışan."
"calc.560","Hiring Cost Calculator","/hiring-cost-calculator","Hesaplanan cümleler (sayılar değişir)","","12 months of payroll + one-off costs","12 aylık bordro + tek seferlik maliyetler"
"calc.561","Hiring Cost Calculator","/hiring-cost-calculator","Hesaplanan cümleler (sayılar değişir)","","1 of 5 checks clear · 4 unanswered","5 kontrolden 1 tamam · 4 yanıtlanmadı"
"partner.001","Partner With Us","/partner-with-us","Menü ve genel etiketler","","About Us","Hakkımızda"
"partner.002","Partner With Us","/partner-with-us","Menü ve genel etiketler","","Hire Workers","İşçi Talebi"
"partner.003","Partner With Us","/partner-with-us","Menü ve genel etiketler","","Candidates","Adaylar"
"partner.004","Partner With Us","/partner-with-us","Menü ve genel etiketler","","Work Permits","Çalışma İzinleri"
"partner.005","Partner With Us","/partner-with-us","Menü ve genel etiketler","","Cost Calculator","Maliyet Hesaplama"
"partner.006","Partner With Us","/partner-with-us","Menü ve genel etiketler","","Success Stories","Başarı Hikâyeleri"
"partner.007","Partner With Us","/partner-with-us","Menü ve genel etiketler","","Contact Us","İletişim"
"partner.008","Partner With Us","/partner-with-us","Menü ve genel etiketler","","Partner With Us","İş Ortağı Olun"
"partner.009","Partner With Us","/partner-with-us","Menü ve genel etiketler","","Join Our Team","Ekibimize Katılın"
"partner.010","Partner With Us","/partner-with-us","Menü ve genel etiketler","","Blog & Guides","Blog ve Rehberler"
"partner.011","Partner With Us","/partner-with-us","Menü ve genel etiketler","","Blog","Blog"
"partner.012","Partner With Us","/partner-with-us","Menü ve genel etiketler","","Verify a Representative","Temsilci Doğrulama"
"partner.013","Partner With Us","/partner-with-us","Menü ve genel etiketler","","CRM Login","CRM Girişi"
"partner.014","Partner With Us","/partner-with-us","Menü ve genel etiketler","","CRM Login →","CRM Girişi →"
"partner.015","Partner With Us","/partner-with-us","Menü ve genel etiketler","","Language","Dil"
"partner.016","Partner With Us","/partner-with-us","Menü ve genel etiketler","","Home","Ana Sayfa"
"partner.017","Partner With Us","/partner-with-us","Menü ve genel etiketler","","Apply","Başvurun"
"partner.018","Partner With Us","/partner-with-us","Menü ve genel etiketler","","to partner","iş ortaklığı için"
"partner.019","Partner With Us","/partner-with-us","Menü ve genel etiketler","","Menu","Menü"
"partner.020","Partner With Us","/partner-with-us","Üst bilgi ve lisans","yes","İŞKUR Licensed · Permit No. 1730","İŞKUR Lisanslı · İzin No. 1730"
"partner.021","Partner With Us","/partner-with-us","Üst bilgi ve lisans","yes","İŞKUR · 1730","İŞKUR · 1730"
"partner.022","Partner With Us","/partner-with-us","Üst bilgi ve lisans","","info@jobsadmire.com","info@jobsadmire.com"
"partner.023","Partner With Us","/partner-with-us","Hero","","Partner with a licensed recruitment agency in Turkey","Türkiye’de lisanslı bir işe alım ajansıyla iş ortağı olun"
"partner.024","Partner With Us","/partner-with-us","Hero","","We sit between supply and demand: licensed agents and institutes send us verified candidates, and we place them with Turkish HR agencies and employers — with every work permit filed by us.","Arz ile talep arasında duruyoruz: lisanslı acenteler ve eğitim kurumları bize doğrulanmış adaylar gönderiyor, biz de onları Türk İK ajansları ve işverenleriyle buluşturuyoruz — çalışma izinlerinin tamamı bizim tarafımızdan alınıyor."
"partner.025","Partner With Us","/partner-with-us","Hero","","Licensed agents and institutes send us verified candidates — we place them with Turkish employers and file every work permit.","Lisanslı acenteler ve eğitim kurumları bize doğrulanmış adaylar gönderiyor — biz onları Türk işverenlerle buluşturuyor ve tüm çalışma izinlerini alıyoruz."
"partner.026","Partner With Us","/partner-with-us","Hero","yes","İŞKUR-licensed","İŞKUR lisanslı"
"partner.027","Partner With Us","/partner-with-us","Hero","yes","— Permit No. 1730","— İzin No. 1730"
"partner.028","Partner With Us","/partner-with-us","Hero","","Clear partnership terms","Net iş ortaklığı koşulları"
"partner.029","Partner With Us","/partner-with-us","Hero","","— agreed in writing before we start","— başlamadan önce yazılı olarak karara bağlanır"
"partner.030","Partner With Us","/partner-with-us","Hero","","Choose your partnership →","Ortaklık türünüzü seçin →"
"partner.031","Partner With Us","/partner-with-us","Hero","","WhatsApp us","WhatsApp’tan yazın"
"partner.032","Partner With Us","/partner-with-us","Hero","","We speak","Konuştuğumuz diller"
"partner.033","Partner With Us","/partner-with-us","Hero","","English, Turkish, French, Hindi and Russian","İngilizce, Türkçe, Fransızca, Hintçe ve Rusça"
"partner.034","Partner With Us","/partner-with-us","Hero","","Hero photo — partner meeting, handshake or agent network","Hero fotoğrafı — ortak görüşmesi, el sıkışma veya acente ağı"
"partner.035","Partner With Us","/partner-with-us","Ağımız — rakamlar","","Our network today","Bugün ağımız"
"partner.036","Partner With Us","/partner-with-us","Ağımız — rakamlar","","Growing weekly","Her hafta büyüyor"
"partner.037","Partner With Us","/partner-with-us","Ağımız — rakamlar","","HR agencies in Turkey we supply workers to","İşçi tedarik ettiğimiz Türkiye’deki İK ajansları"
"partner.038","Partner With Us","/partner-with-us","Ağımız — rakamlar","","HR agencies in Turkey","Türkiye’deki İK ajansları"
"partner.039","Partner With Us","/partner-with-us","Ağımız — rakamlar","","licensed sourcing partners already sending candidates","hâlihazırda aday gönderen lisanslı tedarik ortağı"
"partner.040","Partner With Us","/partner-with-us","Ağımız — rakamlar","","Sourcing partners abroad","Yurt dışındaki tedarik ortakları"
"partner.041","Partner With Us","/partner-with-us","Ağımız — rakamlar","","source countries across Asia and Africa","Asya ve Afrika’da kaynak ülke"
"partner.042","Partner With Us","/partner-with-us","Ağımız — rakamlar","","Source countries","Kaynak ülkeler"
"partner.043","Partner With Us","/partner-with-us","Ağımız — rakamlar","","workers placed through this network","bu ağ üzerinden yerleştirilen işçi"
"partner.044","Partner With Us","/partner-with-us","Ağımız — rakamlar","","Workers placed","Yerleştirilen işçiler"
"partner.045","Partner With Us","/partner-with-us","Ağımız — rakamlar","","partner companies already in the network","ağda yer alan ortak şirket"
"partner.046","Partner With Us","/partner-with-us","Ağımız — rakamlar","","Offices in Antalya, Türkiye and Karachi, Pakistan — our own teams on both sides of every placement.","Antalya (Türkiye) ve Karaçi (Pakistan) ofisleri — her yerleştirmenin iki tarafında da kendi ekiplerimiz var."
"partner.047","Partner With Us","/partner-with-us","Zincirdeki yeriniz","","Where you fit in the chain","Zincirdeki yeriniz"
"partner.048","Partner With Us","/partner-with-us","Zincirdeki yeriniz","","We are a licensed recruitment agency — we never take your client relationship, and we never sign directly around you. Employers looking to hire directly can start on our","Biz lisanslı bir işe alım ajansıyız — müşteri ilişkinizi asla devralmayız ve sizi atlayarak doğrudan sözleşme imzalamayız. Doğrudan işçi almak isteyen işverenler şu sayfadan başlayabilir:"
"partner.049","Partner With Us","/partner-with-us","Zincirdeki yeriniz","","page.","sayfası."
"partner.050","Partner With Us","/partner-with-us","Zincirdeki yeriniz","","Supply","Arz"
"partner.051","Partner With Us","/partner-with-us","Zincirdeki yeriniz","","Agents & institutes","Acenteler ve eğitim kurumları"
"partner.052","Partner With Us","/partner-with-us","Zincirdeki yeriniz","","Licensed partners abroad send verified, skill-tested candidates","Yurt dışındaki lisanslı ortaklar, doğrulanmış ve beceri sınavından geçmiş adaylar gönderir"
"partner.053","Partner With Us","/partner-with-us","Zincirdeki yeriniz","","Recruitment","İşe alım"
"partner.054","Partner With Us","/partner-with-us","Zincirdeki yeriniz","","JobsAdmire","JobsAdmire"
"partner.055","Partner With Us","/partner-with-us","Zincirdeki yeriniz","yes","Vetting, matching, contracts and every work permit filed under Turkish law","Türk mevzuatı kapsamında inceleme, eşleştirme, sözleşme ve tüm çalışma izni başvuruları"
"partner.056","Partner With Us","/partner-with-us","Zincirdeki yeriniz","","Demand","Talep"
"partner.057","Partner With Us","/partner-with-us","Zincirdeki yeriniz","","HR agencies & employers","İK ajansları ve işverenler"
"partner.058","Partner With Us","/partner-with-us","Zincirdeki yeriniz","","Turkish companies with live vacancies to fill","Doldurulacak açık pozisyonu olan Türk şirketleri"
"partner.059","Partner With Us","/partner-with-us","Zincirdeki yeriniz","","Ready to work together? Pick your track — we reply within one business day.","Birlikte çalışmaya hazır mısınız? Yolunuzu seçin — bir iş günü içinde yanıt veriyoruz."
"partner.060","Partner With Us","/partner-with-us","Zincirdeki yeriniz","","Call","Arayın"
"partner.061","Partner With Us","/partner-with-us","Üç ortaklık yolu","","Three ways to partner with us","Bizimle ortaklık kurmanın üç yolu"
"partner.062","Partner With Us","/partner-with-us","Üç ortaklık yolu","","Pick the one that describes you — each has its own terms and its own application.","Size uygun olanı seçin — her birinin kendi koşulları ve kendi başvurusu var."
"partner.063","Partner With Us","/partner-with-us","Üç ortaklık yolu","","Tap your type below — its details and application form open right after.","Aşağıdan size uyan seçeneğe dokunun — detaylar ve başvuru formu hemen açılır."
"partner.064","Partner With Us","/partner-with-us","Üç ortaklık yolu","","Who are you?","Hangisi sizi tanımlıyor?"
"partner.065","Partner With Us","/partner-with-us","Üç ortaklık yolu","","You have clients with vacancies. We supply the verified overseas workers and file the permits — your client stays yours.","Açık pozisyonu olan müşterileriniz var. Doğrulanmış yurt dışı işçileri biz tedarik eder, izinleri biz alırız — müşteriniz sizde kalır."
"partner.066","Partner With Us","/partner-with-us","Üç ortaklık yolu","","See how it works →","Nasıl işlediğini görün →"
"partner.067","Partner With Us","/partner-with-us","Üç ortaklık yolu","","Licensed recruitment agents in Pakistan, Nepal, Uzbekistan and beyond — send us candidates, we place them in Turkey.","Pakistan, Nepal, Özbekistan ve ötesindeki lisanslı işe alım acenteleri — adaylarınızı bize gönderin, biz onları Türkiye’de işe yerleştiriyoruz."
"partner.068","Partner With Us","/partner-with-us","Üç ortaklık yolu","","Training institutes","Eğitim kurumları"
"partner.069","Partner With Us","/partner-with-us","Üç ortaklık yolu","","Your graduates get real overseas placements — and your institute gets the results to show the next intake.","Mezunlarınız gerçek yurt dışı yerleştirmeleri kazanır — kurumunuz da bir sonraki döneme gösterecek sonuçlar elde eder."
"partner.070","Partner With Us","/partner-with-us","Üç ortaklık yolu","","Your application","Başvurunuz"
"partner.071","Partner With Us","/partner-with-us","İK ajansları için","","For HR agencies","İK ajansları için"
"partner.072","Partner With Us","/partner-with-us","İK ajansları için","","Fill your clients' vacancies without building a sourcing network","Tedarik ağı kurmadan müşterilerinizin açık pozisyonlarını doldurun"
"partner.073","Partner With Us","/partner-with-us","İK ajansları için","","You keep the client. We supply verified overseas workers, handle vetting and file every work permit under our İŞKUR licence — you present a complete solution without hiring a single recruiter abroad.","Müşteri sizde kalır. Doğrulanmış yurt dışı işçilerini biz tedarik eder, incelemeyi biz yapar ve tüm çalışma izinlerini İŞKUR lisansımız kapsamında biz alırız — yurt dışında tek bir işe alım uzmanı istihdam etmeden eksiksiz bir çözüm sunarsınız."
"partner.074","Partner With Us","/partner-with-us","İK ajansları için","","Go to the application form ↓","Başvuru formuna gidin ↓"
"partner.075","Partner With Us","/partner-with-us","İK ajansları için","","Your client stays your client","Müşteriniz müşteriniz olarak kalır"
"partner.076","Partner With Us","/partner-with-us","İK ajansları için","yes","We never approach an employer you introduce — it is written into the cooperation agreement.","Tanıştırdığınız bir işverene asla doğrudan yaklaşmayız — bu, iş birliği sözleşmesinde yazılıdır."
"partner.077","Partner With Us","/partner-with-us","İK ajansları için","","Shortlists from 12+ countries","12’den fazla ülkeden aday listeleri"
"partner.078","Partner With Us","/partner-with-us","İK ajansları için","","Skill-tested, document-checked candidates — usually within 24 hours of your request.","Beceri sınavından geçmiş, belgeleri kontrol edilmiş adaylar — genellikle talebinizden sonra 24 saat içinde."
"partner.079","Partner With Us","/partner-with-us","İK ajansları için","","Permits and compliance on us","İzinler ve mevzuat uyumu bizde"
"partner.080","Partner With Us","/partner-with-us","İK ajansları için","yes","Filed under İŞKUR Permit No. 1730 and Turkish law No. 4904 — no compliance load on your team.","İŞKUR İzin No. 1730 ve 4904 sayılı kanun kapsamında başvurulur — ekibinizde hiçbir mevzuat yükü kalmaz."
"partner.081","Partner With Us","/partner-with-us","İK ajansları için","yes","Agreed in writing before the first placement — discussed in our first meeting.","İlk yerleştirmeden önce yazılı olarak karara bağlanır — ilk görüşmemizde konuşulur."
"partner.082","Partner With Us","/partner-with-us","İK ajansları için","","What we ask from you","Sizden beklediklerimiz"
"partner.083","Partner With Us","/partner-with-us","İK ajansları için","","· A registered company in Turkey","· Türkiye’de kayıtlı bir şirket"
"partner.084","Partner With Us","/partner-with-us","İK ajansları için","","· Live client demand — roles, headcount and location","· Güncel müşteri talebi — pozisyonlar, kişi sayısı ve lokasyon"
"partner.085","Partner With Us","/partner-with-us","İK ajansları için","yes","· A signed cooperation agreement before the first placement","· İlk yerleştirmeden önce imzalanmış iş birliği sözleşmesi"
"partner.086","Partner With Us","/partner-with-us","İK ajansları için","","Apply as an HR agency","İK ajansı olarak başvurun"
"partner.087","Partner With Us","/partner-with-us","İK ajansları için","","We reply within 4 working hours.","4 iş saati içinde yanıt veriyoruz."
"partner.088","Partner With Us","/partner-with-us","İK ajansları için","","Application sent","Başvuru gönderildi"
"partner.089","Partner With Us","/partner-with-us","İK ajansları için","","Our partnerships team will be in touch.","İş ortaklıkları ekibimiz sizinle iletişime geçecek."
"partner.090","Partner With Us","/partner-with-us","İK ajansları için","yes","I agree that JobsAdmire may process these details to assess our partnership, in line with the","JobsAdmire’ın bu bilgileri iş ortaklığımızı değerlendirmek amacıyla işlemesine onay veriyorum;"
"partner.091","Partner With Us","/partner-with-us","İK ajansları için","yes","Privacy Notice (KVKK)","Gizlilik Bildirimi (KVKK)"
"partner.092","Partner With Us","/partner-with-us","İK ajansları için","","Send application →","Başvuruyu gönder →"
"partner.093","Partner With Us","/partner-with-us","İK ajansları için","","Agency name","Ajans adı"
"partner.094","Partner With Us","/partner-with-us","İK ajansları için","","Contact person","İletişim kişisi"
"partner.095","Partner With Us","/partner-with-us","İK ajansları için","","City in Turkey","Türkiye’deki şehir"
"partner.096","Partner With Us","/partner-with-us","İK ajansları için","","Work email","Kurumsal e-posta"
"partner.097","Partner With Us","/partner-with-us","İK ajansları için","","Phone / WhatsApp","Telefon / WhatsApp"
"partner.098","Partner With Us","/partner-with-us","İK ajansları için","","Which sectors and roles do your clients need?","Müşterileriniz hangi sektör ve pozisyonlara ihtiyaç duyuyor?"
"partner.099","Partner With Us","/partner-with-us","Tedarik ortakları için","","For sourcing partners","Tedarik ortakları için"
"partner.100","Partner With Us","/partner-with-us","Tedarik ortakları için","","A steady demand channel into the Turkish market","Türkiye pazarına istikrarlı bir talep kanalı"
"partner.101","Partner With Us","/partner-with-us","Tedarik ortakları için","","You already have candidates. We have live vacancies from Turkish HR agencies and employers every month — plus the licence and the permit process to actually get your candidates working.","Adaylarınız hazır. Bizde her ay Türk İK ajansları ve işverenlerinden gelen güncel açık pozisyonlar var — ayrıca adaylarınızı gerçekten çalıştırmak için gereken lisans ve izin süreci de bizde."
"partner.102","Partner With Us","/partner-with-us","Tedarik ortakları için","","Real, repeating demand","Gerçek ve tekrarlayan talep"
"partner.103","Partner With Us","/partner-with-us","Tedarik ortakları için","","Monthly requirements across manufacturing, construction, hospitality, agriculture, textile and logistics.","Üretim, inşaat, turizm, tarım, tekstil ve lojistik alanlarında aylık talepler."
"partner.104","Partner With Us","/partner-with-us","Tedarik ortakları için","","We handle the Turkish side","Türkiye tarafını biz yürütüyoruz"
"partner.105","Partner With Us","/partner-with-us","Tedarik ortakları için","","Employer contracts, work permits and arrival — you focus on finding the right people.","İşveren sözleşmeleri, çalışma izinleri ve varış — siz doğru insanları bulmaya odaklanın."
"partner.106","Partner With Us","/partner-with-us","Tedarik ortakları için","","Clear status on every candidate","Her aday için net durum bilgisi"
"partner.107","Partner With Us","/partner-with-us","Tedarik ortakları için","","You know where each file stands — selected, contracted, permit filed, arrived.","Her dosyanın hangi aşamada olduğunu bilirsiniz — seçildi, sözleşme yapıldı, izin başvurusu yapıldı, geldi."
"partner.108","Partner With Us","/partner-with-us","Tedarik ortakları için","","Ethical recruitment only","Yalnızca etik işe alım"
"partner.109","Partner With Us","/partner-with-us","Tedarik ortakları için","yes","Verified job offers and honest terms for every candidate — exploitative practices are not accepted.","Her aday için doğrulanmış iş teklifleri ve dürüst koşullar — istismara dayalı uygulamalar kabul edilmez."
"partner.110","Partner With Us","/partner-with-us","Tedarik ortakları için","yes","· A valid recruitment licence in your country","· Ülkenizde geçerli bir işe alım lisansı"
"partner.111","Partner With Us","/partner-with-us","Tedarik ortakları için","","· Genuine, verifiable candidate documents and skills","· Gerçek ve doğrulanabilir aday belgeleri ve becerileri"
"partner.112","Partner With Us","/partner-with-us","Tedarik ortakları için","yes","· Candidates briefed honestly on the job, salary and conditions","· Adayların iş, ücret ve koşullar hakkında dürüstçe bilgilendirilmesi"
"partner.113","Partner With Us","/partner-with-us","Tedarik ortakları için","","Apply as a sourcing partner","Tedarik ortağı olarak başvurun"
"partner.114","Partner With Us","/partner-with-us","Tedarik ortakları için","yes","We confirm we hold a valid licence and never charge candidates a fee.","Geçerli bir lisansa sahip olduğumuzu ve adaylardan asla ücret almadığımızı beyan ederiz."
"partner.115","Partner With Us","/partner-with-us","Tedarik ortakları için","","Country","Ülke"
"partner.116","Partner With Us","/partner-with-us","Tedarik ortakları için","yes","Recruitment licence number","İşe alım lisans numarası"
"partner.117","Partner With Us","/partner-with-us","Tedarik ortakları için","","Email","E-posta"
"partner.118","Partner With Us","/partner-with-us","Tedarik ortakları için","","Which professions and how many candidates can you supply monthly?","Hangi meslekleri ve aylık kaç aday tedarik edebilirsiniz?"
"partner.119","Partner With Us","/partner-with-us","Enstitüler için","","For institutes","Eğitim kurumları için"
"partner.120","Partner With Us","/partner-with-us","Enstitüler için","","Turn your graduates into placements you can advertise","Mezunlarınızı tanıtabileceğiniz yerleştirmelere dönüştürün"
"partner.121","Partner With Us","/partner-with-us","Enstitüler için","","Technical and vocational institutes train good people — we put them to work in Turkey. Every placement becomes proof for your next intake, and your students graduate with a real job waiting in Turkey.","Teknik ve mesleki eğitim kurumları nitelikli mezunlar yetiştiriyor; biz ise bu mezunları Türkiye’de uygun iş fırsatlarıyla buluşturuyoruz. Her başarılı işe yerleştirme, sonraki dönemlerde öğrencileriniz için gerçek kariyer fırsatlarının somut bir göstergesi oluyor. Böylece öğrencileriniz, mezun olduklarında Türkiye’de kendilerini bekleyen gerçek iş fırsatlarına sahip oluyor."
"partner.122","Partner With Us","/partner-with-us","Enstitüler için","","A placement story for your marketing","Tanıtımınız için bir yerleştirme hikâyesi"
"partner.123","Partner With Us","/partner-with-us","Enstitüler için","","Named professions, real employers, real overseas jobs — the strongest admission argument an institute can have.","Adı belli meslekler, gerçek işverenler, gerçek yurt dışı işleri — bir eğitim kurumunun sahip olabileceği en güçlü kayıt argümanı."
"partner.124","Partner With Us","/partner-with-us","Enstitüler için","","We tell you what the market wants","Pazarın ne istediğini size söylüyoruz"
"partner.125","Partner With Us","/partner-with-us","Enstitüler için","","Which professions Turkish employers are short of this season — so your courses match live demand.","Türk işverenlerin bu dönem hangi mesleklerde açığı var — böylece programlarınız güncel talebe uyar."
"partner.126","Partner With Us","/partner-with-us","Enstitüler için","","Skill tests on your campus","Kampüsünüzde beceri sınavları"
"partner.127","Partner With Us","/partner-with-us","Enstitüler için","","We assess graduating batches where they study — no travel needed for your students.","Mezun olacak grupları eğitim gördükleri yerde değerlendiriyoruz — öğrencilerinizin seyahat etmesi gerekmez."
"partner.128","Partner With Us","/partner-with-us","Enstitüler için","","Live recruitment drives on campus","Kampüste işe alım günleri"
"partner.129","Partner With Us","/partner-with-us","Enstitüler için","","We bring delegations of Turkish employers to your institute — they interview and select students face to face.","Türk işveren heyetlerini kurumunuza getiriyoruz — öğrencilerle yüz yüze görüşüp seçim yapıyorlar."
"partner.130","Partner With Us","/partner-with-us","Enstitüler için","","· A recognised technical or vocational institute","· Tanınmış bir teknik veya mesleki eğitim kurumu"
"partner.131","Partner With Us","/partner-with-us","Enstitüler için","","· Graduating batches in professions we place","· Yerleştirdiğimiz mesleklerde mezun olan gruplar"
"partner.132","Partner With Us","/partner-with-us","Enstitüler için","","· Access to student records and campus for skill tests","· Beceri sınavları için öğrenci kayıtlarına ve kampüse erişim"
"partner.133","Partner With Us","/partner-with-us","Enstitüler için","","Apply as an institute","Eğitim kurumu olarak başvurun"
"partner.134","Partner With Us","/partner-with-us","Enstitüler için","","Institute name","Kurum adı"
"partner.135","Partner With Us","/partner-with-us","Enstitüler için","","City, country","Şehir, ülke"
"partner.136","Partner With Us","/partner-with-us","Enstitüler için","","Which professions do you train, and how many students graduate per batch?","Hangi mesleklerde eğitim veriyorsunuz ve her dönem kaç öğrenci mezun oluyor?"
"partner.137","Partner With Us","/partner-with-us","Ortaklık nasıl başlar","","How a partnership starts","Ortaklık nasıl başlar"
"partner.138","Partner With Us","/partner-with-us","Ortaklık nasıl başlar","","Same four steps for every partner type — usually done within two weeks.","Her ortak türü için aynı dört adım — genellikle iki hafta içinde tamamlanır."
"partner.139","Partner With Us","/partner-with-us","Ortaklık nasıl başlar","","You apply","Başvurursunuz"
"partner.140","Partner With Us","/partner-with-us","Ortaklık nasıl başlar","","Send the form for your track. We reply within 4 working hours.","İlgili başvuru formunu doldurup gönderin. Başvurunuza 4 iş saati içinde geri dönüş yapalım."
"partner.141","Partner With Us","/partner-with-us","Ortaklık nasıl başlar","","Video call meeting","Görüntülü görüşme"
"partner.142","Partner With Us","/partner-with-us","Ortaklık nasıl başlar","","An initial interview — we check licences and fit, and discuss the partnership terms.","İlk görüşme — lisansları ve uyumu kontrol eder, ortaklık koşullarını konuşuruz."
"partner.143","Partner With Us","/partner-with-us","Ortaklık nasıl başlar","","Portal access","Portal erişimi"
"partner.144","Partner With Us","/partner-with-us","Ortaklık nasıl başlar","yes","Once approved, your portal opens — sign the terms and cooperation agreement with e-signature and upload your company documents.","Onaylandığınızda portalınız açılır — şartları ve iş birliği sözleşmesini e-imzayla imzalayıp şirket belgelerinizi yükleyin."
"partner.145","Partner With Us","/partner-with-us","Ortaklık nasıl başlar","","First placement","İlk yerleştirme"
"partner.146","Partner With Us","/partner-with-us","Ortaklık nasıl başlar","","Full access","Tam erişim"
"partner.147","Partner With Us","/partner-with-us","Ortaklık nasıl başlar","","Agreement signed — full portal access opens to post jobs and upload CVs. We start with a small batch, then scale.","Sözleşme imzalandı — iş ilanı yayınlamak ve CV yüklemek için tam portal erişimi açılır. Küçük bir grupla başlar, sonra büyütürüz."
"partner.148","Partner With Us","/partner-with-us","Ortak portalı","","Partner portal","Ortak portalı"
"partner.149","Partner With Us","/partner-with-us","Ortak portalı","","Your whole partnership runs on one portal","Tüm ortaklığınız tek bir portal üzerinden yürür"
"partner.150","Partner With Us","/partner-with-us","Ortak portalı","","No paperwork by courier, no chasing updates by phone — from the agreement to every placement, everything happens in one place.","Kuryeyle evrak yok, telefonla güncelleme kovalamak yok — sözleşmeden her yerleştirmeye kadar her şey tek yerde olur."
"partner.151","Partner With Us","/partner-with-us","Ortak portalı","yes","E-signature agreement","E-imzalı sözleşme"
"partner.152","Partner With Us","/partner-with-us","Ortak portalı","yes","— terms and cooperation contract signed digitally","— şartlar ve iş birliği sözleşmesi dijital olarak imzalanır"
"partner.153","Partner With Us","/partner-with-us","Ortak portalı","","Company documents","Şirket belgeleri"
"partner.154","Partner With Us","/partner-with-us","Ortak portalı","","— upload once, verified once, valid for every placement","— bir kez yükleyin, bir kez doğrulanır, her yerleştirmede geçerli olur"
"partner.155","Partner With Us","/partner-with-us","Ortak portalı","","Jobs & CVs","İlanlar ve CV’ler"
"partner.156","Partner With Us","/partner-with-us","Ortak portalı","","— post vacancies and upload candidates with full access","— tam erişimle açık pozisyon yayınlayın ve aday yükleyin"
"partner.157","Partner With Us","/partner-with-us","Ortak portalı","","Live placement status","Anlık yerleştirme durumu"
"partner.158","Partner With Us","/partner-with-us","Ortak portalı","","— every candidate and permit tracked in real time","— her aday ve izin gerçek zamanlı takip edilir"
"partner.159","Partner With Us","/partner-with-us","Ortak portalı","","470+ placements","470+ yerleştirme"
"partner.160","Partner With Us","/partner-with-us","Ortak portalı","","already managed through this portal","bu portal üzerinden yönetildi"
"partner.161","Partner With Us","/partner-with-us","Ortak portalı","","Also on mobile — manage placements on the go","Mobilde de var — yerleştirmelerinizi her yerden yönetin"
"partner.162","Partner With Us","/partner-with-us","Ortak portalı","","Download on the","İndirin"
"partner.163","Partner With Us","/partner-with-us","Ortak portalı","","Get it on","İndirin"
"partner.164","Partner With Us","/partner-with-us","Ortak portalı","","portal.jobsadmire.com","portal.jobsadmire.com"
"partner.165","Partner With Us","/partner-with-us","Ortak portalı","","Partner portal — agreement & placements screen","Ortak portalı — sözleşme ve yerleştirmeler ekranı"
"partner.166","Partner With Us","/partner-with-us","Ortak portalı","","Partner mobile app screen","Ortak mobil uygulama ekranı"
"partner.167","Partner With Us","/partner-with-us","SSS","","FAQ","SSS"
"partner.168","Partner With Us","/partner-with-us","SSS","","Partner questions","Ortaklık soruları"
"partner.169","Partner With Us","/partner-with-us","SSS","","The things agencies, agents and institutes ask us before the first agreement.","Ajansların, acentelerin ve eğitim kurumlarının ilk sözleşmeden önce bize sorduğu şeyler."
"partner.170","Partner With Us","/partner-with-us","SSS","","For HR agencies in Turkey: do you contact our clients directly?","Türkiye’deki İK ajansları için: müşterilerimizle doğrudan iletişime geçiyor musunuz?"
"partner.171","Partner With Us","/partner-with-us","SSS","yes","No. When an HR agency introduces an employer, that employer stays with the agency — it is written into the cooperation agreement before any placement happens. Our role is supply and permits, not your client relationship.","Hayır. Bir İK ajansı bir işvereni tanıştırdığında, o işveren ajansta kalır — bu, herhangi bir yerleştirme yapılmadan önce iş birliği sözleşmesine yazılır. Bizim rolümüz tedarik ve izinlerdir, müşteri ilişkiniz değil."
"partner.172","Partner With Us","/partner-with-us","SSS","","How are the partnership terms agreed?","Ortaklık koşulları nasıl belirlenir?"
"partner.173","Partner With Us","/partner-with-us","SSS","yes","In writing, always before the first placement. Who pays whom and how much depends on the track, the professions and the volume, so we discuss it in the video call meeting and put it in writing in the cooperation agreement, signed in the portal.","Tüm ücretlendirme koşulları yazılı olarak ve her zaman ilk yerleştirmeden önce belirlenir. Tarafların ödeyeceği tutarlar; işe alım sürecine, meslek gruplarına ve gerçekleştirilecek yerleştirme sayısına göre değişiklik gösterebilir. Bu nedenle tüm detayları görüntülü görüşmede birlikte değerlendiriyor ve üzerinde anlaşmaya varılan koşulları portal üzerinden imzalanan iş birliği sözleşmesinde açıkça belirtiyoruz."
"partner.174","Partner With Us","/partner-with-us","SSS","","Which countries do you accept sourcing partners from?","Hangi ülkelerden tedarik ortağı kabul ediyorsunuz?"
"partner.175","Partner With Us","/partner-with-us","SSS","","We currently work with licensed agents in Pakistan, Nepal, India, Uzbekistan, Kyrgyzstan, Turkmenistan, the Philippines, Indonesia and several African countries. Other countries are considered case by case, provided the agency is properly licensed.","Şu anda Pakistan, Nepal, Hindistan, Özbekistan, Kırgızistan, Türkmenistan, Filipinler, Endonezya ve birkaç Afrika ülkesindeki lisanslı acentelerle çalışıyoruz. Diğer ülkeler, ajansın usulüne uygun lisansa sahip olması koşuluyla vaka bazında değerlendirilir."
"partner.176","Partner With Us","/partner-with-us","SSS","","Who files the work permits?","Çalışma izinlerini kim alıyor?"
"partner.177","Partner With Us","/partner-with-us","SSS","yes","We do, in Turkey, under our İŞKUR licence (Permit No. 1730) and labour law No. 4904. Partners never deal with Turkish permit filings themselves.","Biz alıyoruz — Türkiye’de, İŞKUR lisansımız (İzin No. 1730) ve 4904 sayılı Türkiye İş Kurumu Kanunu kapsamında. Ortaklar Türkiye’deki izin başvurularıyla hiçbir zaman kendileri uğraşmaz."
"partner.178","Partner With Us","/partner-with-us","SSS","","How quickly can a partnership start producing placements?","Bir ortaklık ne kadar hızlı yerleştirme üretmeye başlar?"
"partner.179","Partner With Us","/partner-with-us","SSS","","Once the agreement is signed, the first batch usually moves within weeks — sourcing and interviews first, then permits. We deliberately start small and scale after the first successful batch.","Sözleşme imzalandıktan sonra ilk grup genellikle haftalar içinde harekete geçer — önce tedarik ve mülakatlar, sonra izinler. Bilinçli olarak küçük başlıyor, ilk başarılı gruptan sonra büyütüyoruz."
"partner.180","Partner With Us","/partner-with-us","SSS","","Can an institute partner if it has never placed students abroad?","Daha önce yurt dışına öğrenci yerleştirmemiş bir eğitim kurumu ortak olabilir mi?"
"partner.181","Partner With Us","/partner-with-us","SSS","","Yes. Most of our institute partners are new to overseas placement. We advise on which professions Turkish employers need, assess graduating batches on campus, and handle everything from the Turkish side.","Evet. Eğitim kurumu ortaklarımızın çoğu yurt dışı yerleştirmede yenidir. Türk işverenlerin hangi mesleklere ihtiyaç duyduğu konusunda yol gösteriyor, mezun gruplarını kampüste değerlendiriyor ve Türkiye tarafındaki her şeyi biz yürütüyoruz."
"partner.182","Partner With Us","/partner-with-us","SSS","","Something else?","Başka bir şey mi var?"
"partner.183","Partner With Us","/partner-with-us","SSS","","Talk to our partnerships team directly.","Doğrudan iş ortaklıkları ekibimizle görüşün."
"partner.184","Partner With Us","/partner-with-us","SSS","","WhatsApp","WhatsApp"
"partner.185","Partner With Us","/partner-with-us","SSS","","Call us","Bizi arayın"
"partner.186","Partner With Us","/partner-with-us","SSS","","We reply within 4 working hours","4 iş saati içinde yanıt veriyoruz"
"partner.187","Partner With Us","/partner-with-us","Kapanış çağrısı","","Let's see if we fit","Birbirimize uygun muyuz, konuşalım"
"partner.188","Partner With Us","/partner-with-us","Kapanış çağrısı","","One short call is usually enough to know whether a partnership makes sense. No commitment, no paperwork before that.","Bir ortaklığın anlamlı olup olmadığını anlamak için genellikle kısa bir görüşme yeterlidir. Öncesinde hiçbir taahhüt, hiçbir evrak yok."
"partner.189","Partner With Us","/partner-with-us","Kapanış çağrısı","","Apply as a partner →","Ortak olarak başvurun →"
"partner.190","Partner With Us","/partner-with-us","Alt bilgi","yes","JobsAdmire · İŞKUR Private Employment Agency Permit No. 1730 · Antalya, Türkiye ·","JobsAdmire · İŞKUR Özel İstihdam Bürosu İzin No. 1730 · Antalya, Türkiye ·"
"partner.191","Partner With Us","/partner-with-us","Alt bilgi","yes","Licensed workforce recruitment for employers in Turkey — overseas sourcing, vetting and work permits, end-to-end.","Türkiye’deki işverenler için lisanslı iş gücü temini — yurt dışı tedarik, inceleme ve çalışma izinleri, uçtan uca."
"partner.192","Partner With Us","/partner-with-us","Alt bilgi","","For Employers","İşverenler için"
"partner.193","Partner With Us","/partner-with-us","Alt bilgi","","Available Workers","Mevcut İşçiler"
"partner.194","Partner With Us","/partner-with-us","Alt bilgi","","Hiring Cost Calculator","İşçi Maliyet Hesaplama"
"partner.195","Partner With Us","/partner-with-us","Alt bilgi","","Company","Kurumsal"
"partner.196","Partner With Us","/partner-with-us","Alt bilgi","","Contact","İletişim"
"partner.197","Partner With Us","/partner-with-us","Alt bilgi","","Telegram · @jobsadmire","Telegram · @jobsadmire"
"partner.198","Partner With Us","/partner-with-us","Alt bilgi","","Antalya · Head office","Antalya · Merkez ofis"
"partner.199","Partner With Us","/partner-with-us","Alt bilgi","","Adnan Menderes Blv. No 7/6","Adnan Menderes Blv. No 7/6"
"partner.200","Partner With Us","/partner-with-us","Alt bilgi","","Muratpaşa, Antalya, Türkiye","Muratpaşa, Antalya, Türkiye"
"partner.201","Partner With Us","/partner-with-us","Alt bilgi","","Mon–Fri 09:00–18:00","Pzt–Cum 09:00–18:00"
"partner.202","Partner With Us","/partner-with-us","Alt bilgi","","Get directions","Yol tarifi alın"
"partner.203","Partner With Us","/partner-with-us","Alt bilgi","","Karachi · Tech office","Karaçi · Teknoloji ofisi"
"partner.204","Partner With Us","/partner-with-us","Alt bilgi","","Shahrah-e-Faisal","Shahrah-e-Faisal"
"partner.205","Partner With Us","/partner-with-us","Alt bilgi","","Karachi, Pakistan","Karaçi, Pakistan"
"partner.206","Partner With Us","/partner-with-us","Alt bilgi","","Mon–Sat 10:00–19:00 PKT","Pzt–Cmt 10:00–19:00 PKT"
"partner.207","Partner With Us","/partner-with-us","Alt bilgi","","WhatsApp Us →","WhatsApp’tan yazın →"
"partner.208","Partner With Us","/partner-with-us","Alt bilgi","","Get Our App","Uygulamamızı İndirin"
"partner.209","Partner With Us","/partner-with-us","Alt bilgi","","Workforce on the go","İş gücü her yerde yanınızda"
"partner.210","Partner With Us","/partner-with-us","Alt bilgi","","Approve candidates, track permits & get instant updates.","Adayları onaylayın, izinleri takip edin ve anında bildirim alın."
"partner.211","Partner With Us","/partner-with-us","Alt bilgi","yes","İŞKUR permit No. 1730 · Job seekers are never charged a fee (law No. 4904) · Tax No: 48422122","İŞKUR izin No. 1730 · İş arayanlardan asla ücret alınmaz (4904 sayılı kanun) · Vergi No: 48422122"
"partner.212","Partner With Us","/partner-with-us","Alt bilgi","","Privacy","Gizlilik Politikası"
"partner.213","Partner With Us","/partner-with-us","Alt bilgi","","Terms","Kullanım Şartları"
"partner.214","Partner With Us","/partner-with-us","Alt bilgi","","© 2026 Jobs Admire","© 2026 Jobs Admire"
"partner.215","Partner With Us","/partner-with-us","Alt bilgi","","Facebook","Facebook"
"partner.216","Partner With Us","/partner-with-us","Alt bilgi","","Instagram","Instagram"
"partner.217","Partner With Us","/partner-with-us","Alt bilgi","","Telegram","Telegram"
"partner.218","Partner With Us","/partner-with-us","Alt bilgi","","TikTok","TikTok"
"partner.219","Partner With Us","/partner-with-us","Alt bilgi","","LinkedIn","LinkedIn"
"partner.220","Partner With Us","/partner-with-us","Alt bilgi","","Jobs Admire","Jobs Admire"
"partner.221","Partner With Us","/partner-with-us","Alt bilgi","","JobsAdmire app","JobsAdmire uygulaması"
"partner.222","Partner With Us","/partner-with-us","SEO ve meta","","Recruitment Agency Partnership in Turkey — HR Agencies, Sourcing Agents & Institutes | JobsAdmire","Türkiye’de İşe Alım Ajansı Ortaklığı — İK Ajansları, Tedarik Acenteleri ve Eğitim kurumları | JobsAdmire"
"partner.223","Partner With Us","/partner-with-us","SEO ve meta","yes","İŞKUR-licensed recruitment agency in Turkey partnering with HR agencies, overseas sourcing partners and training institutes.","Türkiye’de İK ajansları, yurt dışı tedarik ortakları ve eğitim kurumlarıyla iş birliği yapan İŞKUR lisanslı işe alım ajansı."
"wp.001","Work Permit","/work-permit","Menü ve genel etiketler","yes","İŞKUR Licensed · Permit No. 1730","İŞKUR Lisanslı · İzin No. 1730"
"wp.002","Work Permit","/work-permit","Menü ve genel etiketler","yes","İŞKUR · 1730","İŞKUR · 1730"
"wp.003","Work Permit","/work-permit","Menü ve genel etiketler","","info@jobsadmire.com","info@jobsadmire.com"
"wp.004","Work Permit","/work-permit","Menü ve genel etiketler","","Blog","Blog"
"wp.005","Work Permit","/work-permit","Menü ve genel etiketler","","Join Our Team","Ekibimize Katılın"
"wp.006","Work Permit","/work-permit","Menü ve genel etiketler","","Verify a Representative","Temsilci Doğrulama"
"wp.007","Work Permit","/work-permit","Menü ve genel etiketler","","CRM Login","CRM Girişi"
"wp.008","Work Permit","/work-permit","Menü ve genel etiketler","","About Us","Hakkımızda"
"wp.009","Work Permit","/work-permit","Menü ve genel etiketler","","Hire Workers","İşçi Talebi"
"wp.010","Work Permit","/work-permit","Menü ve genel etiketler","","Candidates","Adaylar"
"wp.011","Work Permit","/work-permit","Menü ve genel etiketler","","Work Permits","Çalışma İzinleri"
"wp.012","Work Permit","/work-permit","Menü ve genel etiketler","","Cost Calculator","Maliyet Hesaplama"
"wp.013","Work Permit","/work-permit","Menü ve genel etiketler","","Success Stories","Başarı Hikâyeleri"
"wp.014","Work Permit","/work-permit","Menü ve genel etiketler","","Contact Us","İletişim"
"wp.015","Work Permit","/work-permit","Menü ve genel etiketler","","Partner With Us","İş Ortağı Olun"
"wp.016","Work Permit","/work-permit","Menü ve genel etiketler","","Apply","Başvurun"
"wp.017","Work Permit","/work-permit","Menü ve genel etiketler","","for a permit","izin için"
"wp.018","Work Permit","/work-permit","Menü ve genel etiketler","","Language","Dil"
"wp.019","Work Permit","/work-permit","Menü ve genel etiketler","","Blog & Guides","Blog ve Rehberler"
"wp.020","Work Permit","/work-permit","Menü ve genel etiketler","","CRM Login →","CRM Girişi →"
"wp.021","Work Permit","/work-permit","Menü ve genel etiketler","","Home","Ana Sayfa"
"wp.022","Work Permit","/work-permit","Menü ve genel etiketler","","Updated July 2026 · Reviewed by our permit team","Temmuz 2026'da güncellendi · İzin ekibimiz tarafından incelendi"
"wp.023","Work Permit","/work-permit","Üst bölüm (Hero)","","Turkey work permit guide —","Türkiye çalışma izni rehberi —"
"wp.024","Work Permit","/work-permit","Üst bölüm (Hero)","","explained, and handled for you","anlatıldı ve sizin adınıza yürütülüyor"
"wp.025","Work Permit","/work-permit","Üst bölüm (Hero)","yes","Everything an employer needs to know under Law No. 6735 — the standard work permit, the e-Muafiyet exemption, the rules and the penalties. We file every permit under our İŞKUR licence — for workers we place, or permit-only for workers you already have.","6735 sayılı Kanun kapsamında bir işverenin bilmesi gereken her şey — standart çalışma izni, e-Muafiyet istisnası, kurallar ve cezalar. Her izni kendi İŞKUR lisansımızla dosyalarız: yerleştirdiğimiz işçiler için ya da hâlihazırda çalıştırdığınız işçiler için yalnızca izin hizmeti olarak."
"wp.026","Work Permit","/work-permit","Üst bölüm (Hero)","yes","The permit, the e-Muafiyet exemption and the rules under Law No. 6735 —","6735 sayılı Kanun kapsamındaki izin, e-Muafiyet istisnası ve kurallar —"
"wp.027","Work Permit","/work-permit","Üst bölüm (Hero)","yes","and we file it all under our İŞKUR licence","ve hepsini kendi İŞKUR lisansımızla dosyalıyoruz"
"wp.028","Work Permit","/work-permit","Üst bölüm (Hero)","yes","İŞKUR-licensed","İŞKUR lisanslı"
"wp.029","Work Permit","/work-permit","Üst bölüm (Hero)","yes","— Permit No. 1730, Law No. 4904","— İzin No. 1730, 4904 sayılı Kanun"
"wp.030","Work Permit","/work-permit","Üst bölüm (Hero)","","470+ permits filed","470+ izin dosyalandı"
"wp.031","Work Permit","/work-permit","Üst bölüm (Hero)","","— tracked to approval, every time","— her seferinde onaya kadar takip edildi"
"wp.032","Work Permit","/work-permit","Üst bölüm (Hero)","","Permit-only service","Yalnızca izin hizmeti"
"wp.033","Work Permit","/work-permit","Üst bölüm (Hero)","","— already have a worker? We file just the permit","— işçiniz var mı? Yalnızca izni biz dosyalarız"
"wp.034","Work Permit","/work-permit","Üst bölüm (Hero)","","Check your eligibility →","Uygunluğunuzu kontrol edin →"
"wp.035","Work Permit","/work-permit","Üst bölüm (Hero)","","WhatsApp us","WhatsApp’tan yazın"
"wp.036","Work Permit","/work-permit","Üst bölüm (Hero)","yes","General information, not legal advice — criteria, fees and thresholds are updated regularly by the Ministry of Labour and Social Security.","Genel bilgidir, hukuki tavsiye değildir — kriterler, harçlar ve eşikler Çalışma ve Sosyal Güvenlik Bakanlığı tarafından düzenli olarak güncellenir."
"wp.037","Work Permit","/work-permit","Üst bölüm (Hero)","","General information, not legal advice — Ministry criteria and fees change regularly.","Genel bilgidir, hukuki tavsiye değildir — Bakanlık kriterleri ve harçları düzenli olarak değişir."
"wp.038","Work Permit","/work-permit","Uygunluk kontrolü","","Can you hire a foreign worker?","Yabancı işçi çalıştırabilir misiniz?"
"wp.039","Work Permit","/work-permit","Uygunluk kontrolü","","Free 60-second check — no details asked.","Ücretsiz 60 saniyelik kontrol — bilgi istenmez."
"wp.040","Work Permit","/work-permit","Uygunluk kontrolü","","← Back","← Geri"
"wp.041","Work Permit","/work-permit","Uygunluk kontrolü","","Get an exact answer on WhatsApp","WhatsApp'tan net cevap alın"
"wp.042","Work Permit","/work-permit","Uygunluk kontrolü","","Need workers too?","İşçiye de mi ihtiyacınız var?"
"wp.043","Work Permit","/work-permit","Uygunluk kontrolü","","See how hiring through us works →","Bizimle işe alım nasıl işliyor →"
"wp.044","Work Permit","/work-permit","Uygunluk kontrolü","","↺ Start again","↺ Yeniden başla"
"wp.045","Work Permit","/work-permit","Uygunluk kontrolü","yes","İŞKUR-licensed · Permit No. 1730 — nothing is stored.","İŞKUR lisanslı · İzin No. 1730 — hiçbir bilgi saklanmaz."
"wp.046","Work Permit","/work-permit","Uygunluk kontrolü","","~30 days","~30 gün"
"wp.047","Work Permit","/work-permit","Uygunluk kontrolü","","Ministry processing","Bakanlık işlem süresi"
"wp.048","Work Permit","/work-permit","Uygunluk kontrolü","","Permit = residence","İzin = ikamet"
"wp.049","Work Permit","/work-permit","Uygunluk kontrolü","","permit too","izni de sayılır"
"wp.050","Work Permit","/work-permit","Uygunluk kontrolü","yes","1 : 5 ratio","1 : 5 oranı"
"wp.051","Work Permit","/work-permit","Uygunluk kontrolü","","— checked from month 7","— 7. aydan itibaren kontrol edilir"
"wp.052","Work Permit","/work-permit","Uygunluk kontrolü","yes","fine without a permit","izinsiz çalıştırma cezası"
"wp.053","Work Permit","/work-permit","Uygunluk kontrolü","","Workers + permits, or permit-only for your own worker — we handle both.","İşçi + izin ya da kendi işçiniz için yalnızca izin — ikisini de yapıyoruz."
"wp.054","Work Permit","/work-permit","Uygunluk kontrolü","","Call","Arayın"
"wp.055","Work Permit","/work-permit","Uygunluk kontrolü","","Hire workers with us →","Bizimle işçi alın →"
"wp.056","Work Permit","/work-permit","Uygunluk kontrolü","","On this page","Bu sayfada"
"wp.057","Work Permit","/work-permit","Uygunluk kontrolü","","Eligibility","Uygunluk"
"wp.058","Work Permit","/work-permit","Uygunluk kontrolü","","Permit vs e-Muafiyet","İzin ile e-Muafiyet karşılaştırması"
"wp.059","Work Permit","/work-permit","Uygunluk kontrolü","","Rules","Kurallar"
"wp.060","Work Permit","/work-permit","Uygunluk kontrolü","","Exemptions","İstisnalar"
"wp.061","Work Permit","/work-permit","Uygunluk kontrolü","","Timeline","Zamanlama"
"wp.062","Work Permit","/work-permit","Uygunluk kontrolü","","Costs","Maliyetler"
"wp.063","Work Permit","/work-permit","Uygunluk kontrolü","","Documents","Belgeler"
"wp.064","Work Permit","/work-permit","Uygunluk kontrolü","","FAQ","SSS"
"wp.065","Work Permit","/work-permit","Uygunluk kontrolü","","A registered Turkish entity is required before any application — we can advise on the fastest setup route.","Herhangi bir başvurudan önce Türkiye'de kayıtlı bir tüzel kişilik gerekir — en hızlı kuruluş yolu konusunda size yol gösterebiliriz."
"wp.066","Work Permit","/work-permit","Uygunluk kontrolü","yes","The 1:5 ratio is only checked from the 7th month of the first permit — you have time to build up, and some sectors are exempt.","1:5 oranı yalnızca ilk iznin 7. ayından itibaren kontrol edilir — kadro kurmak için zamanınız var ve bazı sektörler muaftır."
"wp.067","Work Permit","/work-permit","Uygunluk kontrolü","","Worker abroad: the application starts at the Turkish consulate in their country, then moves to the Ministry — we run both stages.","İşçi yurt dışında: başvuru kendi ülkesindeki Türk konsolosluğunda başlar, sonra Bakanlığa geçer — iki aşamayı da biz yürütürüz."
"wp.068","Work Permit","/work-permit","Uygunluk kontrolü","","Worker already in Turkey with 6+ months residence: direct domestic application — usually the fastest route.","İşçi 6 aydan uzun ikametle zaten Türkiye'de: doğrudan yurt içi başvuru — genellikle en hızlı yol."
"wp.069","Work Permit","/work-permit","Uygunluk kontrolü","","Without a 6-month residence permit, the application must start from the worker's home country consulate.","6 aylık ikamet izni yoksa başvuru, işçinin kendi ülkesindeki konsolosluktan başlamalıdır."
"wp.070","Work Permit","/work-permit","Uygunluk kontrolü","yes","Overdue tax or SGK debts suspend applications — these need clearing or restructuring before filing.","Vadesi geçmiş vergi veya SGK borçları başvuruları askıya alır — dosyalamadan önce ödenmeli veya yapılandırılmalıdır."
"wp.071","Work Permit","/work-permit","Uygunluk kontrolü","yes","Salary thresholds and financial-capacity criteria still apply per role — we pre-check these before filing.","Maaş eşikleri ve mali yeterlilik kriterleri pozisyona göre yine geçerlidir — bunları dosyalamadan önce kontrol ederiz."
"wp.072","Work Permit","/work-permit","Uygunluk kontrolü","","Fixable — but not yet","Düzeltilebilir — ama henüz değil"
"wp.073","Work Permit","/work-permit","Uygunluk kontrolü","","Likely eligible, with planning","Planlamayla büyük olasılıkla uygun"
"wp.074","Work Permit","/work-permit","Uygunluk kontrolü","","You look eligible","Uygun görünüyorsunuz"
"wp.075","Work Permit","/work-permit","Uygunluk kontrolü","","Do you have a registered company in Turkey?","Türkiye'de kayıtlı bir şirketiniz var mı?"
"wp.076","Work Permit","/work-permit","Uygunluk kontrolü","yes","How many Turkish citizens are on your SGK payroll?","SGK bordronuzda kaç Türk vatandaşı var?"
"wp.077","Work Permit","/work-permit","Uygunluk kontrolü","","Where is the worker you want to hire right now?","Çalıştırmak istediğiniz işçi şu anda nerede?"
"wp.078","Work Permit","/work-permit","Uygunluk kontrolü","","In Turkey, with a residence permit of 6+ months","Türkiye'de, 6 aydan uzun ikamet izniyle"
"wp.079","Work Permit","/work-permit","Uygunluk kontrolü","","In Turkey, without a long residence permit","Türkiye'de, uzun süreli ikamet izni olmadan"
"wp.080","Work Permit","/work-permit","Uygunluk kontrolü","yes","Any overdue tax or SGK (social security) debts?","Vadesi geçmiş vergi veya SGK borcunuz var mı?"
"wp.081","Work Permit","/work-permit","Uygunluk kontrolü","","No / not yet","Hayır / henüz değil"
"wp.082","Work Permit","/work-permit","Uygunluk kontrolü","","Yes / not sure","Evet / emin değilim"
"wp.083","Work Permit","/work-permit","Hızlı yönlendirme","","Which one are you?","Hangisisiniz?"
"wp.084","Work Permit","/work-permit","Hızlı yönlendirme","","Jump straight to your answer — no scrolling needed.","Doğrudan cevabınıza gidin — kaydırmaya gerek yok."
"wp.085","Work Permit","/work-permit","Hızlı yönlendirme","","Employer — need workers","İşveren — işçi lazım"
"wp.086","Work Permit","/work-permit","Hızlı yönlendirme","","We source them and file the permits","İşçiyi biz buluruz, izinleri biz dosyalarız"
"wp.087","Work Permit","/work-permit","Hızlı yönlendirme","","Hire workers →","İşçi alın →"
"wp.088","Work Permit","/work-permit","Hızlı yönlendirme","","Have your own worker","Kendi işçiniz var"
"wp.089","Work Permit","/work-permit","Hızlı yönlendirme","","Permit-only — we file just the permit","Yalnızca izin — sadece izni biz dosyalarız"
"wp.090","Work Permit","/work-permit","Hızlı yönlendirme","","Permit-only enquiry →","Yalnızca izin talebi →"
"wp.091","Work Permit","/work-permit","Hızlı yönlendirme","","Recruitment agency or agent","İşe alım ajansı veya acente"
"wp.092","Work Permit","/work-permit","Hızlı yönlendirme","","Permits for your clients' workers — partner with us","Müşterilerinizin işçileri için izinler — iş ortağımız olun"
"wp.093","Work Permit","/work-permit","Hızlı yönlendirme","","Partner with us →","İş ortağımız olun →"
"wp.094","Work Permit","/work-permit","Hızlı yönlendirme","","Budgeting a hire","İşe alım bütçesi"
"wp.095","Work Permit","/work-permit","Hızlı yönlendirme","yes","Salary, SGK, permit fees and flights — 2026 rates","Maaş, SGK, izin harçları ve uçuşlar — 2026 oranları"
"wp.096","Work Permit","/work-permit","Hızlı yönlendirme","","Cost calculator →","Maliyet hesaplayıcı →"
"wp.097","Work Permit","/work-permit","İzin ile e-Muafiyet","","Two legal routes to work in Turkey","Türkiye'de çalışmanın iki yasal yolu"
"wp.098","Work Permit","/work-permit","İzin ile e-Muafiyet","yes","Law No. 6735 gives foreigners two doors: the standard work permit for real employment, and the e-Muafiyet exemption for short, specific assignments. Choosing the wrong one is the most common — and most expensive — mistake.","6735 sayılı Kanun yabancılara iki kapı açar: gerçek istihdam için standart çalışma izni ve kısa, belirli görevler için e-Muafiyet istisnası. Yanlış olanı seçmek en sık yapılan ve en pahalı hatadır."
"wp.099","Work Permit","/work-permit","İzin ile e-Muafiyet","","Work permit","Çalışma izni"
"wp.100","Work Permit","/work-permit","İzin ile e-Muafiyet","","e-Muafiyet","e-Muafiyet"
"wp.101","Work Permit","/work-permit","İzin ile e-Muafiyet","","Route 1 · Çalışma İzni","Yol 1 · Çalışma İzni"
"wp.102","Work Permit","/work-permit","İzin ile e-Muafiyet","","Standard work permit","Standart çalışma izni"
"wp.103","Work Permit","/work-permit","İzin ile e-Muafiyet","","For hired workers","Ücretli çalışanlar için"
"wp.104","Work Permit","/work-permit","İzin ile e-Muafiyet","","VS","VS"
"wp.105","Work Permit","/work-permit","İzin ile e-Muafiyet","","Route 2 · e-Muafiyet","Yol 2 · e-Muafiyet"
"wp.106","Work Permit","/work-permit","İzin ile e-Muafiyet","","Work permit exemption","Çalışma izni muafiyeti"
"wp.107","Work Permit","/work-permit","İzin ile e-Muafiyet","","For short assignments","Kısa görevler için"
"wp.108","Work Permit","/work-permit","İzin ile e-Muafiyet","","Real employment — factory workers, hotel staff, technicians,","Gerçek istihdam — fabrika işçileri, otel personeli, teknisyenler,"
"wp.109","Work Permit","/work-permit","İzin ile e-Muafiyet","","any role on payroll","bordrodaki her pozisyon"
"wp.110","Work Permit","/work-permit","İzin ile e-Muafiyet","","Best for","En uygun olduğu durum"
"wp.111","Work Permit","/work-permit","İzin ile e-Muafiyet","","Short, specific assignments —","Kısa ve belirli görevler —"
"wp.112","Work Permit","/work-permit","İzin ile e-Muafiyet","","machinery installation, cross-border services, seasonal work","makine montajı, sınır ötesi hizmetler, mevsimlik iş"
"wp.113","Work Permit","/work-permit","İzin ile e-Muafiyet","","Up to 1 year","1 yıla kadar"
"wp.114","Work Permit","/work-permit","İzin ile e-Muafiyet","","first, then 2-year and 3-year extensions; indefinite after 8 years","önce; sonra 2 ve 3 yıllık uzatmalar; 8 yıl sonra süresiz"
"wp.115","Work Permit","/work-permit","İzin ile e-Muafiyet","","Duration","Süre"
"wp.116","Work Permit","/work-permit","İzin ile e-Muafiyet","","Typically up to 3 months","Genellikle 3 aya kadar"
"wp.117","Work Permit","/work-permit","İzin ile e-Muafiyet","","— category-based; longer for some categories","— kategoriye bağlı; bazı kategorilerde daha uzun"
"wp.118","Work Permit","/work-permit","İzin ile e-Muafiyet","","The employer","İşveren"
"wp.119","Work Permit","/work-permit","İzin ile e-Muafiyet","",", on the Ministry's online system — jointly with the worker (consulate stage first if abroad)",", Bakanlığın çevrim içi sistemi üzerinden — işçiyle birlikte (yurt dışındaysa önce konsolosluk aşaması)"
"wp.120","Work Permit","/work-permit","İzin ile e-Muafiyet","","Who applies","Kim başvurur"
"wp.121","Work Permit","/work-permit","İzin ile e-Muafiyet","","The foreigner","Yabancının kendisi"
"wp.122","Work Permit","/work-permit","İzin ile e-Muafiyet","",", online at emuafiyet.csgb.gov.tr — within 30 days of entering Turkey",", emuafiyet.csgb.gov.tr üzerinden — Türkiye'ye girişten sonraki 30 gün içinde"
"wp.123","Work Permit","/work-permit","İzin ile e-Muafiyet","","Employer criteria apply:","İşveren kriterleri geçerlidir:"
"wp.124","Work Permit","/work-permit","İzin ile e-Muafiyet","yes","1:5 ratio, financial capacity, salary thresholds","1:5 oranı, mali yeterlilik, maaş eşikleri"
"wp.125","Work Permit","/work-permit","İzin ile e-Muafiyet","","Conditions","Koşullar"
"wp.126","Work Permit","/work-permit","İzin ile e-Muafiyet","","Must fit an exact","Tam olarak bir"
"wp.127","Work Permit","/work-permit","İzin ile e-Muafiyet","yes","Article 48 category","48. madde kategorisine girmelidir"
"wp.128","Work Permit","/work-permit","İzin ile e-Muafiyet","","with proof documents — no employer criteria","— kanıt belgeleriyle; işveren kriteri aranmaz"
"wp.129","Work Permit","/work-permit","İzin ile e-Muafiyet","","Counts as","Tüm geçerlilik süresi boyunca"
"wp.130","Work Permit","/work-permit","İzin ile e-Muafiyet","","residence permit","ikamet izni"
"wp.131","Work Permit","/work-permit","İzin ile e-Muafiyet","yes","for its full validity + SGK social security","yerine geçer + SGK sosyal güvencesi"
"wp.132","Work Permit","/work-permit","İzin ile e-Muafiyet","","Residence","İkamet"
"wp.133","Work Permit","/work-permit","İzin ile e-Muafiyet","","Acts as","Geçerli olduğu sürece"
"wp.134","Work Permit","/work-permit","İzin ile e-Muafiyet","","while valid, multi-entry; under 3 months no permit fee","yerine geçer, çok girişli; 3 aydan kısa sürelerde izin harcı yok"
"wp.135","Work Permit","/work-permit","İzin ile e-Muafiyet","","Ongoing job on your payroll? This is your route.","Bordronuzda sürekli bir iş mi? Sizin yolunuz bu."
"wp.136","Work Permit","/work-permit","İzin ile e-Muafiyet","","Short, one-off assignment? Check the categories below.","Kısa, tek seferlik bir görev mi? Aşağıdaki kategorilere bakın."
"wp.137","Work Permit","/work-permit","İzin ile e-Muafiyet","","Important:","Önemli:"
"wp.138","Work Permit","/work-permit","İzin ile e-Muafiyet","","if the work will run past the exemption period, a full work permit is mandatory from the start — and the same exemption category cannot be re-used for 6–12 months after it ends. For ongoing employment, the standard permit is the only legal route.","iş, muafiyet süresini aşacaksa baştan itibaren tam çalışma izni zorunludur — ve aynı muafiyet kategorisi sona erdikten sonra 6–12 ay boyunca yeniden kullanılamaz. Sürekli istihdam için tek yasal yol standart izindir."
"wp.139","Work Permit","/work-permit","Örnek belge","","Sample document","Örnek belge"
"wp.140","Work Permit","/work-permit","Örnek belge","","What the work permit card looks like","Çalışma izni kartı nasıl görünür"
"wp.141","Work Permit","/work-permit","Örnek belge","yes","A credit-card-sized document issued by the Ministry of Labour and Social Security — it carries the worker's photo, the employer, the validity dates and a foreigner ID number starting with 99. This card is what the worker shows at the airport, the bank and SGK.","Çalışma ve Sosyal Güvenlik Bakanlığı tarafından verilen kredi kartı boyutunda bir belgedir — üzerinde işçinin fotoğrafı, işveren, geçerlilik tarihleri ve 99 ile başlayan yabancı kimlik numarası yer alır. İşçi havaalanında, bankada ve SGK'da bu kartı gösterir."
"wp.142","Work Permit","/work-permit","Örnek belge","","Every worker we place receives this card before their first working day — a copy stays on your portal.","Yerleştirdiğimiz her işçi, ilk iş gününden önce bu kartı alır — bir kopyası portalınızda kalır."
"wp.143","Work Permit","/work-permit","Örnek belge","","ÖRNEK · SAMPLE","ÖRNEK · SAMPLE"
"wp.144","Work Permit","/work-permit","Örnek belge","","TÜRKİYE CUMHURİYETİ","TÜRKİYE CUMHURİYETİ"
"wp.145","Work Permit","/work-permit","Örnek belge","","ÇALIŞMA VE SOSYAL GÜVENLİK BAKANLIĞI","ÇALIŞMA VE SOSYAL GÜVENLİK BAKANLIĞI"
"wp.146","Work Permit","/work-permit","Örnek belge","","ÇALIŞMA İZNİ","ÇALIŞMA İZNİ"
"wp.147","Work Permit","/work-permit","Örnek belge","","Adı / Name","Adı / Name"
"wp.148","Work Permit","/work-permit","Örnek belge","","AHMED","AHMED"
"wp.149","Work Permit","/work-permit","Örnek belge","","Soyadı / Surname","Soyadı / Surname"
"wp.150","Work Permit","/work-permit","Örnek belge","","KHAN","KHAN"
"wp.151","Work Permit","/work-permit","Örnek belge","","Uyruğu / Nationality","Uyruğu / Nationality"
"wp.152","Work Permit","/work-permit","Örnek belge","","PAKİSTAN / PAK","PAKİSTAN / PAK"
"wp.153","Work Permit","/work-permit","Örnek belge","","Yabancı Kimlik No / Foreigner ID","Yabancı Kimlik No / Foreigner ID"
"wp.154","Work Permit","/work-permit","Örnek belge","","İzin Türü / Permit Type","İzin Türü / Permit Type"
"wp.155","Work Permit","/work-permit","Örnek belge","","SÜRELİ / FIXED-TERM","SÜRELİ / FIXED-TERM"
"wp.156","Work Permit","/work-permit","Örnek belge","","Geçerlilik / Validity","Geçerlilik / Validity"
"wp.157","Work Permit","/work-permit","Örnek belge","","İşveren / Employer:","İşveren / Employer:"
"wp.158","Work Permit","/work-permit","Örnek belge","","••••••• TEKSTİL SAN. TİC. A.Ş.","••••••• TEKSTİL SAN. TİC. A.Ş."
"wp.159","Work Permit","/work-permit","Örnek belge","yes","6735 SAYILI KANUN","6735 SAYILI KANUN"
"wp.160","Work Permit","/work-permit","Örnek belge","","Illustrative sample — not an official document; details are fictional","Temsili örnektir — resmî belge değildir; bilgiler kurgusaldır"
"wp.161","Work Permit","/work-permit","İzin türleri","","Which permit type will your workers get?","İşçileriniz hangi izin türünü alacak?"
"wp.162","Work Permit","/work-permit","İzin türleri","yes","Law No. 6735 defines several types — but for hired workers, only one matters.","6735 sayılı Kanun birkaç tür tanımlar — ama ücretli çalışanlar için yalnızca biri önemlidir."
"wp.163","Work Permit","/work-permit","İzin türleri","","The one that matters","Önemli olan tür"
"wp.164","Work Permit","/work-permit","İzin türleri","","Fixed-term permit","Süreli izin"
"wp.165","Work Permit","/work-permit","İzin türleri","","· Süreli","· Süreli"
"wp.166","Work Permit","/work-permit","İzin türleri","","Tied to one employer and workplace — this is the permit every hired worker gets, including every worker we place.","Tek bir işverene ve iş yerine bağlıdır — her ücretli çalışanın aldığı izin budur, yerleştirdiğimiz her işçi dahil."
"wp.167","Work Permit","/work-permit","İzin türleri","","First permit up to","İlk izin en fazla"
"wp.168","Work Permit","/work-permit","İzin türleri","","1 year","1 yıl"
"wp.169","Work Permit","/work-permit","İzin türleri","",", then extensions of 2 and 3 years",", sonra 2 ve 3 yıllık uzatmalar"
"wp.170","Work Permit","/work-permit","İzin türleri","","Counts as the worker's","İşçinin"
"wp.171","Work Permit","/work-permit","İzin türleri","","for its full validity","yerine geçer — tüm geçerlilik süresi boyunca"
"wp.172","Work Permit","/work-permit","İzin türleri","","Changing employer needs a","İşveren değiştirmek için"
"wp.173","Work Permit","/work-permit","İzin türleri","","new permit","yeni izin gerekir"
"wp.174","Work Permit","/work-permit","İzin türleri","","— workers stay tied to you","— işçiler size bağlı kalır"
"wp.175","Work Permit","/work-permit","İzin türleri","","Other types — special cases only","Diğer türler — yalnızca özel durumlar"
"wp.176","Work Permit","/work-permit","İzin türleri","","Indefinite","Süresiz"
"wp.177","Work Permit","/work-permit","İzin türleri","","— after 8 years of legal work in Turkey","— Türkiye'de 8 yıl yasal çalışmadan sonra"
"wp.178","Work Permit","/work-permit","İzin türleri","","Independent","Bağımsız"
"wp.179","Work Permit","/work-permit","İzin türleri","","— self-employed & company owners","— serbest çalışanlar ve şirket sahipleri"
"wp.180","Work Permit","/work-permit","İzin türleri","","Turquoise Card","Turkuaz Kart"
"wp.181","Work Permit","/work-permit","İzin türleri","","— highly qualified professionals & investors","— nitelikli profesyoneller ve yatırımcılar"
"wp.182","Work Permit","/work-permit","İzin türleri","","Exceptional","İstisnai"
"wp.183","Work Permit","/work-permit","İzin türleri","","— spouses of Turkish citizens & similar","— Türk vatandaşlarının eşleri ve benzeri durumlar"
"wp.184","Work Permit","/work-permit","İzin türleri","","Not sure which applies?","Hangisinin geçerli olduğundan emin değil misiniz?"
"wp.185","Work Permit","/work-permit","İzin türleri","","Tell us the role and the worker's situation — we'll tell you the route in one message.","Pozisyonu ve işçinin durumunu bize söyleyin — hangi yolu izleyeceğinizi tek mesajda söyleyelim."
"wp.186","Work Permit","/work-permit","İzin türleri","","Ask on WhatsApp →","WhatsApp'tan sorun →"
"wp.187","Work Permit","/work-permit","Kurallar ve mevzuat","","Rules & regulations","Kurallar ve mevzuat"
"wp.188","Work Permit","/work-permit","Kurallar ve mevzuat","","What the Ministry checks before approving","Bakanlık onay öncesinde neleri kontrol eder"
"wp.189","Work Permit","/work-permit","Kurallar ve mevzuat","yes","Most rejections are not about missing documents — they are about employer criteria. These are the rules under Law No. 6735 and its implementing regulation, checked on every application. When you","Redlerin çoğu eksik belgeden değil, işveren kriterlerinden kaynaklanır. Bunlar 6735 sayılı Kanun ve uygulama yönetmeliğindeki kurallardır ve her başvuruda kontrol edilir."
"wp.190","Work Permit","/work-permit","Kurallar ve mevzuat","","hire through us","Bizimle işe aldığınızda"
"wp.191","Work Permit","/work-permit","Kurallar ve mevzuat","",", we pre-check all of them before anything is filed.",", hiçbir şey dosyalanmadan önce hepsini önceden kontrol ederiz."
"wp.192","Work Permit","/work-permit","Kurallar ve mevzuat","","Most rejections are not about documents — they are about","Redlerin çoğu belgelerden değil,"
"wp.193","Work Permit","/work-permit","Kurallar ve mevzuat","","employer criteria","işveren kriterlerinden kaynaklanır"
"wp.194","Work Permit","/work-permit","Kurallar ve mevzuat","",". We pre-check all six before filing.",". Dosyalamadan önce altısını da kontrol ederiz."
"wp.195","Work Permit","/work-permit","Kurallar ve mevzuat","","Working without a permit costs","İzinsiz çalıştırmanın bedeli"
"wp.196","Work Permit","/work-permit","Kurallar ve mevzuat","yes","· Administrative fine per unauthorised worker — over ₺100,000 in 2026, updated every year","· İzinsiz her işçi için idari para cezası — 2026'da 100.000 ₺'nin üzerinde, her yıl güncellenir"
"wp.197","Work Permit","/work-permit","Kurallar ve mevzuat","yes","· Deportation and entry ban for the worker — at the employer's expense","· İşçi için sınır dışı edilme ve giriş yasağı — masrafları işverene ait"
"wp.198","Work Permit","/work-permit","Kurallar ve mevzuat","","· Block on the employer's future work permit applications","· İşverenin gelecekteki çalışma izni başvurularının engellenmesi"
"wp.199","Work Permit","/work-permit","Kurallar ve mevzuat","yes","· Possible criminal liability for company directors","· Şirket yöneticileri için olası cezai sorumluluk"
"wp.200","Work Permit","/work-permit","Kurallar ve mevzuat","yes","The 1:5 employment ratio","1:5 istihdam oranı"
"wp.201","Work Permit","/work-permit","Kurallar ve mevzuat","yes","At least five Turkish citizens on SGK payroll for each foreign worker, per workplace. Monitored monthly from the 7th month of the first permit — so a new employer has time to build up.","Her yabancı işçi için iş yeri başına SGK bordrosunda en az beş Türk vatandaşı. İlk iznin 7. ayından itibaren aylık izlenir — yani yeni bir işverenin kadro kurmak için zamanı olur."
"wp.202","Work Permit","/work-permit","Kurallar ve mevzuat","","Financial capacity","Mali yeterlilik"
"wp.203","Work Permit","/work-permit","Kurallar ve mevzuat","yes","The company must show paid-in capital or gross sales above the Ministry's thresholds — proof that the business can genuinely carry a foreign employee.","Şirket, Bakanlığın eşiklerinin üzerinde ödenmiş sermaye veya brüt satış göstermelidir — işletmenin bir yabancı çalışanı gerçekten taşıyabildiğinin kanıtı."
"wp.204","Work Permit","/work-permit","Kurallar ve mevzuat","yes","Role-based salary thresholds","Pozisyona göre maaş eşikleri"
"wp.205","Work Permit","/work-permit","Kurallar ve mevzuat","","Each role has a minimum gross salary set as a multiple of the Turkish minimum wage — higher for specialists and managers. Updated every January; underpaying is an automatic rejection.","Her pozisyonun, Türkiye asgari ücretinin katı olarak belirlenmiş bir asgari brüt maaşı vardır — uzmanlar ve yöneticiler için daha yüksektir. Her ocak ayında güncellenir; eksik ödeme otomatik reddi getirir."
"wp.206","Work Permit","/work-permit","Kurallar ve mevzuat","yes","No tax or SGK debts","Vergi veya SGK borcu olmaması"
"wp.207","Work Permit","/work-permit","Kurallar ve mevzuat","yes","Overdue tax or social security premiums suspend the application. Ministry, SGK and Revenue Administration databases are linked — discrepancies are flagged instantly.","Vadesi geçmiş vergi veya sosyal güvenlik primleri başvuruyu askıya alır. Bakanlık, SGK ve Gelir İdaresi veri tabanları bağlıdır — uyumsuzluklar anında işaretlenir."
"wp.208","Work Permit","/work-permit","Kurallar ve mevzuat","yes","SGK registration from day one","İlk günden SGK kaydı"
"wp.209","Work Permit","/work-permit","Kurallar ve mevzuat","","Once the permit is approved, the worker must be registered with social security immediately and paid the declared salary through the books.","İzin onaylandıktan sonra işçi derhal sosyal güvenliğe kaydedilmeli ve beyan edilen maaş resmî kayıtlar üzerinden ödenmelidir."
"wp.210","Work Permit","/work-permit","Kurallar ve mevzuat","","Sector-specific rules","Sektöre özgü kurallar"
"wp.211","Work Permit","/work-permit","Kurallar ve mevzuat","","Health roles need Ministry of Health pre-authorisation; tourism and advanced-technology investments enjoy exemptions from some employment criteria; public projects are exempt from financial criteria.","Sağlık pozisyonları Sağlık Bakanlığı ön iznini gerektirir; turizm ve ileri teknoloji yatırımları bazı istihdam kriterlerinden muaftır; kamu projeleri mali kriterlerden muaftır."
"wp.212","Work Permit","/work-permit","İstisnalar (48. madde)","","Who qualifies for the work permit exemption","Çalışma izni muafiyetinden kimler yararlanabilir"
"wp.213","Work Permit","/work-permit","İstisnalar (48. madde)","yes","Article 48 of the implementing regulation lists exact categories. If the assignment fits one, the foreigner applies online — no employer criteria, no 1:5 ratio.","Uygulama yönetmeliğinin 48. maddesi kategorileri tek tek sayar. Görev bunlardan birine giriyorsa yabancı çevrim içi başvurur — işveren kriteri yok, 1:5 oranı yok."
"wp.214","Work Permit","/work-permit","İstisnalar (48. madde)","","For the standard permit, eligibility depends on the employer instead — see","Standart izinde ise uygunluk işverene bağlıdır — bkz."
"wp.215","Work Permit","/work-permit","İstisnalar (48. madde)","","what the Ministry checks","Bakanlık neleri kontrol eder"
"wp.216","Work Permit","/work-permit","İstisnalar (48. madde)","","or take the","ya da yukarıdaki"
"wp.217","Work Permit","/work-permit","İstisnalar (48. madde)","","60-second check","60 saniyelik kontrolü"
"wp.218","Work Permit","/work-permit","İstisnalar (48. madde)","","above.","yapın."
"wp.219","Work Permit","/work-permit","İstisnalar (48. madde)","","Up to 3 months","3 aya kadar"
"wp.220","Work Permit","/work-permit","İstisnalar (48. madde)","","Machinery & equipment specialists","Makine ve ekipman uzmanları"
"wp.221","Work Permit","/work-permit","İstisnalar (48. madde)","","Installation, maintenance, repair or user training for imported machinery.","İthal makinelerin montajı, bakımı, onarımı veya kullanıcı eğitimi."
"wp.222","Work Permit","/work-permit","İstisnalar (48. madde)","","Cross-border service providers","Sınır ötesi hizmet sağlayıcılar"
"wp.223","Work Permit","/work-permit","İstisnalar (48. madde)","","Foreigners delivering a service into Turkey without local employment.","Türkiye'de istihdam edilmeden hizmet sunan yabancılar."
"wp.224","Work Permit","/work-permit","İstisnalar (48. madde)","","Seasonal","Mevsimlik"
"wp.225","Work Permit","/work-permit","İstisnalar (48. madde)","","Agriculture & livestock workers","Tarım ve hayvancılık işçileri"
"wp.226","Work Permit","/work-permit","İstisnalar (48. madde)","","Seasonal work within the provinces and quotas set by the Ministry.","Bakanlığın belirlediği iller ve kotalar dahilinde mevsimlik çalışma."
"wp.227","Work Permit","/work-permit","İstisnalar (48. madde)","","Event-length","Etkinlik süresince"
"wp.228","Work Permit","/work-permit","İstisnalar (48. madde)","","Science, culture, arts & sport","Bilim, kültür, sanat ve spor"
"wp.229","Work Permit","/work-permit","İstisnalar (48. madde)","","Researchers, performers and athletes for the length of the activity.","Faaliyet süresince araştırmacılar, sanatçılar ve sporcular."
"wp.230","Work Permit","/work-permit","İstisnalar (48. madde)","","Trainers tied to exports & imports","İhracat ve ithalata bağlı eğitmenler"
"wp.231","Work Permit","/work-permit","İstisnalar (48. madde)","","Training on goods and services exported from or imported into Turkey.","Türkiye'den ihraç edilen veya Türkiye'ye ithal edilen mal ve hizmetler üzerine eğitim."
"wp.232","Work Permit","/work-permit","İstisnalar (48. madde)","","More categories exist","Başka kategoriler de var"
"wp.233","Work Permit","/work-permit","İstisnalar (48. madde)","yes","The full Article 48 list also covers diplomatic staff, exchange programmes, ship crews and others — ask us about your case.","48. maddenin tam listesi diplomatik personeli, değişim programlarını, gemi mürettebatını ve diğerlerini de kapsar — kendi durumunuzu bize sorun."
"wp.234","Work Permit","/work-permit","İstisnalar (48. madde)","","Deadline","Süre sınırı"
"wp.235","Work Permit","/work-permit","İstisnalar (48. madde)","","30 days from entry","Girişten itibaren 30 gün"
"wp.236","Work Permit","/work-permit","İstisnalar (48. madde)","","to apply at emuafiyet.csgb.gov.tr — late applications are rejected.","içinde emuafiyet.csgb.gov.tr üzerinden başvurulmalıdır — geç başvurular reddedilir."
"wp.237","Work Permit","/work-permit","İstisnalar (48. madde)","","Fees","Harçlar"
"wp.238","Work Permit","/work-permit","İstisnalar (48. madde)","","Under 3 months — no permit fee","3 aydan kısa — izin harcı yok"
"wp.239","Work Permit","/work-permit","İstisnalar (48. madde)","","; only a small card-printing fee if a certificate is requested.","; yalnızca belge talep edilirse küçük bir kart basım ücreti alınır."
"wp.240","Work Permit","/work-permit","İstisnalar (48. madde)","","Rights","Haklar"
"wp.241","Work Permit","/work-permit","İstisnalar (48. madde)","","Residence + multi-entry","İkamet + çok girişli"
"wp.242","Work Permit","/work-permit","İstisnalar (48. madde)","","— the certificate works as a residence permit while valid.","— belge geçerli olduğu sürece ikamet izni yerine geçer."
"wp.243","Work Permit","/work-permit","İstisnalar (48. madde)","","Cooldown","Bekleme süresi"
"wp.244","Work Permit","/work-permit","İstisnalar (48. madde)","","6–12 months","6–12 ay"
"wp.245","Work Permit","/work-permit","İstisnalar (48. madde)","","before the same category can be used again after it ends.","sona erdikten sonra aynı kategori yeniden kullanılamaz."
"wp.246","Work Permit","/work-permit","Süreç adımları","","How we get a permit approved","Bir izni nasıl onaylatıyoruz"
"wp.247","Work Permit","/work-permit","Süreç adımları","yes","You confirm the role and the candidate — we run the whole file under our İŞKUR licence.","Siz pozisyonu ve adayı onaylarsınız — dosyanın tamamını kendi İŞKUR lisansımızla biz yürütürüz."
"wp.248","Work Permit","/work-permit","Süreç adımları","","Pre-check","Ön kontrol"
"wp.249","Work Permit","/work-permit","Süreç adımları","yes","We audit your company against the criteria — ratio, capital, salary threshold, debts — before anything is filed. No surprises later.","Hiçbir şey dosyalanmadan önce şirketinizi kriterlere göre denetleriz — oran, sermaye, maaş eşiği, borçlar. Sonradan sürpriz olmaz."
"wp.250","Work Permit","/work-permit","Süreç adımları","","Consulate stage","Konsolosluk aşaması"
"wp.251","Work Permit","/work-permit","Süreç adımları","","For workers abroad: work visa application at the Turkish consulate in their country, referenced to the Ministry application. Skipped for workers already in Turkey with 6+ months residence.","Yurt dışındaki işçiler için: kendi ülkelerindeki Türk konsolosluğunda, Bakanlık başvurusuna referanslı çalışma vizesi başvurusu. Türkiye'de 6 aydan uzun ikameti olan işçilerde bu aşama atlanır."
"wp.252","Work Permit","/work-permit","Süreç adımları","","Ministry filing","Bakanlığa dosyalama"
"wp.253","Work Permit","/work-permit","Süreç adımları","","We file the joint application on the Ministry of Labour's online system within the legal window and answer every information request — typical decision in ~30 days.","Ortak başvuruyu Çalışma Bakanlığının çevrim içi sisteminde yasal süre içinde dosyalar ve her bilgi talebini yanıtlarız — karar genellikle ~30 günde çıkar."
"wp.254","Work Permit","/work-permit","Süreç adımları","","Approval & start","Onay ve başlangıç"
"wp.255","Work Permit","/work-permit","Süreç adımları","yes","SGK day one","İlk gün SGK"
"wp.256","Work Permit","/work-permit","Süreç adımları","yes","Fees paid, permit issued, worker registered with SGK and legally on your payroll — with the permit doubling as their residence permit.","Harçlar ödenir, izin düzenlenir, işçi SGK'ya kaydedilir ve yasal olarak bordronuza girer — izin aynı zamanda ikamet izni yerine geçer."
"wp.257","Work Permit","/work-permit","Süreç adımları","","Already found your worker yourself?","İşçinizi kendiniz mi buldunuz?"
"wp.258","Work Permit","/work-permit","Süreç adımları","yes","No problem — we also run permit-only files. You bring the employee, we handle the whole work permit process under our İŞKUR licence.","Sorun değil — yalnızca izin dosyaları da yürütüyoruz. Çalışanı siz getirin, çalışma izni sürecinin tamamını kendi İŞKUR lisansımızla biz yürütelim."
"wp.259","Work Permit","/work-permit","Zaman çizelgesi","","How long will your case take?","Sizin dosyanız ne kadar sürer?"
"wp.260","Work Permit","/work-permit","Zaman çizelgesi","","It depends on one thing: where the worker is right now.","Tek bir şeye bağlı: işçi şu anda nerede."
"wp.261","Work Permit","/work-permit","Zaman çizelgesi","","Worker abroad","İşçi yurt dışında"
"wp.262","Work Permit","/work-permit","Zaman çizelgesi","","Already in Turkey","Zaten Türkiye'de"
"wp.263","Work Permit","/work-permit","Zaman çizelgesi","","Worker is abroad","İşçi yurt dışında"
"wp.264","Work Permit","/work-permit","Zaman çizelgesi","","~8–10 weeks","~8–10 hafta"
"wp.265","Work Permit","/work-permit","Zaman çizelgesi","","Week 1","1. hafta"
"wp.266","Work Permit","/work-permit","Zaman çizelgesi","","Work visa application at the Turkish consulate in the worker's country","İşçinin ülkesindeki Türk konsolosluğunda çalışma vizesi başvurusu"
"wp.267","Work Permit","/work-permit","Zaman çizelgesi","","Weeks 2–6","2–6. hafta"
"wp.268","Work Permit","/work-permit","Zaman çizelgesi","","Ministry filing within 10 working days of the consular application, then ~30 days processing","Konsolosluk başvurusundan sonraki 10 iş günü içinde Bakanlığa dosyalama, ardından ~30 gün işlem süresi"
"wp.269","Work Permit","/work-permit","Zaman çizelgesi","","Weeks 6–9","6–9. haftalar"
"wp.270","Work Permit","/work-permit","Zaman çizelgesi","","Approval, fees, visa issuance and travel to Turkey","Onay, harçlar, vize düzenlenmesi ve Türkiye'ye seyahat"
"wp.271","Work Permit","/work-permit","Zaman çizelgesi","","Arrival","Varış"
"wp.272","Work Permit","/work-permit","Zaman çizelgesi","yes","SGK registration and first working day","SGK kaydı ve ilk iş günü"
"wp.273","Work Permit","/work-permit","Zaman çizelgesi","","Worker already in Turkey","İşçi zaten Türkiye'de"
"wp.274","Work Permit","/work-permit","Zaman çizelgesi","","~4–6 weeks","~4–6 hafta"
"wp.275","Work Permit","/work-permit","Zaman çizelgesi","","Direct domestic filing on the Ministry system — needs a valid residence permit of 6+ months","Bakanlık sistemi üzerinden doğrudan yurt içi başvuru — 6 aydan uzun geçerli ikamet izni gerekir"
"wp.276","Work Permit","/work-permit","Zaman çizelgesi","","Weeks 1–5","1–5. haftalar"
"wp.277","Work Permit","/work-permit","Zaman çizelgesi","","~30 days Ministry processing — no consulate stage, no travel wait","~30 gün Bakanlık işlem süresi — konsolosluk aşaması yok, seyahat beklemesi yok"
"wp.278","Work Permit","/work-permit","Zaman çizelgesi","","Approval","Onay"
"wp.279","Work Permit","/work-permit","Zaman çizelgesi","yes","Fees paid, SGK registration and first working day","Harçlar ödenir, SGK kaydı ve ilk iş günü"
"wp.280","Work Permit","/work-permit","Zaman çizelgesi","","Fastest route — worth checking before sourcing abroad whether a suitable candidate is already in Turkey.","Daha hızlı bir süreç için, yurt dışından işçi aramadan önce Türkiye’de uygun bir aday bulunup bulunmadığını kontrol etmenizi öneririz."
"wp.281","Work Permit","/work-permit","Maliyetler","","What a work permit costs","Çalışma izni ne kadar tutar"
"wp.282","Work Permit","/work-permit","Maliyetler","","Three cost lines — two go to the state, one to us. All quoted in writing before we start; the worker never pays anything.","Üç maliyet kalemi — ikisi devlete, biri bize. Hepsi başlamadan önce yazılı olarak bildirilir; işçi hiçbir şey ödemez."
"wp.283","Work Permit","/work-permit","Maliyetler","","State fee 1","Devlet harcı 1"
"wp.284","Work Permit","/work-permit","Maliyetler","","Work permit fee","Çalışma izni harcı"
"wp.285","Work Permit","/work-permit","Maliyetler","","Charged per permit year by the Ministry","Bakanlık tarafından her izin yılı için alınır"
"wp.286","Work Permit","/work-permit","Maliyetler","yes","(çalışma izni harcı)","(çalışma izni harcı)"
"wp.287","Work Permit","/work-permit","Maliyetler","","— the amount is set every January.","— tutar her ocak ayında belirlenir."
"wp.288","Work Permit","/work-permit","Maliyetler","","State fee 2","Devlet harcı 2"
"wp.289","Work Permit","/work-permit","Maliyetler","","Card fee","Kart bedeli"
"wp.290","Work Permit","/work-permit","Maliyetler","","A small fixed fee for printing the permit card","İzin kartının basımı için küçük ve sabit bir ücret"
"wp.291","Work Permit","/work-permit","Maliyetler","","(değerli kağıt bedeli)","(değerli kağıt bedeli)"
"wp.292","Work Permit","/work-permit","Maliyetler","",". If the worker is abroad, the consular visa fee is added.",". İşçi yurt dışındaysa konsolosluk vize ücreti eklenir."
"wp.293","Work Permit","/work-permit","Maliyetler","","Our side","Bizim tarafımız"
"wp.294","Work Permit","/work-permit","Maliyetler","","Service fee — fixed","Hizmet bedeli — sabit"
"wp.295","Work Permit","/work-permit","Maliyetler","yes","Pre-check, filing, follow-up and SGK registration — one fixed amount, quoted upfront in writing. If a permit is rejected, we re-file at our own cost.","Ön kontrol, dosyalama, takip ve SGK kaydı — tek bir sabit tutar, baştan yazılı olarak bildirilir. Bir izin reddedilirse yeniden dosyalamayı kendi masrafımızla yaparız."
"wp.296","Work Permit","/work-permit","Maliyetler","","Get an exact quote on WhatsApp →","WhatsApp'tan net fiyat alın →"
"wp.297","Work Permit","/work-permit","Belgeler","","Documents you'll need","Gerekli belgeler"
"wp.298","Work Permit","/work-permit","Belgeler","","We collect, check and upload everything — this is what each side prepares.","Her şeyi biz toplar, kontrol eder ve yükleriz — her tarafın hazırlaması gerekenler şunlar."
"wp.299","Work Permit","/work-permit","Belgeler","","From the employer","İşverenden"
"wp.300","Work Permit","/work-permit","Belgeler","","6 docs","6 belge"
"wp.301","Work Permit","/work-permit","Belgeler","","Tax plate","Vergi levhası"
"wp.302","Work Permit","/work-permit","Belgeler","yes","(vergi levhası)","(vergi levhası)"
"wp.303","Work Permit","/work-permit","Belgeler","","Trade registry gazette","Ticaret sicil gazetesi"
"wp.304","Work Permit","/work-permit","Belgeler","","(ticaret sicil gazetesi)","(ticaret sicil gazetesi)"
"wp.305","Work Permit","/work-permit","Belgeler","","Latest balance sheet or financial statement","Son bilanço veya mali tablo"
"wp.306","Work Permit","/work-permit","Belgeler","yes","SGK workplace registration and premium records","SGK iş yeri tescili ve prim kayıtları"
"wp.307","Work Permit","/work-permit","Belgeler","","Signature circular","İmza sirküleri"
"wp.308","Work Permit","/work-permit","Belgeler","","(imza sirküleri)","(imza sirküleri)"
"wp.309","Work Permit","/work-permit","Belgeler","","Signed employment contract","İmzalı iş sözleşmesi"
"wp.310","Work Permit","/work-permit","Belgeler","","(we prepare it)","(biz hazırlıyoruz)"
"wp.311","Work Permit","/work-permit","Belgeler","","From the worker","İşçiden"
"wp.312","Work Permit","/work-permit","Belgeler","","Passport — valid well beyond the permit period","Pasaport — izin süresini fazlasıyla aşan geçerlilikte"
"wp.313","Work Permit","/work-permit","Belgeler","","Biometric photo (last 6 months)","Biyometrik fotoğraf (son 6 ay)"
"wp.314","Work Permit","/work-permit","Belgeler","","Diploma or qualification certificate — translated and notarised","Diploma veya yeterlilik belgesi — tercüme edilmiş ve noter onaylı"
"wp.315","Work Permit","/work-permit","Belgeler","","If abroad: consular work visa reference number","Yurt dışındaysa: konsolosluk çalışma vizesi referans numarası"
"wp.316","Work Permit","/work-permit","Belgeler","","If in Turkey: residence permit copy (6+ months validity)","Türkiye'deyse: ikamet izni kopyası (6 aydan uzun geçerlilik)"
"wp.317","Work Permit","/work-permit","Belgeler","","For regulated roles: professional licence or pre-authorisation","Düzenlemeye tabi pozisyonlar için: mesleki lisans veya ön izin"
"wp.318","Work Permit","/work-permit","Belgeler","","Exact requirements vary by sector and case — we send you a tailored checklist after the pre-check.","Tam gereklilikler sektöre ve duruma göre değişir — ön kontrolden sonra size özel bir kontrol listesi göndeririz."
"wp.319","Work Permit","/work-permit","Yenileme","","Don't forget renewals","Yenilemeleri unutmayın"
"wp.320","Work Permit","/work-permit","Yenileme","","A permit that expires is a worker you lose","Süresi dolan bir izin, kaybedilen bir işçi demektir"
"wp.321","Work Permit","/work-permit","Yenileme","","Renewal must be filed","Yenileme başvurusu"
"wp.322","Work Permit","/work-permit","Yenileme","","within the 60 days before expiry","bitiş tarihinden önceki 60 gün içinde yapılmalıdır"
"wp.323","Work Permit","/work-permit","Yenileme","","— miss the window and the worker falls out of legal status. For every permit we file, we track the expiry date and start the renewal on time, automatically.","— bu süreyi kaçırırsanız işçi yasal statüsünü kaybeder. Dosyaladığımız her izin için bitiş tarihini takip eder ve yenilemeyi otomatik olarak zamanında başlatırız."
"wp.324","Work Permit","/work-permit","Yenileme","","Miss the window and the worker falls out of legal status. For every permit we file, we track the expiry and start the renewal on time.","Bu süreyi kaçırırsanız işçi yasal statüsünü kaybeder. Dosyaladığımız her izin için bitiş tarihini takip eder ve yenilemeyi zamanında başlatırız."
"wp.325","Work Permit","/work-permit","Yenileme","","days","gün"
"wp.326","Work Permit","/work-permit","Yenileme","","Filing window opens 60 days before expiry — and closes on the expiry date.","Başvuru penceresi bitişten 60 gün önce açılır ve bitiş tarihinde kapanır."
"wp.327","Work Permit","/work-permit","Yenileme","","Renew a permit →","İzin yenileyin →"
"wp.328","Work Permit","/work-permit","SSS","","Work permit questions","Çalışma izni soruları"
"wp.329","Work Permit","/work-permit","SSS","","What Turkish employers ask us before their first foreign hire.","Türk işverenlerin ilk yabancı işe alımından önce bize sorduğu sorular."
"wp.330","Work Permit","/work-permit","SSS","","Something else?","Başka bir şey mi var?"
"wp.331","Work Permit","/work-permit","SSS","","Ask our permit team directly.","Doğrudan izin ekibimize sorun."
"wp.332","Work Permit","/work-permit","SSS","","WhatsApp","WhatsApp"
"wp.333","Work Permit","/work-permit","SSS","","Email","E-posta"
"wp.334","Work Permit","/work-permit","SSS","","How long does a Turkish work permit take?","Türkiye çalışma izni ne kadar sürer?"
"wp.335","Work Permit","/work-permit","SSS","","Around 30 days of Ministry processing once the file is complete. If the worker is abroad, add the consular work visa stage before that. With our pre-check, most files pass on the first submission — rejected files that need re-filing take far longer, which is why the pre-check matters.","Dosya tamamlandıktan sonra Bakanlıkta yaklaşık 30 gün. İşçi yurt dışındaysa öncesine konsolosluk çalışma vizesi aşamasını ekleyin. Ön kontrolümüzle dosyaların çoğu ilk gönderimde geçer — reddedilip yeniden dosyalanan başvurular çok daha uzun sürer, ön kontrolün önemi de burada."
"wp.336","Work Permit","/work-permit","SSS","","Does the worker also need a residence permit?","İşçinin ayrıca ikamet iznine ihtiyacı var mı?"
"wp.337","Work Permit","/work-permit","SSS","yes","No. Under Law No. 6735, a valid work permit counts as a residence permit for its whole validity. The worker can live in Turkey and re-enter the country on the permit alone.","Hayır. 6735 sayılı Kanun uyarınca geçerli bir çalışma izni, tüm geçerlilik süresi boyunca ikamet izni yerine geçer. İşçi yalnızca bu izinle Türkiye'de yaşayabilir ve ülkeye yeniden giriş yapabilir."
"wp.338","Work Permit","/work-permit","SSS","yes","What exactly is the 1:5 rule?","1:5 kuralı tam olarak nedir?"
"wp.339","Work Permit","/work-permit","SSS","yes","For each foreign worker, the workplace must employ at least five Turkish citizens registered with SGK. It is monitored monthly starting from the 7th month of the first permit, so new employers have a build-up window. Some sectors and situations are exempt — tourism specialists, advanced-technology investments and public projects among them.","Her yabancı işçi için iş yerinin SGK'ya kayıtlı en az beş Türk vatandaşı çalıştırması gerekir. İlk iznin 7. ayından itibaren aylık izlenir, böylece yeni işverenlerin kadro kurmak için süresi olur. Bazı sektörler ve durumlar muaftır — turizm uzmanları, ileri teknoloji yatırımları ve kamu projeleri bunlar arasındadır."
"wp.340","Work Permit","/work-permit","SSS","","What is e-Muafiyet and who can use it?","e-Muafiyet nedir ve kimler kullanabilir?"
"wp.341","Work Permit","/work-permit","SSS","","What happens if someone works without a permit?","Biri izinsiz çalışırsa ne olur?"
"wp.342","Work Permit","/work-permit","SSS","yes","Administrative fines of over ₺100,000 per unauthorised worker in 2026 (updated every year), deportation of the worker at the employer's expense, a block on the employer's future applications, and possible criminal liability for directors. It is never worth it.","2026'da izinsiz her işçi için 100.000 ₺'nin üzerinde idari para cezası (her yıl güncellenir), masrafları işverene ait olmak üzere işçinin sınır dışı edilmesi, işverenin gelecekteki başvurularının engellenmesi ve yöneticiler için olası cezai sorumluluk. Asla değmez."
"wp.343","Work Permit","/work-permit","SSS","","Is there a minimum salary for foreign workers?","Yabancı işçiler için asgari maaş var mı?"
"wp.344","Work Permit","/work-permit","SSS","yes","Yes — each role has a minimum gross salary defined as a multiple of the Turkish minimum wage, higher for specialists and managers. The multiples are updated every January, and offering less is an automatic rejection.","Evet — her pozisyonun, Türkiye asgari ücretinin katı olarak tanımlanmış bir asgari brüt maaşı vardır; uzmanlar ve yöneticiler için daha yüksektir. Katsayılar her ocak ayında güncellenir ve daha azını teklif etmek otomatik ret demektir."
"wp.345","Work Permit","/work-permit","SSS","","We are a recruitment agency — can you file permits for our clients' workers?","Biz bir işe alım ajansıyız — müşterilerimizin işçileri için izin dosyalayabilir misiniz?"
"wp.346","Work Permit","/work-permit","SSS","yes","Yes — that is exactly our HR agency partnership: you keep the client, we supply verified workers and file every permit under our İŞKUR licence. See the Partner With Us page for how the cooperation works, or message us on WhatsApp.","Evet — İK ajansı iş ortaklığımız tam olarak budur: müşteri sizde kalır, biz doğrulanmış işçi sağlar ve her izni kendi İŞKUR lisansımızla dosyalarız. İş birliğinin nasıl işlediğini Bizimle Çalışın sayfasında görebilir ya da bize WhatsApp'tan yazabilirsiniz."
"wp.347","Work Permit","/work-permit","SSS","","We already have a worker — can you handle just the permit?","Zaten bir işçimiz var — yalnızca izni halledebilir misiniz?"
"wp.348","Work Permit","/work-permit","SSS","yes","Yes. Permit-only files are a normal part of our work: you bring the employee, we run the pre-check, the consular stage if needed, the Ministry filing and SGK registration under our İŞKUR licence. You don't have to hire through us to use our permit service.","Evet. Yalnızca izin dosyaları işimizin olağan bir parçasıdır: çalışanı siz getirirsiniz, ön kontrolü, gerekiyorsa konsolosluk aşamasını, Bakanlığa dosyalamayı ve SGK kaydını kendi İŞKUR lisansımızla biz yürütürüz. İzin hizmetimizi kullanmak için bizden işçi almanız gerekmez."
"wp.349","Work Permit","/work-permit","SSS","","Who files the permit when we hire through JobsAdmire?","JobsAdmire üzerinden işe aldığımızda izni kim dosyalar?"
"wp.350","Work Permit","/work-permit","SSS","yes","We do — every stage, under our İŞKUR licence (Permit No. 1730): the company pre-check, the consular stage, the Ministry filing and SGK registration. You track the status live on your portal, and if a permit is rejected we re-file at our own cost.","Biz — her aşamayı kendi İŞKUR lisansımızla (İzin No. 1730): şirket ön kontrolü, konsolosluk aşaması, Bakanlığa dosyalama ve SGK kaydı. Durumu portalınızdan canlı takip edersiniz ve bir izin reddedilirse yeniden dosyalamayı kendi masrafımızla yaparız."
"wp.351","Work Permit","/work-permit","Blog ve kapanış","","Keep reading on the blog","Blogda okumaya devam edin"
"wp.352","Work Permit","/work-permit","Blog ve kapanış","","All articles →","Tüm yazılar →"
"wp.353","Work Permit","/work-permit","Blog ve kapanış","","Turkey work permit rejection reasons — and how to avoid them","Türkiye çalışma izni ret nedenleri — ve bunlardan nasıl kaçınılır"
"wp.354","Work Permit","/work-permit","Blog ve kapanış","","The 7 most common rejection causes, and the pre-checks that prevent them.","En sık görülen 7 ret nedeni ve bunları önleyen ön kontroller."
"wp.355","Work Permit","/work-permit","Blog ve kapanış","","Work visa vs work permit in Turkey: what's the difference?","Türkiye'de çalışma vizesi ile çalışma izni: fark nedir?"
"wp.356","Work Permit","/work-permit","Blog ve kapanış","","Two documents, two processes — and why workers abroad need both.","İki belge, iki süreç — ve yurt dışındaki işçilerin neden ikisine de ihtiyacı var."
"wp.357","Work Permit","/work-permit","Blog ve kapanış","","Work permit renewals: don't lose your workforce to missed deadlines","Çalışma izni yenilemeleri: kaçırılan süreler yüzünden iş gücünüzü kaybetmeyin"
"wp.358","Work Permit","/work-permit","Blog ve kapanış","","Renewal windows, required documents and how we track expiry dates.","Yenileme süreleri, gerekli belgeler ve bitiş tarihlerini nasıl takip ettiğimiz."
"wp.359","Work Permit","/work-permit","Blog ve kapanış","","With workers or without — we handle every permit","İşçiyle ya da işçisiz — her izni biz yürütürüz"
"wp.360","Work Permit","/work-permit","Blog ve kapanış","yes","Need workers? We source them and file the permits. Already have your own? We run the permit file alone. Either way: pre-check, consulate stage, Ministry filing and SGK registration under our İŞKUR licence — and if a permit is rejected, we re-file at our own cost.","İşçiye mi ihtiyacınız var? Onları biz buluruz ve izinleri biz dosyalarız. Kendi işçiniz mi var? Yalnızca izin dosyasını yürütürüz. Her iki durumda da: ön kontrol, konsolosluk aşaması, Bakanlığa dosyalama ve SGK kaydı — hepsi kendi İŞKUR lisansımızla. Bir izin reddedilirse yeniden dosyalamayı kendi masrafımızla yaparız."
"wp.361","Work Permit","/work-permit","Blog ve kapanış","yes","Pre-check, consulate stage, Ministry filing and SGK — all under our İŞKUR licence.","Ön kontrol, konsolosluk aşaması, Bakanlığa dosyalama ve SGK — hepsi kendi İŞKUR lisansımızla."
"wp.362","Work Permit","/work-permit","Blog ve kapanış","","Rejected permit? We re-file at our own cost.","İzin reddedildi mi? Yeniden dosyalamayı kendi masrafımızla yaparız."
"wp.363","Work Permit","/work-permit","Blog ve kapanış","","I need workers","İşçiye ihtiyacım var"
"wp.364","Work Permit","/work-permit","Blog ve kapanış","","We source them and file every permit","Onları biz buluruz ve her izni biz dosyalarız"
"wp.365","Work Permit","/work-permit","Blog ve kapanış","","I already have a worker","Zaten bir işçim var"
"wp.366","Work Permit","/work-permit","Blog ve kapanış","","Hire workers with permits handled →","İzinleri bize bırakarak işçi alın →"
"wp.367","Work Permit","/work-permit","Blog ve kapanış","","Permit-only for my worker","İşçim için yalnızca izin"
"wp.368","Work Permit","/work-permit","Alt bilgi (Footer)","","Call us","Bizi arayın"
"wp.369","Work Permit","/work-permit","Alt bilgi (Footer)","","Licensed workforce recruitment for employers in Turkey — overseas sourcing, vetting and work permits, end-to-end.","Türkiye’deki işverenler için lisanslı iş gücü temini — yurt dışı tedarik, inceleme ve çalışma izinleri, uçtan uca."
"wp.370","Work Permit","/work-permit","Alt bilgi (Footer)","yes","İŞKUR Licensed · Permit No. 1730","İŞKUR Lisanslı · İzin No. 1730"
"wp.371","Work Permit","/work-permit","Alt bilgi (Footer)","","For Employers","İşverenler için"
"wp.372","Work Permit","/work-permit","Alt bilgi (Footer)","","Available Workers","Mevcut İşçiler"
"wp.373","Work Permit","/work-permit","Alt bilgi (Footer)","","Hiring Cost Calculator","İşçi Maliyet Hesaplama"
"wp.374","Work Permit","/work-permit","Alt bilgi (Footer)","","Company","Kurumsal"
"wp.375","Work Permit","/work-permit","Alt bilgi (Footer)","","Contact","İletişim"
"wp.376","Work Permit","/work-permit","Alt bilgi (Footer)","","Telegram · @jobsadmire","Telegram · @jobsadmire"
"wp.377","Work Permit","/work-permit","Alt bilgi (Footer)","","Antalya · Head office","Antalya · Merkez ofis"
"wp.378","Work Permit","/work-permit","Alt bilgi (Footer)","","Adnan Menderes Blv. No 7/6","Adnan Menderes Blv. No 7/6"
"wp.379","Work Permit","/work-permit","Alt bilgi (Footer)","","Muratpaşa, Antalya, Türkiye","Muratpaşa, Antalya, Türkiye"
"wp.380","Work Permit","/work-permit","Alt bilgi (Footer)","","Mon–Fri 09:00–18:00","Pzt–Cum 09:00–18:00"
"wp.381","Work Permit","/work-permit","Alt bilgi (Footer)","","Get directions","Yol tarifi alın"
"wp.382","Work Permit","/work-permit","Alt bilgi (Footer)","","Karachi · Tech office","Karaçi · Teknoloji ofisi"
"wp.383","Work Permit","/work-permit","Alt bilgi (Footer)","","Shahrah-e-Faisal","Shahrah-e-Faisal"
"wp.384","Work Permit","/work-permit","Alt bilgi (Footer)","","Karachi, Pakistan","Karaçi, Pakistan"
"wp.385","Work Permit","/work-permit","Alt bilgi (Footer)","","Mon–Sat 10:00–19:00 PKT","Pzt–Cmt 10:00–19:00 PKT"
"wp.386","Work Permit","/work-permit","Alt bilgi (Footer)","","WhatsApp Us →","WhatsApp’tan yazın →"
"wp.387","Work Permit","/work-permit","Alt bilgi (Footer)","","Get Our App","Uygulamamızı İndirin"
"wp.388","Work Permit","/work-permit","Alt bilgi (Footer)","","JobsAdmire","JobsAdmire"
"wp.389","Work Permit","/work-permit","Alt bilgi (Footer)","","Workforce on the go","İş gücü her yerde yanınızda"
"wp.390","Work Permit","/work-permit","Alt bilgi (Footer)","","Approve candidates, track permits & get instant updates.","Adayları onaylayın, izinleri takip edin ve anlık bildirim alın."
"wp.391","Work Permit","/work-permit","Alt bilgi (Footer)","yes","İŞKUR permit No. 1730 · Job seekers are never charged a fee (law No. 4904) · Tax No: 48422122","İŞKUR izin No. 1730 · İş arayanlardan asla ücret alınmaz (4904 sayılı kanun) · Vergi No: 48422122"
"wp.392","Work Permit","/work-permit","Alt bilgi (Footer)","","Privacy","Gizlilik Politikası"
"wp.393","Work Permit","/work-permit","Alt bilgi (Footer)","","Terms","Kullanım Şartları"
"wp.394","Work Permit","/work-permit","Alt bilgi (Footer)","","© 2026 Jobs Admire","© 2026 Jobs Admire"
"wp.395","Work Permit","/work-permit","SEO ve şema metni","yes","JobsAdmire · İŞKUR Private Employment Agency Permit No. 1730 · Antalya, Türkiye ·","JobsAdmire · İŞKUR Özel İstihdam Bürosu İzin No. 1730 · Antalya, Türkiye ·"
"wp.396","Work Permit","/work-permit","SEO ve şema metni","yes","İŞKUR-licensed recruitment agency in Turkey — overseas worker sourcing with every work permit filed under Law No. 6735.","Türkiye'de İŞKUR lisanslı işe alım ajansı — yurt dışından işçi temini ve 6735 sayılı Kanun kapsamında dosyalanan her çalışma izni."
"wp.397","Work Permit","/work-permit","SEO ve şema metni","yes","İŞKUR Private Employment Agency Permit No. 1730","İŞKUR Özel İstihdam Bürosu İzin No. 1730"
"wp.398","Work Permit","/work-permit","SEO ve şema metni","","Employer updates subscription","İşveren güncellemeleri aboneliği"
"about.001","About Us","/about","Menü ve genel etiketler","yes","İŞKUR Licensed · Permit No. 1730","İŞKUR Lisanslı · İzin No. 1730"
"about.002","About Us","/about","Menü ve genel etiketler","yes","İŞKUR · 1730","İŞKUR · 1730"
"about.003","About Us","/about","Menü ve genel etiketler","","info@jobsadmire.com","info@jobsadmire.com"
"about.004","About Us","/about","Menü ve genel etiketler","","Blog","Blog"
"about.005","About Us","/about","Menü ve genel etiketler","","Join Our Team","Ekibimize Katılın"
"about.006","About Us","/about","Menü ve genel etiketler","","Verify a Representative","Temsilci Doğrulama"
"about.007","About Us","/about","Menü ve genel etiketler","","CRM Login","CRM Girişi"
"about.008","About Us","/about","Menü ve genel etiketler","","About Us","Hakkımızda"
"about.009","About Us","/about","Menü ve genel etiketler","","Hire Workers","İşçi Talebi"
"about.010","About Us","/about","Menü ve genel etiketler","","Candidates","Adaylar"
"about.011","About Us","/about","Menü ve genel etiketler","","Work Permits","Çalışma İzinleri"
"about.012","About Us","/about","Menü ve genel etiketler","","Cost Calculator","Maliyet Hesaplama"
"about.013","About Us","/about","Menü ve genel etiketler","","Success Stories","Başarı Hikâyeleri"
"about.014","About Us","/about","Menü ve genel etiketler","","Contact Us","İletişim"
"about.015","About Us","/about","Menü ve genel etiketler","","Partner With Us","İş Ortağı Olun"
"about.016","About Us","/about","Menü ve genel etiketler","","Request","Talep"
"about.017","About Us","/about","Menü ve genel etiketler","","Workers","Oluştur"
"about.018","About Us","/about","Menü ve genel etiketler","","Language","Dil"
"about.019","About Us","/about","Menü ve genel etiketler","","Blog & Guides","Blog ve Rehberler"
"about.020","About Us","/about","Menü ve genel etiketler","","CRM Login →","CRM Girişi →"
"about.021","About Us","/about","Menü ve genel etiketler","","Home","Ana Sayfa"
"about.022","About Us","/about","Menü ve genel etiketler","","About","Hakkımızda"
"about.023","About Us","/about","Menü ve genel etiketler","","Jobs Admire","Jobs Admire"
"about.024","About Us","/about","Menü ve genel etiketler","","Özel İstihdam Bürosu","Özel İstihdam Bürosu"
"about.025","About Us","/about","Menü ve genel etiketler","","A licensed workforce recruitment agency in Turkey — connecting employers with skilled overseas workers, with every work permit handled by us.","Türkiye'de lisanslı bir iş gücü temin ajansı — işverenleri nitelikli yabancı işçilerle buluşturuyoruz ve her çalışma iznini biz yürütüyoruz."
"about.026","About Us","/about","Menü ve genel etiketler","","workers placed","yerleştirilen işçi"
"about.027","About Us","/about","Menü ve genel etiketler","","client companies","müşteri şirket"
"about.028","About Us","/about","Menü ve genel etiketler","","source countries","kaynak ülke"
"about.029","About Us","/about","Menü ve genel etiketler","","Request workers","İşçi talebi"
"about.030","About Us","/about","Menü ve genel etiketler","","WhatsApp","WhatsApp"
"about.031","About Us","/about","Menü ve genel etiketler","","Company profile (PDF)","Şirket profili (PDF)"
"about.032","About Us","/about","Üst bölüm (Hero)","","Bridging workforce across borders","Sınırlar ötesinde iş gücü köprüsü"
"about.033","About Us","/about","Üst bölüm (Hero)","","Turkey","Türkiye"
"about.034","About Us","/about","Üst bölüm (Hero)","","Work permits included","Çalışma izinleri dahil"
"about.035","About Us","/about","Üst bölüm (Hero)","yes","İŞKUR Licensed Agency","İŞKUR Lisanslı Ajans"
"about.036","About Us","/about","Üst bölüm (Hero)","yes","Permit No. 1730 · Since 19.09.2024","İzin No. 1730 · 19.09.2024'ten beri"
"about.037","About Us","/about","Üst bölüm (Hero)","","Licensed & operating","Lisanslı ve faal"
"about.038","About Us","/about","Biz kimiz","","Who we are","Biz kimiz"
"about.039","About Us","/about","Biz kimiz","","A bridge between overseas talent and Turkish employers","Yurt dışındaki yetenekler ile Türk işverenler arasında bir köprü"
"about.040","About Us","/about","Biz kimiz","yes","JobsAdmire is a private employment agency headquartered in Antalya, operating under İŞKUR permit No. 1730. We recruit skilled workers from 13+ countries for employers across Turkey — and we manage the entire journey.","JobsAdmire, merkezi Antalya'da bulunan ve İŞKUR 1730 numaralı izinle faaliyet gösteren bir özel istihdam bürosudur. Türkiye genelindeki işverenler için 13'ten fazla ülkeden nitelikli işçi temin ediyor ve sürecin tamamını biz yönetiyoruz."
"about.041","About Us","/about","Biz kimiz","","For employers","İşverenler için"
"about.042","About Us","/about","Biz kimiz","","We make hiring easy — sourcing, work permits and paperwork handled end-to-end, so workers arrive ready to start.","İşe alımı kolaylaştırıyoruz — temin, çalışma izinleri ve evrak işleri baştan sona bizde; işçiler başlamaya hazır geliyor."
"about.043","About Us","/about","Biz kimiz","","For sourcing agencies","Temin ajansları için"
"about.044","About Us","/about","Biz kimiz","","We verify every employer and issue demands only from genuine companies — protecting our partners from scams and fraud.","Her işvereni doğruluyor ve talepleri yalnızca gerçek şirketlerden çıkarıyoruz — iş ortaklarımızı dolandırıcılıktan koruyoruz."
"about.045","About Us","/about","Biz kimiz","","For candidates","Adaylar için"
"about.046","About Us","/about","Biz kimiz","yes","We do everything to keep every worker's rights protected — fair contracts, legal permits, and never a fee charged (law No. 4904).","Adayların haklarını süreç boyunca gözetiyoruz — adil sözleşmeler, yasal çalışma izinleri ve adaylardan hiçbir aşamada ücret alınmaması (4904 sayılı Kanun)."
"about.047","About Us","/about","Kurucu sözü","","Founder & CEO, JobsAdmire","Kurucu ve CEO, JobsAdmire"
"about.048","About Us","/about","Kurucu sözü","","“Behind every worker we place is a family whose life changes. Today we are proud to serve","“Her başarılı yerleştirmenin ardında, hayatı değişen bir aile var. Bugün"
"about.049","About Us","/about","Kurucu sözü","","through dignified employment in Turkey.”","kişinin Türkiye’de yeni bir iş ve aileleriyle birlikte yeni bir gelecek kurmasına katkı sağlamaktan gurur duyuyoruz.”"
"about.050","About Us","/about","Yolculuğumuz","","Our journey","Yolculuğumuz"
"about.051","About Us","/about","Yolculuğumuz","","Sep 2024","Eylül 2024"
"about.052","About Us","/about","Yolculuğumuz","yes","İŞKUR license granted — permit No. 1730","İŞKUR lisansı alındı — izin No. 1730"
"about.053","About Us","/about","Yolculuğumuz","","Late 2024","2024 sonu"
"about.054","About Us","/about","Yolculuğumuz","","First overseas workers deployed","İlk yurt dışı işçiler görevlendirildi"
"about.055","About Us","/about","Yolculuğumuz","","Antalya office fully operational","Antalya ofisi tam kapasite faaliyette"
"about.056","About Us","/about","Yolculuğumuz","","Today","Bugün"
"about.057","About Us","/about","Yolculuğumuz","","470+ workers placed, 14+ clients","470+ işçi yerleştirildi, 14+ müşteri"
"about.058","About Us","/about","Yolculuğumuz","","Partner with us →","İş ortağımız olun →"
"about.059","About Us","/about","Sayısal göstergeler","","Workers Placed","Yerleştirilen İşçi"
"about.060","About Us","/about","Sayısal göstergeler","","Client Companies","Müşteri Şirket"
"about.061","About Us","/about","Sayısal göstergeler","","45 days","45 gün"
"about.062","About Us","/about","Sayısal göstergeler","","Avg. Permit Processing","Ort. İzin Süresi"
"about.063","About Us","/about","Sayısal göstergeler","","Client Retention","Müşteri Devamlılığı"
"about.064","About Us","/about","Teknoloji ve portal","","Why our portal CRM","Portal CRM'imiz neden"
"about.065","About Us","/about","Teknoloji ve portal","","Everything that makes hiring through JobsAdmire faster, easier and fully in your control.","JobsAdmire ile işe alımı daha hızlı, daha kolay ve tamamen sizin kontrolünüzde yapan her şey."
"about.066","About Us","/about","Teknoloji ve portal","","Our Technology","Teknolojimiz"
"about.067","About Us","/about","Teknoloji ve portal","","The only recruitment agency with its own","Kendi"
"about.068","About Us","/about","Teknoloji ve portal","","Artificial Intelligence","Yapay Zekâ"
"about.069","About Us","/about","Teknoloji ve portal","","CRM and mobile app","CRM'ine ve mobil uygulamasına sahip tek işe alım ajansı"
"about.070","About Us","/about","Teknoloji ve portal","","Most agencies work over phone calls and spreadsheets. We built our own AI-powered CRM system and mobile app — so you follow your request from shortlist to arrival in real time, not by chasing updates.","Çoğu ajans telefon görüşmeleri ve tablolarla çalışır. Biz yapay zekâ destekli kendi CRM sistemimizi ve mobil uygulamamızı geliştirdik — böylece talebinizi kısa listeden varışa kadar gerçek zamanlı izlersiniz, güncelleme peşinde koşarak değil."
"about.071","About Us","/about","Teknoloji ve portal","","Live work permit & visa status — no calls, no waiting","Canlı çalışma izni ve vize durumu — telefon yok, bekleme yok"
"about.072","About Us","/about","Teknoloji ve portal","","Candidate profiles, documents & approvals — all in one place","Aday profilleri, belgeler ve onaylar — hepsi tek yerde"
"about.073","About Us","/about","Teknoloji ve portal","","Instant notifications at every step — on web and mobile","Her adımda anlık bildirim — web ve mobilde"
"about.074","About Us","/about","Teknoloji ve portal","","Latest AI features — smart candidate matching & automated screening","En yeni yapay zekâ özellikleri — akıllı aday eşleştirme ve otomatik ön eleme"
"about.075","About Us","/about","Teknoloji ve portal","","White-label available — we power other HR agencies under their own brand","White-label mevcut — diğer İK ajanslarını kendi markaları altında biz çalıştırıyoruz"
"about.076","About Us","/about","Teknoloji ve portal","","Book a demo →","Demo talep edin →"
"about.077","About Us","/about","Teknoloji ve portal","","E-signature contracts","E-imzalı sözleşmeler"
"about.078","About Us","/about","Teknoloji ve portal","","All contracts signed digitally on the portal — no printing, no scanning, no courier delays.","Tüm sözleşmeler portal üzerinden dijital olarak imzalanır — yazdırma yok, tarama yok, kurye gecikmesi yok."
"about.079","About Us","/about","Teknoloji ve portal","","Auto-generated documents","Otomatik oluşturulan belgeler"
"about.080","About Us","/about","Teknoloji ve portal","","Offer letters and candidate CVs generated automatically by the system — standardized, error-free, ready in seconds.","Teklif mektupları ve aday özgeçmişleri sistem tarafından otomatik oluşturulur — standart, hatasız, saniyeler içinde hazır."
"about.081","About Us","/about","Teknoloji ve portal","","AI candidate matching","Yapay zekâ ile aday eşleştirme"
"about.082","About Us","/about","Teknoloji ve portal","","Our AI matches candidates from 13+ countries to your exact requirement — the right skills, the first time.","Yapay zekâmız 13'ten fazla ülkeden adayları tam olarak sizin ihtiyacınıza eşleştirir — doğru beceriler, ilk seferde."
"about.083","About Us","/about","Teknoloji ve portal","","User-friendly mobile app","Kullanıcı dostu mobil uygulama"
"about.084","About Us","/about","Teknoloji ve portal","","Review shortlists, approve candidates and track permits from your phone — everything one tap away.","Kısa listeleri inceleyin, adayları onaylayın ve izinleri telefonunuzdan takip edin — her şey tek dokunuş uzağınızda."
"about.085","About Us","/about","Teknoloji ve portal","","Easy online payments","Kolay çevrim içi ödeme"
"about.086","About Us","/about","Teknoloji ve portal","","Pay securely online through the portal — clear invoices, instant receipts, full payment history.","Portal üzerinden güvenle çevrim içi ödeyin — net faturalar, anında makbuz, tam ödeme geçmişi."
"about.087","About Us","/about","Teknoloji ve portal","","Training for sourcing agents","Temin acenteleri için eğitim"
"about.088","About Us","/about","Teknoloji ve portal","","Built-in training courses for our sourcing partners — so every agent follows the same professional standard.","Temin ortaklarımız için yerleşik eğitim kursları — böylece her acente aynı profesyonel standardı izler."
"about.089","About Us","/about","Ofisler","","On the ground, both sides","Her iki tarafta da sahada"
"about.090","About Us","/about","Ofisler","","Two offices, one team — contracts and permits handled in Antalya, candidates sourced and vetted in Karachi. Nothing gets lost in between.","İki ofis, tek ekip — sözleşmeler ve izinler Antalya'da, adayların temini ve incelemesi Karaçi'de. Arada hiçbir şey kaybolmaz."
"about.091","About Us","/about","Ofisler","","HEAD OFFICE · TURKEY","MERKEZ OFİS · TÜRKİYE"
"about.092","About Us","/about","Ofisler","","Antalya","Antalya"
"about.093","About Us","/about","Ofisler","","HEAD OFFICE · TURKEY","MERKEZ OFİS · TÜRKİYE"
"about.094","About Us","/about","Ofisler","","Adnan Menderes Blv. No: 7/6, Muratpaşa, Antalya","Adnan Menderes Blv. No: 7/6, Muratpaşa, Antalya"
"about.095","About Us","/about","Ofisler","","Client contracts","Müşteri sözleşmeleri"
"about.096","About Us","/about","Ofisler","","Work permit filing","Çalışma izni dosyalama"
"about.097","About Us","/about","Ofisler","","Employer support","İşveren desteği"
"about.098","About Us","/about","Ofisler","","WhatsApp: +90 501 124 03 40 →","WhatsApp: +90 501 124 03 40 →"
"about.099","About Us","/about","Ofisler","","Get directions","Yol tarifi alın"
"about.100","About Us","/about","Ofisler","","One team","Tek ekip"
"about.101","About Us","/about","Ofisler","","RECRUITMENT · PAKISTAN","TEMİN · PAKİSTAN"
"about.102","About Us","/about","Ofisler","","Karachi","Karaçi"
"about.103","About Us","/about","Ofisler","","RECRUITMENT · PAKISTAN","TEMİN · PAKİSTAN"
"about.104","About Us","/about","Ofisler","","Shahrah-e-Faisal, Karachi, Pakistan","Shahrah-e-Faisal, Karaçi, Pakistan"
"about.105","About Us","/about","Ofisler","","Candidate sourcing","Aday temini"
"about.106","About Us","/about","Ofisler","","Skill vetting","Beceri denetimi"
"about.107","About Us","/about","Ofisler","","Documentation","Belgelendirme"
"about.108","About Us","/about","Ofisler","yes","İŞKUR permit No. 1730 · Tax No: 48422122 · No fee is ever charged to job seekers (law No. 4904)","İŞKUR izin No. 1730 · Vergi No: 48422122 · İş arayanlardan hiçbir zaman ücret alınmaz (4904 sayılı Kanun)"
"about.109","About Us","/about","Ofisler","","Download Company Profile →","Şirket Profilini İndir →"
"about.110","About Us","/about","Kapanış çağrısı","","Let's build your workforce","İş gücünüzü birlikte kuralım"
"about.111","About Us","/about","Kapanış çağrısı","","Free consultation for employers — tell us what you need.","İşverenler için ücretsiz danışmanlık — neye ihtiyacınız olduğunu söyleyin."
"about.112","About Us","/about","Kapanış çağrısı","","Request Workers →","İşçi talep edin →"
"about.113","About Us","/about","Kapanış çağrısı","","Call us","Bizi arayın"
"about.114","About Us","/about","Kapanış çağrısı","","Licensed workforce recruitment for employers in Turkey — overseas sourcing, vetting and work permits, end-to-end.","Türkiye’deki işverenler için lisanslı iş gücü temini — yurt dışı tedarik, inceleme ve çalışma izinleri, uçtan uca."
"about.115","About Us","/about","Kapanış çağrısı","yes","İŞKUR Licensed · Permit No. 1730","İŞKUR Lisanslı · İzin No. 1730"
"about.116","About Us","/about","Kapanış çağrısı","","For Employers","İşverenler için"
"about.117","About Us","/about","Kapanış çağrısı","","Available Workers","Mevcut İşçiler"
"about.118","About Us","/about","Kapanış çağrısı","","Hiring Cost Calculator","İşçi Maliyet Hesaplama"
"about.119","About Us","/about","Kapanış çağrısı","","Company","Kurumsal"
"about.120","About Us","/about","Kapanış çağrısı","","Contact","İletişim"
"about.121","About Us","/about","Kapanış çağrısı","","Telegram · @jobsadmire","Telegram · @jobsadmire"
"about.122","About Us","/about","Kapanış çağrısı","","Antalya · Head office","Antalya · Merkez ofis"
"about.123","About Us","/about","Kapanış çağrısı","","Adnan Menderes Blv. No 7/6","Adnan Menderes Blv. No 7/6"
"about.124","About Us","/about","Kapanış çağrısı","","Muratpaşa, Antalya, Türkiye","Muratpaşa, Antalya, Türkiye"
"about.125","About Us","/about","Kapanış çağrısı","","Mon–Fri 09:00–18:00","Pzt–Cum 09:00–18:00"
"about.126","About Us","/about","Kapanış çağrısı","","Karachi · Tech office","Karaçi · Teknoloji ofisi"
"about.127","About Us","/about","Kapanış çağrısı","","Shahrah-e-Faisal","Shahrah-e-Faisal"
"about.128","About Us","/about","Kapanış çağrısı","","Karachi, Pakistan","Karaçi, Pakistan"
"about.129","About Us","/about","Kapanış çağrısı","","Mon–Sat 10:00–19:00 PKT","Pzt–Cmt 10:00–19:00 PKT"
"about.130","About Us","/about","Kapanış çağrısı","","WhatsApp Us →","WhatsApp’tan yazın →"
"about.131","About Us","/about","Kapanış çağrısı","","Get Our App","Uygulamamızı İndirin"
"about.132","About Us","/about","Kapanış çağrısı","","JobsAdmire","JobsAdmire"
"about.133","About Us","/about","Kapanış çağrısı","","Workforce on the go","İş gücü her yerde yanınızda"
"about.134","About Us","/about","Kapanış çağrısı","","Approve candidates, track permits & get instant updates.","Adayları onaylayın, izinleri takip edin ve anlık bildirim alın."
"about.135","About Us","/about","Kapanış çağrısı","yes","İŞKUR permit No. 1730 · Job seekers are never charged a fee (law No. 4904) · Tax No: 48422122","İŞKUR izin No. 1730 · İş arayanlardan asla ücret alınmaz (4904 sayılı kanun) · Vergi No: 48422122"
"about.136","About Us","/about","Kapanış çağrısı","","Privacy","Gizlilik Politikası"
"about.137","About Us","/about","Kapanış çağrısı","","Terms","Kullanım Şartları"
"about.138","About Us","/about","Kapanış çağrısı","","© 2026 Jobs Admire","© 2026 Jobs Admire"
"about.139","About Us","/about","Kapanış çağrısı","","Pakistan, Nepal, Uzbekistan, India, Kyrgyzstan, Turkmenistan, Philippines, Indonesia, Russia, Mali, Cameroon, Senegal","Pakistan, Nepal, Özbekistan, Hindistan, Kırgızistan, Türkmenistan, Filipinler, Endonezya, Rusya, Mali, Kamerun, Senegal"
"about.140","About Us","/about","Kapanış çağrısı","","Hello JobsAdmire, I would like to hire workers.","Merhaba JobsAdmire, işçi almak istiyorum."
"about.141","About Us","/about","Kapanış çağrısı","","Employer updates subscription","İşveren güncellemeleri aboneliği"
"about.142","About Us","/about","Üst bölüm (Hero)","","+ countries","+ ülkeden"
"about.143","About Us","/about","Kurucunun sözü","","families","aile"
"about.144","About Us","/about","Alt bilgi (Footer)","","Founder Name","Kurucunun Adı"
"about.145","About Us","/about","Alt bilgi (Footer)","","Please subscribe me for employer hiring updates:","Beni işveren işe alım güncellemelerine abone edin:"
"verify.001","Verify Representative","/verify","Menü ve genel etiketler","yes","İŞKUR Licensed · Permit No. 1730","İŞKUR Lisanslı · İzin No. 1730"
"verify.002","Verify Representative","/verify","Menü ve genel etiketler","yes","İŞKUR · 1730","İŞKUR · 1730"
"verify.003","Verify Representative","/verify","Menü ve genel etiketler","","info@jobsadmire.com","info@jobsadmire.com"
"verify.004","Verify Representative","/verify","Menü ve genel etiketler","","Blog","Blog"
"verify.005","Verify Representative","/verify","Menü ve genel etiketler","","Join Our Team","Ekibimize Katılın"
"verify.006","Verify Representative","/verify","Menü ve genel etiketler","","Verify a Representative","Temsilci Doğrulama"
"verify.007","Verify Representative","/verify","Menü ve genel etiketler","","CRM Login","CRM Girişi"
"verify.008","Verify Representative","/verify","Menü ve genel etiketler","","About Us","Hakkımızda"
"verify.009","Verify Representative","/verify","Menü ve genel etiketler","","Hire Workers","İşçi Talebi"
"verify.010","Verify Representative","/verify","Menü ve genel etiketler","","Candidates","Adaylar"
"verify.011","Verify Representative","/verify","Menü ve genel etiketler","","Work Permits","Çalışma İzinleri"
"verify.012","Verify Representative","/verify","Menü ve genel etiketler","","Cost Calculator","Maliyet Hesaplama"
"verify.013","Verify Representative","/verify","Menü ve genel etiketler","","Success Stories","Başarı Hikâyeleri"
"verify.014","Verify Representative","/verify","Menü ve genel etiketler","","Contact Us","İletişim"
"verify.015","Verify Representative","/verify","Menü ve genel etiketler","","Report","Bildir"
"verify.016","Verify Representative","/verify","Menü ve genel etiketler","","an Impostor","sahtekârı"
"verify.017","Verify Representative","/verify","Menü ve genel etiketler","","Language","Dil"
"verify.018","Verify Representative","/verify","Menü ve genel etiketler","","Blog & Guides","Blog ve Rehberler"
"verify.019","Verify Representative","/verify","Menü ve genel etiketler","","Partner With Us","İş Ortağı Olun"
"verify.020","Verify Representative","/verify","Menü ve genel etiketler","","Verify a representative","Temsilci doğrulama"
"verify.021","Verify Representative","/verify","Menü ve genel etiketler","","Home","Ana Sayfa"
"verify.022","Verify Representative","/verify","Üst bölüm (Hero)","yes","Only the founder can sign for us","Bizim adımıza yalnızca kurucu imza atabilir"
"verify.023","Verify Representative","/verify","Üst bölüm (Hero)","yes","Only one person can sign for","Yalnızca tek bir kişi imza atabilir:"
"verify.024","Verify Representative","/verify","Üst bölüm (Hero)","","JobsAdmire","JobsAdmire"
"verify.025","Verify Representative","/verify","Üst bölüm (Hero)","yes","Our founder, Haris Jiva, is the sole signatory. Everyone else on our team collects documents, checks skills and runs interviews — nobody else signs, and nobody at all takes money from a worker. This page lets you confirm exactly who you are dealing with.","Kurucumuz Haris Jiva tek imza yetkilisidir. Ekibimizdeki diğer herkes belge toplar, becerileri kontrol eder ve görüşme yapar — başka hiç kimse imza atmaz ve hiç kimse bir işçiden para almaz. Bu sayfa, tam olarak kiminle muhatap olduğunuzu doğrulamanızı sağlar."
"verify.026","Verify Representative","/verify","Üst bölüm (Hero)","yes","Haris Jiva is our only signatory. Everyone else collects documents and runs interviews — nobody at JobsAdmire ever takes money from a worker.","Tek imza yetkilimiz Haris Jiva'dır. Diğer herkes belge toplar ve görüşme yapar — JobsAdmire'da hiç kimse bir işçiden para almaz."
"verify.027","Verify Representative","/verify","Üst bölüm (Hero)","yes","Every authorised person carries an ID beginning with JA-","Yetkili her kişi JA- ile başlayan bir kimlik taşır"
"verify.028","Verify Representative","/verify","Üst bölüm (Hero)","","Only company numbers and @jobsadmire.com addresses are official","Yalnızca şirket numaraları ve @jobsadmire.com adresleri resmîdir"
"verify.029","Verify Representative","/verify","Üst bölüm (Hero)","","Partner agencies abroad are suppliers — never our representatives","Yurt dışındaki iş ortağı ajanslar tedarikçidir — asla temsilcimiz değildir"
"verify.030","Verify Representative","/verify","Üst bölüm (Hero)","","See our team & structure","Ekibimizi ve yapımızı görün"
"verify.031","Verify Representative","/verify","Kimlik sorgulama","","Check the ID before the meeting","Görüşmeden önce kimliği kontrol edin"
"verify.032","Verify Representative","/verify","Kimlik sorgulama","","Representative ID, name, city or number","Temsilci kimliği, adı, şehri veya numarası"
"verify.033","Verify Representative","/verify","Kimlik sorgulama","","Clear","Temizle"
"verify.034","Verify Representative","/verify","Kimlik sorgulama","","Call the office instead","Bunun yerine ofisi arayın"
"verify.035","Verify Representative","/verify","Kimlik sorgulama","","The ID is printed on the badge every representative carries. If they cannot show one, stop there.","Kimlik, her temsilcinin taşıdığı yaka kartında yazılıdır. Gösteremiyorsa orada durun."
"verify.036","Verify Representative","/verify","Üç adımda doğrulama","","Verify in one minute — 3 steps","Bir dakikada doğrulayın — 3 adım"
"verify.037","Verify Representative","/verify","Üç adımda doğrulama","","Ask for the badge","Yaka kartını isteyin"
"verify.038","Verify Representative","/verify","Üç adımda doğrulama","yes","Every authorised person carries one — photo, a","Yetkili her kişide bulunur — fotoğraf, bir"
"verify.039","Verify Representative","/verify","Üç adımda doğrulama","","JA- ID","JA- kimliği"
"verify.040","Verify Representative","/verify","Üç adımda doğrulama","","and a QR code. No badge — no meeting.","ve bir QR kod. Kart yoksa görüşme de yok."
"verify.041","Verify Representative","/verify","Üç adımda doğrulama","","Scan the QR, or type the ID above","QR'ı okutun ya da kimliği yukarıya yazın"
"verify.042","Verify Representative","/verify","Üç adımda doğrulama","","Both must open a record on","İkisi de bu sayfada bir kayıt açmalıdır:"
"verify.043","Verify Representative","/verify","Üç adımda doğrulama","","this page","bu sayfa"
"verify.044","Verify Representative","/verify","Üç adımda doğrulama","","Match the face, name and status","Yüzü, adı ve durumu karşılaştırın"
"verify.045","Verify Representative","/verify","Üç adımda doğrulama","","Photo, name and a green","Fotoğraf, ad ve yeşil"
"verify.046","Verify Representative","/verify","Üç adımda doğrulama","yes","Authorised","Yetkili"
"verify.047","Verify Representative","/verify","Üç adımda doğrulama","","status must all match the person in front of you. Any mismatch — call the office.","durumu, karşınızdaki kişiyle birebir uyuşmalıdır. En küçük uyumsuzlukta ofisi arayın."
"verify.048","Verify Representative","/verify","Üç adımda doğrulama","yes","Not on our authorised list","Yetkili listemizde değil"
"verify.049","Verify Representative","/verify","Üç adımda doğrulama","yes","Do not hand over documents or money","Belge veya para vermeyin"
"verify.050","Verify Representative","/verify","Üç adımda doğrulama","yes","Nothing matches “{{ queryEcho }}”. An ID can be mistyped — but until it checks out, treat this person as unauthorised.","“{{ queryEcho }}” ile eşleşen kayıt yok. Kimlik yanlış yazılmış olabilir — ama doğrulanana kadar bu kişiyi yetkisiz sayın."
"verify.051","Verify Representative","/verify","Üç adımda doğrulama","","Call the office","Ofisi arayın"
"verify.052","Verify Representative","/verify","Üç adımda doğrulama","","Report this person","Bu kişiyi bildirin"
"verify.053","Verify Representative","/verify","Ekip ve yetki şeması","","01 · Our people","01 · Ekibimiz"
"verify.054","Verify Representative","/verify","Ekip ve yetki şeması","yes","One signature at the top.","Tepede tek imza."
"verify.055","Verify Representative","/verify","Ekip ve yetki şeması","","Trusted hands everywhere else.","Geri kalan her yerde güvenilir eller."
"verify.056","Verify Representative","/verify","Ekip ve yetki şeması","","Anyone not on this page does not act for JobsAdmire. Open any record before you sit down with them.","Bu sayfada olmayan hiç kimse JobsAdmire adına hareket etmez. Biriyle oturmadan önce kaydını açın."
"verify.057","Verify Representative","/verify","Ekip ve yetki şeması","yes","Authorised people","Yetkili kişi"
"verify.058","Verify Representative","/verify","Ekip ve yetki şeması","","Office team","Ofis ekibi"
"verify.059","Verify Representative","/verify","Ekip ve yetki şeması","","Countries","Ülke"
"verify.060","Verify Representative","/verify","Ekip ve yetki şeması","yes","Sole signatory","Tek imza yetkilisi"
"verify.061","Verify Representative","/verify","Ekip ve yetki şeması","yes","Authorised · no expiry","Yetkili · süresiz"
"verify.062","Verify Representative","/verify","Ekip ve yetki şeması","","Open record","Kaydı aç"
"verify.063","Verify Representative","/verify","Ekip ve yetki şeması","yes","A contract signed by anyone else does not bind JobsAdmire.","Başka biri tarafından imzalanan bir sözleşme JobsAdmire'ı bağlamaz."
"verify.064","Verify Representative","/verify","Kayıt defteri","","Browse the register","Kayıt defterini görüntüleyin"
"verify.065","Verify Representative","/verify","Kayıt defteri","","Everyone here is on our payroll and carries a JA- ID. Click any person to open their record.","Buradaki herkes bordromuzdadır ve JA- kimliği taşır. Kaydını açmak için kişiye tıklayın."
"verify.066","Verify Representative","/verify","Kayıt defteri","","On our payroll — not agents","Bordromuzda — acente değil"
"verify.067","Verify Representative","/verify","Kayıt defteri","","Check an ID","Kimlik kontrol edin"
"verify.068","Verify Representative","/verify","Kayıt defteri","","Person","Kişi"
"verify.069","Verify Representative","/verify","Kayıt defteri","","City","Şehir"
"verify.070","Verify Representative","/verify","Kayıt defteri","","Representative ID","Temsilci kimliği"
"verify.071","Verify Representative","/verify","Kayıt defteri","","Status","Durum"
"verify.072","Verify Representative","/verify","Kayıt defteri","","Head of desk","Masa sorumlusu"
"verify.073","Verify Representative","/verify","Kayıt defteri","yes","No longer authorised:","Artık yetkili değil:"
"verify.074","Verify Representative","/verify","Kayıt defteri","","Partner agencies are not on this chart on purpose.","İş ortağı ajanslar bu şemada bilerek yer almaz."
"verify.075","Verify Representative","/verify","Kayıt defteri","yes","They are suppliers abroad — they may source and prepare candidates, but they never sign for us and never collect money from a worker.","Onlar yurt dışındaki tedarikçilerdir — aday bulabilir ve hazırlayabilirler, ama bizim adımıza asla imza atmaz ve bir işçiden asla para almazlar."
"verify.076","Verify Representative","/verify","Kayıt defteri","","How partnering works","İş ortaklığı nasıl işler"
"verify.077","Verify Representative","/verify","Uyarı işaretleri","","Fraud report","Dolandırıcılık bildirimi"
"verify.078","Verify Representative","/verify","Uyarı işaretleri","","See a red flag? Stop — then tell us","Şüpheli bir durumla mı karşılaştınız? İşlemi durdurun ve hemen bize bildirin"
"verify.079","Verify Representative","/verify","Uyarı işaretleri","yes","These five signs mean the person is not acting for JobsAdmire, no matter what their card or letter says. Do not pay, do not hand over documents — report it and we take it from there.","Bu beş işaret, kartında ya da mektubunda ne yazarsa yazsın, o kişinin JobsAdmire adına hareket etmediği anlamına gelir. Ödeme yapmayın, belge vermeyin — bildirin, gerisini biz hallederiz."
"verify.080","Verify Representative","/verify","Uyarı işaretleri","","Red flags — stop immediately","Uyarı işaretleri — hemen durun"
"verify.081","Verify Representative","/verify","Uyarı işaretleri","yes","Asks for money in any form.","Herhangi bir biçimde para ister."
"verify.082","Verify Representative","/verify","Uyarı işaretleri","yes","Cash, transfer, “processing fee”, “visa deposit” — nobody at JobsAdmire ever collects money from a worker.","Nakit, havale, “işlem ücreti”, “vize depozitosu” — JobsAdmire'da hiç kimse bir işçiden para almaz."
"verify.083","Verify Representative","/verify","Uyarı işaretleri","","No badge, or a QR that opens another site.","Yaka kartı yok ya da QR başka bir siteyi açıyor."
"verify.084","Verify Representative","/verify","Uyarı işaretleri","","The QR must open a record on this page — nothing else counts.","QR bu sayfada bir kayıt açmalıdır — başka hiçbir şey geçerli değildir."
"verify.085","Verify Representative","/verify","Uyarı işaretleri","","Contacts you from a personal number or email.","Kişisel bir numaradan veya e-postadan ulaşıyor."
"verify.086","Verify Representative","/verify","Uyarı işaretleri","","Official contact is only company numbers and @jobsadmire.com addresses.","Resmî iletişim yalnızca şirket numaraları ve @jobsadmire.com adresleridir."
"verify.087","Verify Representative","/verify","Uyarı işaretleri","yes","Wants to keep your original passport or certificates.","Pasaportunuzun ya da belgelerinizin aslını almak istiyor."
"verify.088","Verify Representative","/verify","Uyarı işaretleri","","Copies are enough. Originals always stay with you.","Kopyalar yeterlidir. Asıllar her zaman sizde kalır."
"verify.089","Verify Representative","/verify","Uyarı işaretleri","yes","Pressures you to sign or pay today.","Bugün imzalamanız ya da ödeme yapmanız için baskı yapıyor. Gerçek ve güvenilir bir teklif, doğrulama yapmanız için size zaman tanır."
"verify.090","Verify Representative","/verify","Uyarı işaretleri","","A real offer survives a phone call to our office. Urgency is the fraudster’s tool.","Gerçek bir teklif, ofisimize yapılan bir telefondan zarar görmez. Acele, dolandırıcının aracıdır."
"verify.091","Verify Representative","/verify","Bildirim","","Report it — one minute","Bildirin — bir dakika"
"verify.092","Verify Representative","/verify","Bildirim","yes","Someone asked you for money in our name?","Birisi bizim adımıza sizden para mı istedi?"
"verify.093","Verify Representative","/verify","Bildirim","","Send us three things — we act on every report and tell you what we found.","Bize üç şey gönderin — her bildirimi işleme alır ve bulduklarımızı size söyleriz."
"verify.094","Verify Representative","/verify","Bildirim","","The name they used","Kullandığı isim"
"verify.095","Verify Representative","/verify","Bildirim","","The number or email they contacted you from","Size ulaştığı numara veya e-posta"
"verify.096","Verify Representative","/verify","Bildirim","","What they asked for","Ne istediği"
"verify.097","Verify Representative","/verify","Bildirim","","Report on WhatsApp","WhatsApp'tan bildirin"
"verify.098","Verify Representative","/verify","Bildirim","","Reporting costs nothing and never affects a candidate’s application.","Bildirim ücretsizdir ve bir adayın başvurusunu asla etkilemez."
"verify.099","Verify Representative","/verify","Bildirim","","Common questions","Sık sorulan sorular"
"verify.100","Verify Representative","/verify","SSS","","What people ask us most","En çok sorulanlar"
"verify.101","Verify Representative","/verify","SSS","yes","Can a JobsAdmire representative ask a worker for money?","Bir JobsAdmire temsilcisi işçiden para isteyebilir mi?"
"verify.102","Verify Representative","/verify","SSS","yes","Never. There is no fee for the worker. No representative, coordinator or partner agency is authorised to collect any payment from a worker for a job, a permit, a visa or an interview. If money is requested, report it on this page.","Asla. İşçiden hiçbir ücret alınmaz. Hiçbir temsilci, koordinatör veya iş ortağı ajans; iş, izin, vize ya da görüşme karşılığında bir işçiden ödeme almaya yetkili değildir. Para istenirse bu sayfadan bildirin."
"verify.103","Verify Representative","/verify","SSS","yes","Who can sign a contract on behalf of JobsAdmire?","JobsAdmire adına kim sözleşme imzalayabilir?"
"verify.104","Verify Representative","/verify","SSS","yes","Only the founder, Haris Jiva. No representative, office employee or partner agency can sign a service agreement, an employer contract or a worker contract for JobsAdmire. Any document signed by anyone else is not valid.","Yalnızca kurucu Haris Jiva. Hiçbir temsilci, ofis çalışanı ya da iş ortağı ajans JobsAdmire adına hizmet sözleşmesi, işveren sözleşmesi veya işçi sözleşmesi imzalayamaz. Başka biri tarafından imzalanan hiçbir belge geçerli değildir."
"verify.105","Verify Representative","/verify","SSS","","How do I check that a representative is genuine?","Bir temsilcinin gerçek olduğunu nasıl kontrol ederim?"
"verify.106","Verify Representative","/verify","SSS","","Ask for their representative ID and enter it above, or scan the QR code on their badge. The page shows the person's official record and current status, taken from our internal system.","Temsilci kimliğini isteyip yukarıya girin ya da yaka kartındaki QR kodu okutun. Sayfa, kişinin resmî kaydını ve güncel durumunu iç sistemimizden alarak gösterir."
"verify.107","Verify Representative","/verify","SSS","","What if a representative has left the company?","Bir temsilci şirketten ayrıldıysa ne olur?"
"verify.108","Verify Representative","/verify","SSS","yes","Their record shows as no longer authorised. Any agreement, document request or payment request made by a former representative after that date is not made on behalf of JobsAdmire.","Kaydı “artık yetkili değil” olarak görünür. Eski bir temsilcinin o tarihten sonra yaptığı hiçbir anlaşma, belge talebi ya da ödeme talebi JobsAdmire adına yapılmış sayılmaz."
"verify.109","Verify Representative","/verify","Kişi kaydı","","Badge QR","Yaka kartı QR'ı"
"verify.110","Verify Representative","/verify","Kişi kaydı","","Scan the QR on their badge — it must open this same record.","Yaka kartındaki QR'ı okutun — aynı kaydı açmalıdır."
"verify.111","Verify Representative","/verify","Kişi kaydı","yes","Authorised until","Yetki bitiş tarihi"
"verify.112","Verify Representative","/verify","Kişi kaydı","","Official contact","Resmî iletişim"
"verify.113","Verify Representative","/verify","Kişi kaydı","","Languages","Diller"
"verify.114","Verify Representative","/verify","Kişi kaydı","","Reports to","Bağlı olduğu kişi"
"verify.115","Verify Representative","/verify","Kişi kaydı","","With JobsAdmire","JobsAdmire ile"
"verify.116","Verify Representative","/verify","Kişi kaydı","","Desk","Masa"
"verify.117","Verify Representative","/verify","Kişi kaydı","","May do","Yapabilir"
"verify.118","Verify Representative","/verify","Kişi kaydı","","May never","Asla yapamaz"
"verify.119","Verify Representative","/verify","Kişi kaydı","","Record served from our internal system · {{ lastUpdatedLabel }}","Kayıt iç sistemimizden gelmektedir · {{ lastUpdatedLabel }}"
"verify.120","Verify Representative","/verify","Kişi kaydı","","Print badge","Yaka kartını yazdır"
"verify.121","Verify Representative","/verify","Kişi kaydı","","Call us","Bizi arayın"
"verify.122","Verify Representative","/verify","Kişi kaydı","","WhatsApp","WhatsApp"
"verify.123","Verify Representative","/verify","Kişi kaydı","","Licensed workforce recruitment for employers in Turkey — overseas sourcing, vetting and work permits, end-to-end.","Türkiye’deki işverenler için lisanslı iş gücü temini — yurt dışı tedarik, inceleme ve çalışma izinleri, uçtan uca."
"verify.124","Verify Representative","/verify","Kişi kaydı","yes","İŞKUR Licensed · Permit No. 1730","İŞKUR Lisanslı · İzin No. 1730"
"verify.125","Verify Representative","/verify","Kişi kaydı","","For Employers","İşverenler için"
"verify.126","Verify Representative","/verify","Kişi kaydı","","Available Workers","Mevcut İşçiler"
"verify.127","Verify Representative","/verify","Kişi kaydı","","Hiring Cost Calculator","İşçi Maliyet Hesaplama"
"verify.128","Verify Representative","/verify","Kişi kaydı","","Company","Kurumsal"
"verify.129","Verify Representative","/verify","Kişi kaydı","","Contact","İletişim"
"verify.130","Verify Representative","/verify","Kişi kaydı","","Telegram · @jobsadmire","Telegram · @jobsadmire"
"verify.131","Verify Representative","/verify","Kişi kaydı","","Antalya · Head office","Antalya · Merkez ofis"
"verify.132","Verify Representative","/verify","Kişi kaydı","","Adnan Menderes Blv. No 7/6","Adnan Menderes Blv. No 7/6"
"verify.133","Verify Representative","/verify","Kişi kaydı","","Muratpaşa, Antalya, Türkiye","Muratpaşa, Antalya, Türkiye"
"verify.134","Verify Representative","/verify","Kişi kaydı","","Mon–Fri 09:00–18:00","Pzt–Cum 09:00–18:00"
"verify.135","Verify Representative","/verify","Kişi kaydı","","Get directions","Yol tarifi alın"
"verify.136","Verify Representative","/verify","Kişi kaydı","","Karachi · Tech office","Karaçi · Teknoloji ofisi"
"verify.137","Verify Representative","/verify","Kişi kaydı","","Shahrah-e-Faisal","Shahrah-e-Faisal"
"verify.138","Verify Representative","/verify","Kişi kaydı","","Karachi, Pakistan","Karaçi, Pakistan"
"verify.139","Verify Representative","/verify","Kişi kaydı","","Mon–Sat 10:00–19:00 PKT","Pzt–Cmt 10:00–19:00 PKT"
"verify.140","Verify Representative","/verify","Kişi kaydı","","WhatsApp Us →","WhatsApp’tan yazın →"
"verify.141","Verify Representative","/verify","Kişi kaydı","","Get Our App","Uygulamamızı İndirin"
"verify.142","Verify Representative","/verify","Kişi kaydı","","Workforce on the go","İş gücü her yerde yanınızda"
"verify.143","Verify Representative","/verify","Kişi kaydı","","Approve candidates, track permits & get instant updates.","Adayları onaylayın, izinleri takip edin ve anlık bildirim alın."
"verify.144","Verify Representative","/verify","Kişi kaydı","yes","İŞKUR permit No. 1730 · Job seekers are never charged a fee (law No. 4904) · Tax No: 48422122","İŞKUR izin No. 1730 · İş arayanlardan asla ücret alınmaz (4904 sayılı kanun) · Vergi No: 48422122"
"verify.145","Verify Representative","/verify","Kişi kaydı","","Privacy","Gizlilik Politikası"
"verify.146","Verify Representative","/verify","Kişi kaydı","","Terms","Kullanım Şartları"
"verify.147","Verify Representative","/verify","Kişi kaydı","","© 2026 Jobs Admire","© 2026 Jobs Admire"
"verify.148","Verify Representative","/verify","Personel verileri","yes","Founder · sole signatory","Kurucu · tek imza yetkilisi"
"verify.149","Verify Representative","/verify","Personel verileri","","Antalya, Turkey","Antalya, Türkiye"
"verify.150","Verify Representative","/verify","Personel verileri","","Turkish · English","Türkçe · İngilizce"
"verify.151","Verify Representative","/verify","Personel verileri","","Recruitment Specialist","İşe Alım Uzmanı"
"verify.152","Verify Representative","/verify","Personel verileri","","Job orders, shortlists, arrivals","İş talepleri, kısa listeler, varışlar"
"verify.153","Verify Representative","/verify","Personel verileri","","Work Permit Officer","Çalışma İzni Sorumlusu"
"verify.154","Verify Representative","/verify","Personel verileri","","Work permits, SGK, quota checks","Çalışma izinleri, SGK, kota kontrolleri"
"verify.155","Verify Representative","/verify","Personel verileri","","Business Development Executive","İş Geliştirme Yetkilisi"
"verify.156","Verify Representative","/verify","Personel verileri","","Site visits, offers, invoices","Saha ziyaretleri, teklifler, faturalar"
"verify.157","Verify Representative","/verify","Personel verileri","","Quality & Compliance Officer","Kalite ve Uyum Sorumlusu"
"verify.158","Verify Representative","/verify","Personel verileri","","Trade tests, document checks","Meslek testleri, belge kontrolleri"
"verify.159","Verify Representative","/verify","Personel verileri","","Turkish · English · Russian","Türkçe · İngilizce · Rusça"
"verify.160","Verify Representative","/verify","Personel verileri","","Tech Manager — website, CRM & internal systems","Teknoloji Müdürü — web sitesi, CRM ve iç sistemler"
"verify.161","Verify Representative","/verify","Personel verileri","","Urdu · English","Urduca · İngilizce"
"verify.162","Verify Representative","/verify","Personel verileri","yes","Product Designer","Ürün Tasarımcısı"
"verify.163","Verify Representative","/verify","Personel verileri","yes","Design — website, brand & CRM UI","Tasarım — web sitesi, marka ve CRM arayüzü"
"verify.164","Verify Representative","/verify","Personel verileri","","Testing — website & CRM releases","Test — web sitesi ve CRM sürümleri"
"verify.165","Verify Representative","/verify","Personel verileri","","Country Representative","Ülke Temsilcisi"
"verify.166","Verify Representative","/verify","Personel verileri","","Uzbekistan desk · full-time","Özbekistan masası · tam zamanlı"
"verify.167","Verify Representative","/verify","Personel verileri","","Tashkent, Uzbekistan","Taşkent, Özbekistan"
"verify.168","Verify Representative","/verify","Personel verileri","","Uzbek · Russian · English","Özbekçe · Rusça · İngilizce"
"verify.169","Verify Representative","/verify","Personel verileri","","Operations, Antalya","Operasyon, Antalya"
"verify.170","Verify Representative","/verify","Personel verileri","","Pakistan desk · full-time","Pakistan masası · tam zamanlı"
"verify.171","Verify Representative","/verify","Personel verileri","","Sourcing Coordinator","Tedarik Koordinatörü"
"verify.172","Verify Representative","/verify","Personel verileri","","Lahore, Pakistan","Lahor, Pakistan"
"verify.173","Verify Representative","/verify","Personel verileri","","Urdu · Punjabi · English","Urduca · Pencapça · İngilizce"
"verify.174","Verify Representative","/verify","Personel verileri","","Trade Test Assessor","Meslek Testi Değerlendiricisi"
"verify.175","Verify Representative","/verify","Personel verileri","","Pakistan desk · project-based","Pakistan masası · proje bazlı"
"verify.176","Verify Representative","/verify","Personel verileri","","Islamabad, Pakistan","İslamabad, Pakistan"
"verify.177","Verify Representative","/verify","Personel verileri","","Quality, Antalya","Kalite, Antalya"
"verify.178","Verify Representative","/verify","Personel verileri","","Uzbekistan desk · part-time","Özbekistan masası · yarı zamanlı"
"verify.179","Verify Representative","/verify","Personel verileri","","Samarkand, Uzbekistan","Semerkant, Özbekistan"
"verify.180","Verify Representative","/verify","Personel verileri","","Uzbek · Russian","Özbekçe · Rusça"
"verify.181","Verify Representative","/verify","Personel verileri","","India desk · full-time","Hindistan masası · tam zamanlı"
"verify.182","Verify Representative","/verify","Personel verileri","","Hindi · English","Hintçe · İngilizce"
"verify.183","Verify Representative","/verify","Personel verileri","","Kyrgyzstan desk · full-time","Kırgızistan masası · tam zamanlı"
"verify.184","Verify Representative","/verify","Personel verileri","","Bishkek, Kyrgyzstan","Bişkek, Kırgızistan"
"verify.185","Verify Representative","/verify","Personel verileri","","Kyrgyz · Russian","Kırgızca · Rusça"
"verify.186","Verify Representative","/verify","Personel verileri","","Nepal desk · part-time","Nepal masası · yarı zamanlı"
"verify.187","Verify Representative","/verify","Personel verileri","","Kathmandu, Nepal","Katmandu, Nepal"
"verify.188","Verify Representative","/verify","Personel verileri","","Nepali · Hindi · English","Nepalce · Hintçe · İngilizce"
"verify.189","Verify Representative","/verify","Personel verileri","","Quality · project-based","Kalite · proje bazlı"
"verify.190","Verify Representative","/verify","Personel verileri","","Ghana desk · part-time","Gana masası · yarı zamanlı"
"verify.191","Verify Representative","/verify","Personel verileri","","English · French","İngilizce · Fransızca"
"verify.192","Verify Representative","/verify","Personel verileri","","Former Representative","Eski Temsilci"
"verify.193","Verify Representative","/verify","Personel verileri","","Uzbekistan desk · until 14 Feb 2026","Özbekistan masası · 14 Şubat 2026'ya kadar"
"verify.194","Verify Representative","/verify","Personel verileri","yes","Not authorised","Yetkili değil"
"verify.195","Verify Representative","/verify","Personel verileri","","Ended 14 Feb 2026","14 Şubat 2026'da sona erdi"
"verify.196","Verify Representative","/verify","Personel verileri","","Representative","Temsilci"
"verify.197","Verify Representative","/verify","Personel verileri","yes","No longer authorised","Artık yetkili değil"
"verify.198","Verify Representative","/verify","Yetki listeleri","yes","Sign service agreements and employer contracts","Hizmet sözleşmelerini ve işveren sözleşmelerini imzalamak"
"verify.199","Verify Representative","/verify","Yetki listeleri","yes","Approve fees, invoices and offers","Ücretleri, faturaları ve teklifleri onaylamak"
"verify.200","Verify Representative","/verify","Yetki listeleri","","Represent JobsAdmire in any meeting","Her görüşmede JobsAdmire'ı temsil etmek"
"verify.201","Verify Representative","/verify","Yetki listeleri","","Build and maintain our website, CRM and internal systems","Web sitemizi, CRM'imizi ve iç sistemlerimizi kurmak ve sürdürmek"
"verify.202","Verify Representative","/verify","Yetki listeleri","","Contact you about technical issues on our platforms","Platformlarımızdaki teknik konularda sizinle iletişime geçmek"
"verify.203","Verify Representative","/verify","Yetki listeleri","","Work with application data inside our system only","Başvuru verileriyle yalnızca kendi sistemimiz içinde çalışmak"
"verify.204","Verify Representative","/verify","Yetki listeleri","","Take job orders and present candidates","İş taleplerini almak ve aday sunmak"
"verify.205","Verify Representative","/verify","Yetki listeleri","","File work permit applications","Çalışma izni başvurularını dosyalamak"
"verify.206","Verify Representative","/verify","Yetki listeleri","","Request document copies through our system","Belge kopyalarını sistemimiz üzerinden istemek"
"verify.207","Verify Representative","/verify","Yetki listeleri","","Meet partner agencies and institutes in their country","İş ortağı ajanslar ve kurumlarla kendi ülkelerinde görüşmek"
"verify.208","Verify Representative","/verify","Yetki listeleri","","Run first interviews and check documents","İlk görüşmeleri yapmak ve belgeleri kontrol etmek"
"verify.209","Verify Representative","/verify","Yetki listeleri","","Represent JobsAdmire at local meetings and job fairs","Yerel toplantılarda ve iş fuarlarında JobsAdmire'ı temsil etmek"
"verify.210","Verify Representative","/verify","Yetki listeleri","","Shortlist candidates against a live job order","Açık bir iş talebine göre aday kısa listesi hazırlamak"
"verify.211","Verify Representative","/verify","Yetki listeleri","","Collect and check document copies","Belge kopyalarını toplamak ve kontrol etmek"
"verify.212","Verify Representative","/verify","Yetki listeleri","","Run screening calls","Ön eleme görüşmeleri yapmak"
"verify.213","Verify Representative","/verify","Yetki listeleri","yes","Ask a worker for any payment, in cash or by transfer","Bir işçiden nakit ya da havale yoluyla herhangi bir ödeme istemek"
"verify.214","Verify Representative","/verify","Yetki listeleri","yes","Keep original passports or certificates","Pasaport ya da belgelerin aslını alıkoymak"
"verify.215","Verify Representative","/verify","Yetki listeleri","","Promise a visa, a salary or a start date in writing","Yazılı olarak vize, maaş ya da işe başlama tarihi vaat etmek"
"verify.216","Verify Representative","/verify","Yetki listeleri","yes","Sign any contract or agreement for JobsAdmire","JobsAdmire adına herhangi bir sözleşme imzalamak"
"verify.217","Verify Representative","/verify","Yetki listeleri","","Take job orders or deal with workers and employers","İş talebi almak ya da işçi ve işverenlerle muhatap olmak"
"verify.218","Verify Representative","/verify","Yetki listeleri","yes","Charge a fee that is not in the signed agreement","İmzalı sözleşmede yer almayan bir ücret talep etmek"
"verify.219","Verify Representative","/verify","Sistem mesajları","","Loading from CRM…","CRM'den yükleniyor…"
"verify.220","Verify Representative","/verify","Sistem mesajları","yes","Internal list · CRM feed not configured","Dahili liste · CRM akışı yapılandırılmamış"
"verify.221","Verify Representative","/verify","Sistem mesajları","","CRM connected · no records yet","CRM bağlı · henüz kayıt yok"
"verify.222","Verify Representative","/verify","Sistem mesajları","yes","Showing sample list · CRM feed not reachable","Örnek liste gösteriliyor · CRM akışına ulaşılamıyor"
"verify.223","Verify Representative","/verify","Sistem mesajları","","Hello JobsAdmire, I want to hire workers.","Merhaba JobsAdmire, işçi talebinde bulunmak istiyorum."
"verify.224","Verify Representative","/verify","Sistem mesajları","yes","people authorised today","kişi bugün yetkili"
"verify.225","Verify Representative","/verify","Sistem mesajları","","Register last updated:","Kayıt defterinin son güncellenmesi:"
"verify.226","Verify Representative","/verify","Sistem mesajları","","Copy record link","Kayıt bağlantısını kopyala"
"verify.227","Verify Representative","/verify","Sistem mesajları","","Antalya office","Antalya ofisi"
"verify.228","Verify Representative","/verify","Sistem mesajları","","Hello JobsAdmire, I want to check something about","Merhaba JobsAdmire, şu kişiyle ilgili bir şey sormak istiyorum:"
"verify.229","Verify Representative","/verify","Sistem mesajları","","Hello JobsAdmire, I want to report someone using your name. Details:","Merhaba JobsAdmire, adınızı kullanan birini bildirmek istiyorum. Ayrıntılar:"
"verify.230","Verify Representative","/verify","Sistem mesajları","","Show fewer red flags","Daha az uyarı işareti göster"
"verify.231","Verify Representative","/verify","Sistem mesajları","","Show 2 more red flags","2 uyarı işareti daha göster"
"verify.232","Verify Representative","/verify","Sistem mesajları","","· all report to the Antalya head office","· hepsi Antalya merkez ofisine bağlıdır"
"verify.233","Verify Representative","/verify","Menü ve genel etiketler","","CRM Login →","CRM Girişi →"
"verify.234","Verify Representative","/verify","3 adımda doğrulama","yes",". A badge whose QR goes anywhere else is fake.",". QR kodu başka bir yere giden bir kimlik kartı sahtedir."
"verify.235","Verify Representative","/verify","3 adımda doğrulama","","Nothing matches “","Hiçbir kayıt eşleşmiyor: “"
"verify.236","Verify Representative","/verify","3 adımda doğrulama","yes","”. An ID can be mistyped — but until it checks out, treat this person as unauthorised.","”. Numara yanlış yazılmış olabilir — ama doğrulanmadıkça bu kişiyi yetkisiz kabul edin."
"verify.237","Verify Representative","/verify","Kayıt kartı alanları","","link","bağlantısı"
"verify.238","Verify Representative","/verify","Kayıt kartı alanları","","Record served from our internal system ·","Kayıt kendi iç sistemimizden alındı ·"
"verify.239","Verify Representative","/verify","Kayıt kartı alanları","","Something is wrong →","Bir sorun var →"
"verify.240","Verify Representative","/verify","Kişi kayıtları (CRM)","","Management","Yönetim"
"verify.241","Verify Representative","/verify","Kişi kayıtları (CRM)","","No expiry","Süresiz"
"verify.242","Verify Representative","/verify","Kişi kayıtları (CRM)","","Operations","Operasyon"
"verify.243","Verify Representative","/verify","Kişi kayıtları (CRM)","","Founder","Kurucu"
"verify.244","Verify Representative","/verify","Kişi kayıtları (CRM)","","Permits","İzinler"
"verify.245","Verify Representative","/verify","Kişi kayıtları (CRM)","","Employer desk","İşveren masası"
"verify.246","Verify Representative","/verify","Kişi kayıtları (CRM)","","Quality","Kalite"
"verify.247","Verify Representative","/verify","Kişi kayıtları (CRM)","","Tech team","Teknoloji ekibi"
"verify.248","Verify Representative","/verify","Kişi kayıtları (CRM)","","Tech Manager","Teknoloji Müdürü"
"verify.249","Verify Representative","/verify","Kişi kayıtları (CRM)","","QA Engineer","Test Mühendisi"
"verify.250","Verify Representative","/verify","Kişi kayıtları (CRM)","","Uzbekistan","Özbekistan"
"verify.251","Verify Representative","/verify","Kişi kayıtları (CRM)","","Pakistan","Pakistan"
"verify.252","Verify Representative","/verify","Kişi kayıtları (CRM)","","India","Hindistan"
"verify.253","Verify Representative","/verify","Kişi kayıtları (CRM)","","Mumbai, India","Mumbai, Hindistan"
"verify.254","Verify Representative","/verify","Kişi kayıtları (CRM)","","Kyrgyzstan","Kırgızistan"
"verify.255","Verify Representative","/verify","Kişi kayıtları (CRM)","","Nepal","Nepal"
"verify.256","Verify Representative","/verify","Kişi kayıtları (CRM)","","Delhi, India","Delhi, Hindistan"
"verify.257","Verify Representative","/verify","Kişi kayıtları (CRM)","","Ghana","Gana"
"verify.258","Verify Representative","/verify","Kişi kayıtları (CRM)","","Accra, Ghana","Accra, Gana"
"verify.259","Verify Representative","/verify","Kişi kayıtları (CRM)","yes","Suspended","Askıya alındı"
"verify.260","Verify Representative","/verify","Yetkiler","","Other","Diğer"
"verify.261","Verify Representative","/verify","Yetkiler","","Türkiye","Türkiye"
"verify.262","Verify Representative","/verify","Yetkiler","","Sri Lanka","Sri Lanka"
"verify.263","Verify Representative","/verify","Yetkiler","","Antalya","Antalya"
"verify.264","Verify Representative","/verify","Yetkiler","","— photo","— fotoğraf"
"verify.265","Verify Representative","/verify","Yetkiler","","1 person","1 kişi"
"verify.266","Verify Representative","/verify","Sistem mesajları","","Live from CRM","CRM'den canlı"
"verify.267","Verify Representative","/verify","Sistem mesajları","","Link copied ✓","Bağlantı kopyalandı ✓"
"verify.268","Verify Representative","/verify","Sistem mesajları","","Since","Başlangıç"
"verify.269","Verify Representative","/verify","Sistem mesajları","","Photo","Fotoğraf"
"verify.270","Verify Representative","/verify","Sistem mesajları","","All people","Tüm kişiler"
"verify.271","Verify Representative","/verify","Sistem mesajları","","All authorised people","Tüm yetkili kişiler"
"jt.001","Join Our Team","/join-our-team","Menü ve genel etiketler","yes","İŞKUR Licensed · Permit No. 1730","İŞKUR Lisanslı · İzin No. 1730"
"jt.002","Join Our Team","/join-our-team","Menü ve genel etiketler","yes","İŞKUR · 1730","İŞKUR · 1730"
"jt.003","Join Our Team","/join-our-team","Menü ve genel etiketler","","info@jobsadmire.com","info@jobsadmire.com"
"jt.004","Join Our Team","/join-our-team","Menü ve genel etiketler","","Blog","Blog"
"jt.005","Join Our Team","/join-our-team","Menü ve genel etiketler","","Join Our Team","Ekibimize Katılın"
"jt.006","Join Our Team","/join-our-team","Menü ve genel etiketler","","Verify a Representative","Temsilci Doğrulama"
"jt.007","Join Our Team","/join-our-team","Menü ve genel etiketler","","CRM Login","CRM Girişi"
"jt.008","Join Our Team","/join-our-team","Menü ve genel etiketler","","About Us","Hakkımızda"
"jt.009","Join Our Team","/join-our-team","Menü ve genel etiketler","","Hire Workers","İşçi Talebi"
"jt.010","Join Our Team","/join-our-team","Menü ve genel etiketler","","Candidates","Adaylar"
"jt.011","Join Our Team","/join-our-team","Menü ve genel etiketler","yes","Work Permits","Çalışma İzinleri"
"jt.012","Join Our Team","/join-our-team","Menü ve genel etiketler","","Cost Calculator","Maliyet Hesaplama"
"jt.013","Join Our Team","/join-our-team","Menü ve genel etiketler","","Success Stories","Başarı Hikâyeleri"
"jt.014","Join Our Team","/join-our-team","Menü ve genel etiketler","","Contact Us","İletişim"
"jt.015","Join Our Team","/join-our-team","Menü ve genel etiketler","","Partner With Us","İş Ortağı Olun"
"jt.016","Join Our Team","/join-our-team","Menü ve genel etiketler","","Request","Talep"
"jt.017","Join Our Team","/join-our-team","Menü ve genel etiketler","","Workers","Oluştur"
"jt.018","Join Our Team","/join-our-team","Menü ve genel etiketler","","Language","Dil"
"jt.019","Join Our Team","/join-our-team","Menü ve genel etiketler","","Blog & Guides","Blog ve Rehberler"
"jt.020","Join Our Team","/join-our-team","Menü ve genel etiketler","","CRM Login →","CRM Girişi →"
"jt.021","Join Our Team","/join-our-team","Menü ve genel etiketler","","Home","Ana Sayfa"
"jt.022","Join Our Team","/join-our-team","Üst bölüm (Hero)","","Be our person","Ülkenizde JobsAdmire’ın"
"jt.023","Join Our Team","/join-our-team","Üst bölüm (Hero)","","in your country.","yerel temsilcisi olun."
"jt.024","Join Our Team","/join-our-team","Üst bölüm (Hero)","","We move people across borders for a living. To do it honestly we need one trusted person in every country we recruit from — that could be you. Full-time, part-time or per project, from your own city.","İşimiz insanları sınırların ötesine taşımak. Bunu dürüstçe yapmak için işçi aldığımız her ülkede güvendiğimiz bir kişiye ihtiyacımız var — bu siz olabilirsiniz. Tam zamanlı, yarı zamanlı ya da proje başına, kendi şehrinizden."
"jt.025","Join Our Team","/join-our-team","Üst bölüm (Hero)","","See","Açık dört pozisyonu görün"
"jt.026","Join Our Team","/join-our-team","Üst bölüm (Hero)","","Send an open application","Açık başvuru gönderin"
"jt.027","Join Our Team","/join-our-team","Üst bölüm (Hero)","yes","İŞKUR licensed · No. 1730","İŞKUR lisanslı · No. 1730"
"jt.028","Join Our Team","/join-our-team","Üst bölüm (Hero)","","Free training & certification","Ücretsiz eğitim ve sertifikasyon"
"jt.029","Join Our Team","/join-our-team","Üst bölüm (Hero)","","Every application answered","Her başvuruya yanıt verilir"
"jt.030","Join Our Team","/join-our-team","Üst bölüm (Hero)","","Overseas roles open now","Şu anda açık yurt dışı pozisyonlar"
"jt.031","Join Our Team","/join-our-team","Üst bölüm (Hero)","","Tap a role to see the full description.","Tam açıklamayı görmek için bir pozisyona dokunun."
"jt.032","Join Our Team","/join-our-team","Üst bölüm (Hero)","","Live","Canlı"
"jt.033","Join Our Team","/join-our-team","Üst bölüm (Hero)","","New","Yeni"
"jt.034","Join Our Team","/join-our-team","Üst bölüm (Hero)","","Work from home, in your own city","Kendi şehrinizde, evden çalışma"
"jt.035","Join Our Team","/join-our-team","Üst bölüm (Hero)","","All roles →","Tüm pozisyonlar →"
"jt.036","Join Our Team","/join-our-team","Üst bölüm (Hero)","","Countries we work in","Çalıştığımız ülkeler"
"jt.037","Join Our Team","/join-our-team","Üst bölüm (Hero)","","Strong local network somewhere else? Still write to us.","Başka bir yerde güçlü bir yerel ağınız mı var? Yine de bize yazın."
"jt.038","Join Our Team","/join-our-team","Üst bölüm (Hero)","","Looking for a job in Turkey as a worker?","Türkiye'de işçi olarak iş mi arıyorsunuz?"
"jt.039","Join Our Team","/join-our-team","Üst bölüm (Hero)","","This page is only for roles","Bu sayfa yalnızca JobsAdmire"
"jt.040","Join Our Team","/join-our-team","Üst bölüm (Hero)","","inside","içindeki pozisyonlar içindir."
"jt.041","Join Our Team","/join-our-team","Üst bölüm (Hero)","","JobsAdmire. Worker placement runs through our verified partner agencies in your country —","İşçi yerleştirme, ülkenizdeki doğrulanmış iş ortağı ajanslarımız üzerinden yürür —"
"jt.042","Join Our Team","/join-our-team","Üst bölüm (Hero)","","see how that works","bunun nasıl işlediğine bakın"
"jt.043","Join Our Team","/join-our-team","Üst bölüm (Hero)","yes",". We never ask a worker for money.",". Bir işçiden asla para istemeyiz."
"jt.044","Join Our Team","/join-our-team","Açık pozisyonlar","","Open roles","Açık pozisyonlar"
"jt.045","Join Our Team","/join-our-team","Açık pozisyonlar","","What we are hiring for right now","Şu anda hangi pozisyonlar için işe alım yapıyoruz"
"jt.046","Join Our Team","/join-our-team","Açık pozisyonlar","","Open a role to see the work, what we look for and how to apply. Applications go straight into our system — you get a reference number and can follow your status.","İşin ne olduğunu, ne aradığımızı ve nasıl başvurulacağını görmek için bir pozisyonu açın. Başvurular doğrudan sistemimize düşer — bir referans numarası alır ve durumunuzu takip edebilirsiniz."
"jt.047","Join Our Team","/join-our-team","Açık pozisyonlar","","Open application portal","Başvuru portalını açın"
"jt.048","Join Our Team","/join-our-team","Açık pozisyonlar","","Where","Yer"
"jt.049","Join Our Team","/join-our-team","Açık pozisyonlar","","Engagement","Çalışma şekli"
"jt.050","Join Our Team","/join-our-team","Açık pozisyonlar","","What you will do","Ne yapacaksınız"
"jt.051","Join Our Team","/join-our-team","Açık pozisyonlar","","What we look for","Ne arıyoruz"
"jt.052","Join Our Team","/join-our-team","Açık pozisyonlar","","Apply for this role","Bu pozisyona başvurun"
"jt.053","Join Our Team","/join-our-team","Açık pozisyonlar","","Ask a question first","Önce bir soru sorun"
"jt.054","Join Our Team","/join-our-team","Açık pozisyonlar","","Nothing open with those filters","Bu filtrelerle açık pozisyon yok"
"jt.055","Join Our Team","/join-our-team","Açık pozisyonlar","","Clear the filters, or send us your CV anyway — we keep good people on file and come back when a market opens.","Filtreleri temizleyin ya da yine de CV'nizi gönderin — iyi insanları kaydımızda tutar ve bir pazar açıldığında geri döneriz."
"jt.056","Join Our Team","/join-our-team","Açık pozisyonlar","","Show all roles","Tüm pozisyonları göster"
"jt.057","Join Our Team","/join-our-team","Çalışma şekilleri","","How overseas roles work","Yurt dışı pozisyonlar nasıl işler"
"jt.058","Join Our Team","/join-our-team","Çalışma şekilleri","","Three ways to work with us from your country","Kendi ülkenizden bizimle çalışmanın üç yolu"
"jt.059","Join Our Team","/join-our-team","Çalışma şekilleri","","A representative in Uzbekistan with four active partners has a very different week from someone helping us run one trade test. So we do not force one contract on everybody.","Dört aktif iş ortağı olan bir Özbekistan temsilcisinin haftası, tek bir meslek testinde bize yardım eden birinin haftasından çok farklıdır. Bu yüzden herkese tek bir sözleşmeyi zorlamıyoruz."
"jt.060","Join Our Team","/join-our-team","Çalışma şekilleri","","Most common","En yaygın"
"jt.061","Join Our Team","/join-our-team","Çalışma şekilleri","","Full-time representative","Tam zamanlı temsilci"
"jt.062","Join Our Team","/join-our-team","Çalışma şekilleri","","You are our country. You hold the partner relationships, run interviews, check documents and answer for the quality of everyone we take from your market.","Bulunduğunuz ülkede JobsAdmire’ı temsil eder, yerel iş ortaklarımızla ilişkileri yönetirsiniz. Adaylarla mülakatları gerçekleştirir, gerekli belgeleri kontrol eder ve ülkenizden yürütülen işe alım süreçlerinin doğru ve kaliteli şekilde ilerlemesini sağlarsınız."
"jt.063","Join Our Team","/join-our-team","Çalışma şekilleri","","Monthly fixed pay plus placement bonus","Aylık sabit ödeme artı yerleştirme primi"
"jt.064","Join Our Team","/join-our-team","Çalışma şekilleri","","Full CRM access, own dashboard and targets","Tam CRM erişimi, kendi paneliniz ve hedefleriniz"
"jt.065","Join Our Team","/join-our-team","Çalışma şekilleri","","Listed on our site as an official representative","Sitemizde resmî temsilci olarak listelenme"
"jt.066","Join Our Team","/join-our-team","Çalışma şekilleri","","Alongside your job","Ek iş fırsatı"
"jt.067","Join Our Team","/join-our-team","Çalışma şekilleri","","Part-time coordinator","Yarı zamanlı koordinatör"
"jt.068","Join Our Team","/join-our-team","Çalışma şekilleri","","You already run an agency, a training centre or an HR desk. You give us agreed hours a week — sourcing, document checks, candidate briefings — and keep your own work.","Zaten bir ajans, bir eğitim merkezi ya da bir İK masası yürütüyorsunuz. Bize haftada anlaşılan saatleri verirsiniz — işçi bulma, belge kontrolü, aday bilgilendirmesi — ve kendi işinizi sürdürürsünüz."
"jt.069","Join Our Team","/join-our-team","Çalışma şekilleri","","Agreed hours, agreed monthly fee","Anlaşılan saatler, anlaşılan aylık ücret"
"jt.070","Join Our Team","/join-our-team","Çalışma şekilleri","","Limited CRM access for your own pipeline","Kendi hattınız için sınırlı CRM erişimi"
"jt.071","Join Our Team","/join-our-team","Çalışma şekilleri","","Can grow into a full-time country role","Tam zamanlı ülke pozisyonuna dönüşebilir"
"jt.072","Join Our Team","/join-our-team","Çalışma şekilleri","","One job at a time","Tek seferde tek iş"
"jt.073","Join Our Team","/join-our-team","Çalışma şekilleri","","Project-based","Proje bazlı"
"jt.074","Join Our Team","/join-our-team","Çalışma şekilleri","","A defined piece of work with a start and an end: run a trade test for 40 welders, organise a live recruitment day, prepare one batch of documents.","Başı ve sonu belli, tanımlı bir iş: 40 kaynakçı için meslek testi yapmak, canlı bir işe alım günü düzenlemek, bir grup belgeyi hazırlamak."
"jt.075","Join Our Team","/join-our-team","Çalışma şekilleri","","Scope, timeline and fee written before you start","Kapsam, süre ve ücret başlamadan önce yazılır"
"jt.076","Join Our Team","/join-our-team","Çalışma şekilleri","","Good first step if we have not worked together","Daha önce çalışmadıysak iyi bir ilk adım"
"jt.077","Join Our Team","/join-our-team","Çalışma şekilleri","","Repeat projects for people who deliver","İşini yapanlara tekrar projeler"
"jt.078","Join Our Team","/join-our-team","Çalışma şekilleri","yes","Every engagement is on a written agreement — scope, pay and how it ends. If you already have a licensed agency and want a company-to-company relationship instead of a role, that is our","Tüm çalışma koşulları yazılı bir sözleşmeyle güvence altına alınır. İşin kapsamı, ödeme koşulları ve iş birliğinin süresi sözleşmede açıkça belirtilir. Lisanslı bir ajans olarak tek bir pozisyon yerine uzun vadeli, şirketler arası bir iş birliği arıyorsanız,"
"jt.079","Join Our Team","/join-our-team","Çalışma şekilleri","","partnership track","İş Ortaklığı modelimizi inceleyebilirsiniz."
"jt.080","Join Our Team","/join-our-team","İşe alım süreci","","Our hiring process","İşe alım sürecimiz"
"jt.081","Join Our Team","/join-our-team","İşe alım süreci","","You will always know where you stand","Nerede olduğunuzu her zaman bilirsiniz"
"jt.082","Join Our Team","/join-our-team","İşe alım süreci","","We are a recruitment company — being slow or silent with applicants would be embarrassing. So the first interview is run by our own AI assistant, at a time you pick, and every decision after that is made by a person. Two to three weeks end to end.","İşe alım süreçlerinde hızlı, şeffaf ve düzenli iletişimin önemine inanıyoruz. Bu nedenle ilk mülakatınızı size uygun bir zamanda yapay zekâ destekli asistanımızla gerçekleştirebilirsiniz. Sonraki değerlendirme ve karar aşamaları ise uzman ekibimiz tarafından yürütülür. Süreç boyunca başvurunuzun hangi aşamada olduğunu takip edebilir, gelişmelerden düzenli olarak haberdar olabilirsiniz. İşe alım süreci genellikle baştan sona iki ila üç hafta içinde tamamlanır."
"jt.083","Join Our Team","/join-our-team","İşe alım süreci","","Admira AI","Admira AI"
"jt.084","Join Our Team","/join-our-team","İşe alım süreci","","Every applicant gets an answer — including a no.","Her başvuru sahibi bir yanıt alır — olumsuz da olsa."
"jt.085","Join Our Team","/join-our-team","İşe alım süreci","","Check your application status","Başvuru durumunuzu kontrol edin"
"jt.086","Join Our Team","/join-our-team","Açık başvuru","","No matching role?","Uygun pozisyon yok mu?"
"jt.087","Join Our Team","/join-our-team","Açık başvuru","","Tell us what you would bring","Bize ne katacağınızı anlatın"
"jt.088","Join Our Team","/join-our-team","Açık başvuru","","Half of our current team wrote to us before the role existed. If you know a market, speak a language we need, or have moved workers legally before, we want your name on file.","Mevcut ekibimizin yarısı, pozisyon henüz yokken bize yazdı. Bir pazarı tanıyorsanız, ihtiyacımız olan bir dili konuşuyorsanız ya da daha önce işçileri yasal yolla taşıdıysanız, adınızı kaydımızda istiyoruz."
"jt.089","Join Our Team","/join-our-team","Açık başvuru","","People with a real local network","Gerçek bir yerel ağı olan insanlar"
"jt.090","Join Our Team","/join-our-team","Açık başvuru","yes","Institutes, trade centres, licensed agencies — relationships we cannot build from Antalya.","Enstitüler, meslek merkezleri, lisanslı ajanslar — Antalya'dan kuramayacağımız ilişkiler."
"jt.091","Join Our Team","/join-our-team","Açık başvuru","","Languages we are short on","Eksiğimiz olan diller"
"jt.092","Join Our Team","/join-our-team","Açık başvuru","","Turkish, Russian, Uzbek, Arabic, French, Urdu, Hindi, Nepali.","Türkçe, Rusça, Özbekçe, Arapça, Fransızca, Urduca, Hintçe, Nepalce."
"jt.093","Join Our Team","/join-our-team","Açık başvuru","yes","Document and permit people","Belge ve izin işini bilenler"
"jt.094","Join Our Team","/join-our-team","Açık başvuru","","Anyone who has handled visas, apostilles, notarised translations or labour files.","Vize, apostil, noter onaylı tercüme ya da işçi dosyalarıyla uğraşmış herkes."
"jt.095","Join Our Team","/join-our-team","Başvuru formu","","Send us your details","Bilgilerinizi gönderin"
"jt.096","Join Our Team","/join-our-team","Başvuru formu","","Two minutes — we reply within a week","Başvuru 2 dakika sürer • 1 hafta içinde geri dönüş yaparız"
"jt.097","Join Our Team","/join-our-team","Başvuru formu","","I am applying as","Şu olarak başvuruyorum"
"jt.098","Join Our Team","/join-our-team","Başvuru formu","","Engagement preference","Çalışma şekli tercihi"
"jt.099","Join Our Team","/join-our-team","Başvuru formu","","Full-time","Tam zamanlı"
"jt.100","Join Our Team","/join-our-team","Başvuru formu","","Part-time","Yarı zamanlı"
"jt.101","Join Our Team","/join-our-team","Başvuru formu","","Open to any","Hepsine açığım"
"jt.102","Join Our Team","/join-our-team","Başvuru formu","yes","I agree that JobsAdmire may keep my details on file for recruitment purposes (KVKK).","JobsAdmire'ın bilgilerimi işe alım amacıyla kaydında tutmasını kabul ediyorum (KVKK)."
"jt.103","Join Our Team","/join-our-team","Başvuru formu","","Send application","Başvuruyu gönder"
"jt.104","Join Our Team","/join-our-team","Başvuru formu","","Email CV instead","Bunun yerine CV'yi e-postayla gönderin"
"jt.105","Join Our Team","/join-our-team","Başvuru formu","","Attach your CV in the reply, or apply through the","Yanıtınıza CV'nizi ekleyin ya da doğrudan yüklemek için"
"jt.106","Join Our Team","/join-our-team","Başvuru formu","","portal","portal üzerinden başvurun."
"jt.107","Join Our Team","/join-our-team","Başvuru formu","","to upload it directly.",""
"jt.108","Join Our Team","/join-our-team","Başvuru formu","","Thanks — press send in the window that opened","Teşekkürler — açılan pencerede gönder'e basın"
"jt.109","Join Our Team","/join-our-team","Başvuru formu","","Your message is ready in WhatsApp with everything you filled in. Once it lands we log it and you get a reference number.","Mesajınız, doldurduğunuz her şeyle WhatsApp'ta hazır. Ulaştığında kaydını açar ve size bir referans numarası veririz."
"jt.110","Join Our Team","/join-our-team","Başvuru formu","","Send another","Bir tane daha gönder"
"jt.111","Join Our Team","/join-our-team","SSS","","Questions","Sorular"
"jt.112","Join Our Team","/join-our-team","SSS","","Before you apply","Başvurmadan önce"
"jt.113","Join Our Team","/join-our-team","SSS","","Still unsure? Write to","Sorunuz mu var? Bize şu adresten ulaşın:"
"jt.114","Join Our Team","/join-our-team","SSS","","careers@jobsadmire.com","careers@jobsadmire.com"
"jt.115","Join Our Team","/join-our-team","SSS","","— a person reads it.","— ekibimiz size yardımcı olsun."
"jt.116","Join Our Team","/join-our-team","SSS","","Call us","Bizi arayın"
"jt.117","Join Our Team","/join-our-team","SSS","","WhatsApp","WhatsApp"
"jt.118","Join Our Team","/join-our-team","SSS","yes","Licensed workforce recruitment for employers in Turkey — overseas sourcing, vetting and work permits, end-to-end.","Türkiye’deki işverenler için lisanslı iş gücü temini — yurt dışı tedarik, inceleme ve çalışma izinleri, uçtan uca."
"jt.119","Join Our Team","/join-our-team","SSS","","For Employers","İşverenler için"
"jt.120","Join Our Team","/join-our-team","SSS","","Available Workers","Mevcut İşçiler"
"jt.121","Join Our Team","/join-our-team","SSS","","Hiring Cost Calculator","İşçi Maliyet Hesaplama"
"jt.122","Join Our Team","/join-our-team","SSS","","Company","Kurumsal"
"jt.123","Join Our Team","/join-our-team","SSS","","Contact","İletişim"
"jt.124","Join Our Team","/join-our-team","SSS","","Telegram · @jobsadmire","Telegram · @jobsadmire"
"jt.125","Join Our Team","/join-our-team","SSS","","Antalya · Head office","Antalya · Merkez ofis"
"jt.126","Join Our Team","/join-our-team","SSS","","Adnan Menderes Blv. No 7/6","Adnan Menderes Blv. No 7/6"
"jt.127","Join Our Team","/join-our-team","SSS","","Muratpaşa, Antalya, Türkiye","Muratpaşa, Antalya, Türkiye"
"jt.128","Join Our Team","/join-our-team","SSS","","Mon–Fri 09:00–18:00","Pzt–Cum 09:00–18:00"
"jt.129","Join Our Team","/join-our-team","SSS","","Get directions","Yol tarifi alın"
"jt.130","Join Our Team","/join-our-team","SSS","","Karachi · Tech office","Karaçi · Teknoloji ofisi"
"jt.131","Join Our Team","/join-our-team","SSS","","Shahrah-e-Faisal","Shahrah-e-Faisal"
"jt.132","Join Our Team","/join-our-team","SSS","","Karachi, Pakistan","Karaçi, Pakistan"
"jt.133","Join Our Team","/join-our-team","SSS","","Mon–Sat 10:00–19:00 PKT","Pzt–Cmt 10:00–19:00 PKT"
"jt.134","Join Our Team","/join-our-team","SSS","","WhatsApp Us →","WhatsApp’tan yazın →"
"jt.135","Join Our Team","/join-our-team","SSS","","Get Our App","Uygulamamızı İndirin"
"jt.136","Join Our Team","/join-our-team","SSS","","JobsAdmire","JobsAdmire"
"jt.137","Join Our Team","/join-our-team","SSS","","Workforce on the go","İş gücü her yerde yanınızda"
"jt.138","Join Our Team","/join-our-team","SSS","yes","Approve candidates, track permits & get instant updates.","Adayları onaylayın, izinleri takip edin ve anlık bildirim alın."
"jt.139","Join Our Team","/join-our-team","SSS","yes","İŞKUR permit No. 1730 · Job seekers are never charged a fee (law No. 4904) · Tax No: 48422122","İŞKUR izin No. 1730 · İş arayanlardan asla ücret alınmaz (4904 sayılı kanun) · Vergi No: 48422122"
"jt.140","Join Our Team","/join-our-team","SSS","","Privacy","Gizlilik Politikası"
"jt.141","Join Our Team","/join-our-team","SSS","","Terms","Kullanım Şartları"
"jt.142","Join Our Team","/join-our-team","SSS","","© 2026 Jobs Admire","© 2026 Jobs Admire"
"jt.143","Join Our Team","/join-our-team","SSS","","Country Representative","Ülke Temsilcisi"
"jt.144","Join Our Team","/join-our-team","Pozisyon açıklamaları","","Uzbekistan · Tashkent","Özbekistan · Taşkent"
"jt.145","Join Our Team","/join-our-team","Pozisyon açıklamaları","","Sourcing","İşçi bulma"
"jt.146","Join Our Team","/join-our-team","Pozisyon açıklamaları","","Own our whole pipeline in Uzbekistan — partners, candidates and quality.","Özbekistan'daki tüm hattımızın sahibi olun — iş ortakları, adaylar ve kalite."
"jt.147","Join Our Team","/join-our-team","Pozisyon açıklamaları","yes","Find and manage licensed partner agencies and vocational institutes","Lisanslı iş ortağı ajanslar ve meslek enstitüleri bulun ve yönetin"
"jt.148","Join Our Team","/join-our-team","Pozisyon açıklamaları","","Run first interviews and confirm each candidate's real skill level","İlk mülakatları yapın ve her adayın gerçek beceri düzeyini doğrulayın"
"jt.149","Join Our Team","/join-our-team","Pozisyon açıklamaları","","Check passports, certificates and police records before a file moves","Bir dosya ilerlemeden önce pasaportları, sertifikaları ve adli kayıtları kontrol edin"
"jt.150","Join Our Team","/join-our-team","Pozisyon açıklamaları","","Prepare candidates for what the job in Turkey actually involves","Adayları Türkiye'deki işin gerçekte ne olduğuna hazırlayın"
"jt.151","Join Our Team","/join-our-team","Pozisyon açıklamaları","","Keep every file updated in our CRM so Antalya can see status live","Antalya durumu canlı görebilsin diye her dosyayı CRM'imizde güncel tutun"
"jt.152","Join Our Team","/join-our-team","Pozisyon açıklamaları","","A working network among agencies, institutes or trade centres","Ajanslar, enstitüler ya da meslek merkezleri arasında işleyen bir ağ"
"jt.153","Join Our Team","/join-our-team","Pozisyon açıklamaları","","Someone who says no to a weak candidate instead of pushing them","Zayıf bir adayı ileri sürmek yerine ona hayır diyebilen biri"
"jt.154","Join Our Team","/join-our-team","Pozisyon açıklamaları","","Comfortable with a laptop, spreadsheets and a CRM","Dizüstü bilgisayar, tablolar ve CRM ile rahat"
"jt.155","Join Our Team","/join-our-team","Pozisyon açıklamaları","","Pakistan · Karachi / Lahore","Pakistan · Karaçi / Lahor"
"jt.156","Join Our Team","/join-our-team","Pozisyon açıklamaları","","Grow our Pakistan operation from the Karachi office and partner network.","Pakistan operasyonumuzu Karaçi ofisi ve iş ortağı ağı üzerinden büyütün."
"jt.157","Join Our Team","/join-our-team","Pozisyon açıklamaları","yes","Manage existing partner agencies and bring in new licensed ones","Mevcut iş ortağı ajansları yönetin ve yeni lisanslı ajanslar kazandırın"
"jt.158","Join Our Team","/join-our-team","Pozisyon açıklamaları","","Screen candidates for factory, hotel and construction roles","Fabrika, otel ve inşaat pozisyonları için adayları eleyin"
"jt.159","Join Our Team","/join-our-team","Pozisyon açıklamaları","","Organise trade tests and live recruitment days with employers","İşverenlerle meslek testleri ve canlı işe alım günleri düzenleyin"
"jt.160","Join Our Team","/join-our-team","Pozisyon açıklamaları","","Handle document collection, attestation and pre-departure briefings","Belge toplama, tasdik ve çıkış öncesi bilgilendirmeleri yürütün"
"jt.161","Join Our Team","/join-our-team","Pozisyon açıklamaları","","Report weekly on pipeline, drop-offs and reasons","Hat, kayıplar ve nedenleri hakkında haftalık rapor verin"
"jt.162","Join Our Team","/join-our-team","Pozisyon açıklamaları","","Experience in overseas employment, manpower or HR","Yurt dışı istihdam, insan kaynağı temini ya da İK deneyimi"
"jt.163","Join Our Team","/join-our-team","Pozisyon açıklamaları","","Clean record in ethical recruitment — no worker-side charging","Etik işe alımda temiz bir geçmiş — işçiden ücret alınmaması"
"jt.164","Join Our Team","/join-our-team","Pozisyon açıklamaları","","Willing to travel between cities for tests and interviews","Testler ve mülakatlar için şehirler arası seyahate açık"
"jt.165","Join Our Team","/join-our-team","Pozisyon açıklamaları","","Sourcing Coordinator","Tedarik Koordinatörü"
"jt.166","Join Our Team","/join-our-team","Pozisyon açıklamaları","","India, Nepal, Ghana or Mali","Hindistan, Nepal, Gana ya da Mali"
"jt.167","Join Our Team","/join-our-team","Pozisyon açıklamaları","","A few agreed hours a week alongside your existing agency or training centre.","Mevcut işinize devam ederken, haftada belirlenen saatlerde ek olarak bizimle çalışabilirsiniz."
"jt.168","Join Our Team","/join-our-team","Pozisyon açıklamaları","","Shortlist candidates against a live job order","Açık bir iş talebine göre aday kısa listesi hazırlamak"
"jt.169","Join Our Team","/join-our-team","Pozisyon açıklamaları","","Collect and verify basic documents before we open a file","Biz bir dosya açmadan önce temel belgeleri toplayın ve doğrulayın"
"jt.170","Join Our Team","/join-our-team","Pozisyon açıklamaları","","Hold short screening calls and write a plain-language note","Kısa eleme görüşmeleri yapın ve sade bir dille not yazın"
"jt.171","Join Our Team","/join-our-team","Pozisyon açıklamaları","yes","Keep candidates warm and informed while a permit is processed","İzin işlemleri devam ederken adaylarla düzenli iletişim kurun ve süreç hakkında güncel bilgi paylaşın"
"jt.172","Join Our Team","/join-our-team","Pozisyon açıklamaları","","Already working in recruitment, training or HR locally","Bulunduğu ülkede işe alım, eğitim veya insan kaynakları alanında aktif olarak çalışıyor"
"jt.173","Join Our Team","/join-our-team","Pozisyon açıklamaları","","Local language plus workable English","Yerel dil ve iş hayatında etkin iletişim kurabilecek düzeyde İngilizce bilgisi"
"jt.174","Join Our Team","/join-our-team","Pozisyon açıklamaları","","Reachable during Turkish office hours a few days a week","Haftanın belirli günlerinde, Türkiye çalışma saatleri içerisinde iletişime açık ve ulaşılabilir"
"jt.175","Join Our Team","/join-our-team","Pozisyon açıklamaları","","Honest about what a candidate can and cannot do","Adayların yetkinlikleri ve deneyimleri konusunda doğru ve şeffaf bilgi paylaşır"
"jt.176","Join Our Team","/join-our-team","Pozisyon açıklamaları","","Any source country","Herhangi bir kaynak ülke"
"jt.177","Join Our Team","/join-our-team","Pozisyon açıklamaları","","Quality","Kalite"
"jt.178","Join Our Team","/join-our-team","Pozisyon açıklamaları","","Trade Test & Skills Assessor","Meslek Testi ve Beceri Değerlendiricisi"
"jt.179","Join Our Team","/join-our-team","Pozisyon açıklamaları","","Test the trade before the ticket — welders, machine operators, cooks, technicians.","Bilet alınmadan mesleği test edin — kaynakçılar, makine operatörleri, aşçılar, teknisyenler."
"jt.180","Join Our Team","/join-our-team","Pozisyon açıklamaları","","Design a short practical test for a specific trade and employer","Belirli bir meslek ve işveren için kısa bir uygulamalı test tasarlayın"
"jt.181","Join Our Team","/join-our-team","Pozisyon açıklamaları","","Run the test on site and score it against agreed criteria","Testi sahada uygulayın ve anlaşılan kriterlere göre puanlayın"
"jt.182","Join Our Team","/join-our-team","Pozisyon açıklamaları","","Record video and notes so the employer can see the work","İşverenin işi görebilmesi için video ve notlar kaydedin"
"jt.183","Join Our Team","/join-our-team","Pozisyon açıklamaları","","Flag anyone who should not be sent, with reasons","Gönderilmemesi gerekenleri nedenleriyle işaretleyin"
"jt.184","Join Our Team","/join-our-team","Pozisyon açıklamaları","","Hands-on master of your trade, or a technical institute trainer","Mesleğinizin uygulamalı ustası ya da bir teknik enstitü eğitmeni"
"jt.185","Join Our Team","/join-our-team","Pozisyon açıklamaları","","Able to organise a test day with a workshop or centre","Bir atölye ya da merkezle test günü düzenleyebilen"
"jt.186","Join Our Team","/join-our-team","Pozisyon açıklamaları","","Fair and consistent — your score is what an employer trusts","Adil ve tutarlı — işverenin güvendiği şey sizin puanınız"
"jt.187","Join Our Team","/join-our-team","Pozisyon açıklamaları","","Paid per test day or per batch, agreed in writing","Test günü ya da grup başına ödeme, yazılı olarak anlaşılır"
"jt.188","Join Our Team","/join-our-team","Pozisyon açıklamaları","","Recruitment Specialist","İşe Alım Uzmanı"
"jt.189","Join Our Team","/join-our-team","Pozisyon açıklamaları","","Antalya · Muratpaşa","Antalya · Muratpaşa"
"jt.190","Join Our Team","/join-our-team","Pozisyon açıklamaları","","Operations","Operasyon"
"jt.191","Join Our Team","/join-our-team","Pozisyon açıklamaları","","Match employer job orders to real people, and stay on it until they start.","İşveren taleplerini gerçek insanlarla eşleştirin ve işe başlayana kadar takipte kalın."
"jt.192","Join Our Team","/join-our-team","Pozisyon açıklamaları","","Take job orders from employers and turn them into clear requirements","İşverenlerden talepleri alın ve net gerekliliklere dönüştürün"
"jt.193","Join Our Team","/join-our-team","Pozisyon açıklamaları","","Work with country representatives to build shortlists","Kısa listeler oluşturmak için ülke temsilcileriyle çalışın"
"jt.194","Join Our Team","/join-our-team","Pozisyon açıklamaları","","Present candidates to employers and manage their feedback","Adayları işverenlere sunun ve geri bildirimlerini yönetin"
"jt.195","Join Our Team","/join-our-team","Pozisyon açıklamaları","yes","Follow every accepted candidate through permit, travel and first week","Kabul edilen her adayı izin, seyahat ve ilk hafta boyunca takip edin"
"jt.196","Join Our Team","/join-our-team","Pozisyon açıklamaları","","Keep the CRM clean — dates, documents and next actions","CRM'i temiz tutun — tarihler, belgeler ve sonraki adımlar"
"jt.197","Join Our Team","/join-our-team","Pozisyon açıklamaları","","1–3 years in recruitment, HR or a staffing agency","İşe alım, İK ya da bir istihdam ajansında 1–3 yıl"
"jt.198","Join Our Team","/join-our-team","Pozisyon açıklamaları","","Fluent Turkish and good English","Akıcı Türkçe ve iyi İngilizce"
"jt.199","Join Our Team","/join-our-team","Pozisyon açıklamaları","","Based in Antalya or ready to move","Antalya'da yaşıyor ya da taşınmaya hazır"
"jt.200","Join Our Team","/join-our-team","Pozisyon açıklamaları","yes","Permits","İzinler"
"jt.201","Join Our Team","/join-our-team","Pozisyon açıklamaları","","Work Permit & Documentation Officer","Çalışma İzni ve Belge Sorumlusu"
"jt.202","Join Our Team","/join-our-team","Pozisyon açıklamaları","","Own the paperwork that decides whether a worker legally starts or not.","Bir işçinin yasal olarak işe başlayıp başlamayacağını belirleyen evrak işinin sahibi olun."
"jt.203","Join Our Team","/join-our-team","Pozisyon açıklamaları","yes","Prepare and submit work permit applications on the Ministry system","Bakanlık sistemi üzerinden çalışma izni başvurularını hazırlayın ve gönderin"
"jt.204","Join Our Team","/join-our-team","Pozisyon açıklamaları","yes","Check company quota, SGK records and missing documents in advance","Şirket kotasını, SGK kayıtlarını ve eksik belgeleri önceden kontrol edin"
"jt.205","Join Our Team","/join-our-team","Pozisyon açıklamaları","","Track every application and chase what is pending","Her başvuruyu düzenli olarak takip edin ve bekleyen süreçlerin zamanında ilerlemesini sağlayın"
"jt.206","Join Our Team","/join-our-team","Pozisyon açıklamaları","","Explain rejections and rebuild the file properly","Redleri açıklayın ve dosyayı düzgünce yeniden kurun"
"jt.207","Join Our Team","/join-our-team","Pozisyon açıklamaları","","Keep our internal rules updated when regulations change","Mevzuat değiştiğinde iç kurallarımızı güncel tutun"
"jt.208","Join Our Team","/join-our-team","Pozisyon açıklamaları","yes","Experience with Turkish work permits, residence permits or SGK","Türkiye çalışma izinleri, ikamet izinleri ya da SGK deneyimi"
"jt.209","Join Our Team","/join-our-team","Pozisyon açıklamaları","","Careful with detail — one wrong date costs a month","Ayrıntıya dikkatli — yanlış bir tarih bir ay kaybettirir"
"jt.210","Join Our Team","/join-our-team","Pozisyon açıklamaları","","Turkish essential, English useful","Türkçe zorunlu, İngilizce faydalı"
"jt.211","Join Our Team","/join-our-team","Pozisyon açıklamaları","","Can explain a legal rule in simple words to an employer","Bir hukuk kuralını işverene sade sözcüklerle anlatabilen"
"jt.212","Join Our Team","/join-our-team","Pozisyon açıklamaları","","Business Development Executive","İş Geliştirme Yetkilisi"
"jt.213","Join Our Team","/join-our-team","Pozisyon açıklamaları","","Sales","Satış"
"jt.214","Join Our Team","/join-our-team","Pozisyon açıklamaları","","Talk to Turkish employers — factories, hotels, farms — and open new accounts.","Türk işverenlerle konuşun — fabrikalar, oteller, çiftlikler — ve yeni müşteriler açın."
"jt.215","Join Our Team","/join-our-team","Pozisyon açıklamaları","","Find and reach employers who are short of staff","Personel sıkıntısı olan işverenleri bulun ve onlara ulaşın"
"jt.216","Join Our Team","/join-our-team","Pozisyon açıklamaları","","Visit sites, understand the real problem and quote our service","Sahaları ziyaret edin, gerçek sorunu anlayın ve hizmetimiz için fiyat verin"
"jt.217","Join Our Team","/join-our-team","Pozisyon açıklamaları","","Run the first meetings with owners and HR managers","Sahipler ve İK yöneticileriyle ilk görüşmeleri yürütün"
"jt.218","Join Our Team","/join-our-team","Pozisyon açıklamaları","","Hand over a clean brief to operations once a deal closes","Anlaşma kapandığında operasyona net bir brief devredin"
"jt.219","Join Our Team","/join-our-team","Pozisyon açıklamaları","","Keep every conversation logged in the CRM","Her görüşmeyi CRM'de kayıt altına alın"
"jt.220","Join Our Team","/join-our-team","Pozisyon açıklamaları","","B2B sales experience, ideally to factories, hotels or contractors","B2B satış deneyimi, ideal olarak fabrikalara, otellere ya da taşeronlara"
"jt.221","Join Our Team","/join-our-team","Pozisyon açıklamaları","","Comfortable on site, not only on the phone","Sadece telefonda değil, sahada da rahat"
"jt.222","Join Our Team","/join-our-team","Pozisyon açıklamaları","yes","Driving licence is a plus","Ehliyet bir artı"
"jt.223","Join Our Team","/join-our-team","Pozisyon açıklamaları","","Candidate Support Coordinator","Aday Destek Koordinatörü"
"jt.224","Join Our Team","/join-our-team","Pozisyon açıklamaları","","Be the person a worker can actually reach — before travel and after arrival.","Bir işçinin gerçekten ulaşabileceği kişi olun — yolculuk öncesi ve varış sonrası."
"jt.225","Join Our Team","/join-our-team","Pozisyon açıklamaları","","Brief candidates on contract, city, housing and what to expect","Adayları sözleşme, şehir, konaklama ve beklentiler konusunda bilgilendirin"
"jt.226","Join Our Team","/join-our-team","Pozisyon açıklamaları","","Answer questions on WhatsApp in a language they understand","WhatsApp'ta anladıkları bir dilde sorularını yanıtlayın"
"jt.227","Join Our Team","/join-our-team","Pozisyon açıklamaları","","Handle arrival, first-week problems and employer feedback","Varış, ilk hafta sorunları ve işveren geri bildirimini yürütün"
"jt.228","Join Our Team","/join-our-team","Pozisyon açıklamaları","","Escalate anything that looks like unfair treatment immediately","Haksız muamele gibi görünen her şeyi derhal yukarı taşıyın"
"jt.229","Join Our Team","/join-our-team","Pozisyon açıklamaları","","Patient, and genuinely good with people under stress","Sabırlı ve baskı altındaki insanlarla gerçekten iyi"
"jt.230","Join Our Team","/join-our-team","Pozisyon açıklamaları","","Turkish plus one of Russian, Urdu, Hindi, Arabic or French","Türkçe artı Rusça, Urduca, Hintçe, Arapça ya da Fransızcadan biri"
"jt.231","Join Our Team","/join-our-team","Pozisyon açıklamaları","","Willing to be reachable outside office hours during arrivals","Varışlar sırasında mesai dışında da ulaşılabilir olmaya açık"
"jt.232","Join Our Team","/join-our-team","Pozisyon açıklamaları","","Experience in HR, hospitality or customer support","İK, konaklama ya da müşteri desteği deneyimi"
"jt.233","Join Our Team","/join-our-team","Pozisyon açıklamaları","","Antalya or remote","Antalya ya da uzaktan"
"jt.234","Join Our Team","/join-our-team","Pozisyon açıklamaları","","Marketing","Pazarlama"
"jt.235","Join Our Team","/join-our-team","Pozisyon açıklamaları","","Content & SEO Specialist","İçerik ve SEO Uzmanı"
"jt.236","Join Our Team","/join-our-team","Pozisyon açıklamaları","yes","Turn our permit and hiring knowledge into pages employers actually find.","İzin ve işe alım bilgimizi, işverenlerin gerçekten bulduğu sayfalara dönüştürün."
"jt.237","Join Our Team","/join-our-team","Pozisyon açıklamaları","","Write and translate guides in Turkish and English","Türkçe ve İngilizce rehberler yazın ve çevirin"
"jt.238","Join Our Team","/join-our-team","Pozisyon açıklamaları","yes","Keep our cost, quota and permit content accurate as rules change","Kurallar değiştikçe maliyet, kota ve izin içeriğimizi doğru tutun"
"jt.239","Join Our Team","/join-our-team","Pozisyon açıklamaları","","Improve on-page SEO and track what ranks","Sayfa içi SEO'yu geliştirin ve neyin sıralandığını izleyin"
"jt.240","Join Our Team","/join-our-team","Pozisyon açıklamaları","","Prepare simple social content from real placements","Gerçek yerleştirmelerden sade sosyal medya içeriği hazırlayın"
"jt.241","Join Our Team","/join-our-team","Pozisyon açıklamaları","","Proven SEO writing, ideally B2B or legal / HR topics","Kanıtlanmış SEO yazarlığı, ideal olarak B2B ya da hukuk / İK konuları"
"jt.242","Join Our Team","/join-our-team","Pozisyon açıklamaları","","Native-level Turkish writing, strong English","Anadil düzeyinde Türkçe yazım, güçlü İngilizce"
"jt.243","Join Our Team","/join-our-team","Pozisyon açıklamaları","","Able to read a regulation and explain it simply","Bir mevzuatı okuyup sade biçimde açıklayabilen"
"jt.244","Join Our Team","/join-our-team","Pozisyon açıklamaları","","Portfolio matters more than a diploma","Portföy diplomadan daha önemli"
"jt.245","Join Our Team","/join-our-team","Pozisyon açıklamaları","","Do you hire workers for jobs in Turkey through this page?","Bu sayfa üzerinden Türkiye'deki işler için işçi alıyor musunuz?"
"jt.246","Join Our Team","/join-our-team","Pozisyon açıklamaları","yes","No. This page is only for roles inside JobsAdmire — our Antalya office team and our overseas representatives. Worker placement in Turkey is handled with our verified partner agencies abroad, not by direct application. We never ask a worker for money.","Hayır. Bu sayfa yalnızca JobsAdmire içindeki pozisyonlar içindir — Antalya ofis ekibimiz ve yurt dışı temsilcilerimiz. Türkiye'de işçi yerleştirme, doğrudan başvuruyla değil, yurt dışındaki doğrulanmış iş ortağı ajanslarımızla yürütülür. Bir işçiden asla para istemeyiz."
"jt.247","Join Our Team","/join-our-team","Pozisyon açıklamaları","","What does an overseas representative actually do?","Bir yurt dışı temsilcisi gerçekte ne yapar?"
"jt.248","Join Our Team","/join-our-team","Pozisyon açıklamaları","","You are our person in a source country. You meet partner agencies and institutes, check candidate documents, run first interviews and prepare people for the job they are going to. Everything you do is recorded in our system, so Antalya sees the same picture you do.","Bulunduğunuz ülkede JobsAdmire’ı temsil eder; iş ortağı ajanslar ve eğitim kurumlarıyla iletişimi yürütürsünüz. Adayların belgelerini kontrol eder, ön görüşmelerini gerçekleştirir ve işe alım sürecinin sonraki aşamalarına hazırlanmalarına destek olursunuz. Yürüttüğünüz tüm süreçler sistemimize düzenli olarak kaydedilir ve Antalya’daki merkez ekibimizle koordineli şekilde takip edilir."
"jt.249","Join Our Team","/join-our-team","Pozisyon açıklamaları","","Can I work with you part-time or on a project basis?","Sizinle yarı zamanlı ya da proje bazlı çalışabilir miyim?"
"jt.250","Join Our Team","/join-our-team","Pozisyon açıklamaları","","Yes. Overseas roles come as full-time, part-time or project-based. Project work is tied to something specific — a trade test, a batch of documents, one recruitment day — with the scope, timeline and fee written before you start.","Evet. Yurt dışı pozisyonlar tam zamanlı, yarı zamanlı ya da proje bazlı olabilir. Proje işi belirli bir şeye bağlıdır — bir meslek testi, bir grup belge, bir işe alım günü — ve kapsam, süre ve ücret başlamadan önce yazılır."
"jt.251","Join Our Team","/join-our-team","Pozisyon açıklamaları","","Do I need recruitment experience?","İşe alım deneyimi gerekli mi?"
"jt.252","Join Our Team","/join-our-team","Pozisyon açıklamaları","yes","For Antalya office roles we prefer experience in HR, recruitment, permits or B2B sales, but we do hire junior people and train them. For overseas roles your local network and language matter more than a recruitment job title.","Antalya ofis pozisyonlarında İK, işe alım, izinler ya da B2B satış deneyimini tercih ediyoruz, ama junior insanları da alıp eğitiyoruz. Yurt dışı pozisyonlarında yerel ağınız ve diliniz, işe alım unvanından daha önemlidir."
"jt.253","Join Our Team","/join-our-team","Pozisyon açıklamaları","","Which languages do you need?","Hangi dillere ihtiyacınız var?"
"jt.254","Join Our Team","/join-our-team","Pozisyon açıklamaları","","Turkish and English are the working languages in Antalya. For overseas roles the local language plus workable English is enough — Turkish is a plus, never a requirement. We are especially short on Russian, Uzbek, Arabic and French.","Antalya'da çalışma dilleri Türkçe ve İngilizcedir. Yurt dışı pozisyonlarında yerel dil artı iş yapabilir düzeyde İngilizce yeterlidir — Türkçe bir artıdır, asla zorunluluk değil. Özellikle Rusça, Özbekçe, Arapça ve Fransızca konusunda eksiğimiz var."
"jt.255","Join Our Team","/join-our-team","Pozisyon açıklamaları","","How long does the hiring process take?","İşe alım süreci ne kadar sürer?"
"jt.256","Join Our Team","/join-our-team","Pozisyon açıklamaları","","Around two to three weeks. You apply, confirm on WhatsApp, the system books your interview slot, our Admira AI assistant runs the first interview, our team reviews it, and then you have a video call with the manager. After the offer comes training and your certificate, and then you start.","Yaklaşık iki ila üç hafta. Başvurursunuz, WhatsApp'ta onaylarsınız, sistem mülakat saatinizi ayırır, Admira AI asistanımız ilk mülakatı yürütür, ekibimiz sonucu inceler, ardından yöneticiyle görüntülü görüşme yaparsınız. Teklifin ardından eğitim ve sertifikanız gelir, sonra işe başlarsınız."
"jt.257","Join Our Team","/join-our-team","Pozisyon açıklamaları","","What is the AI interview and is a human involved?","Yapay zekâ mülakatı nedir ve içinde insan var mı?"
"jt.258","Join Our Team","/join-our-team","Pozisyon açıklamaları","","Our Admira AI assistant runs the first interview so that everyone gets the same questions and a fair, quick answer — in your own language, at a time you choose. It only scores and summarises. Every decision is made by our team, and the final interview is always with a real manager.","Admira AI asistanımız ilk mülakatı yürütür; böylece herkes aynı soruları ve adil, hızlı bir yanıt alır — kendi dilinizde, seçtiğiniz bir saatte. Yalnızca puanlar ve özetler. Her karar ekibimiz tarafından verilir ve son mülakat her zaman gerçek bir yöneticiyledir."
"jt.259","Join Our Team","/join-our-team","Pozisyon açıklamaları","","Do you provide training?","Eğitim veriyor musunuz?"
"jt.260","Join Our Team","/join-our-team","Pozisyon açıklamaları","yes","Yes, and it is part of the job. You go through our modules on Turkish work permit rules, ethical recruitment and our CRM. Completed modules are certified inside the system and stay on your record — useful to you even outside JobsAdmire.","Evet ve bu işin bir parçası. Türkiye çalışma izni kuralları, etik işe alım ve CRM'imiz üzerine modüllerimizi tamamlarsınız. Tamamlanan modüller sistem içinde sertifikalandırılır ve kaydınızda kalır — JobsAdmire dışında da işinize yarar."
"jt.261","Join Our Team","/join-our-team","Pozisyon açıklamaları","","Antalya office","Antalya ofisi"
"jt.262","Join Our Team","/join-our-team","Pozisyon açıklamaları","","Overseas","Yurt dışı"
"jt.263","Join Our Team","/join-our-team","Pozisyon açıklamaları","","You apply","Başvurursunuz"
"jt.264","Join Our Team","/join-our-team","Pozisyon açıklamaları","","Portal or the short form below. A few minutes, and you get a reference number straight away.","Portal ya da aşağıdaki kısa form. Birkaç dakika ve hemen bir referans numarası alırsınız."
"jt.265","Join Our Team","/join-our-team","Pozisyon açıklamaları","","Day 0","Başlangıç"
"jt.266","Join Our Team","/join-our-team","Pozisyon açıklamaları","","Confirm on WhatsApp","WhatsApp'ta onaylayın"
"jt.267","Join Our Team","/join-our-team","Pozisyon açıklamaları","","A message arrives on your WhatsApp. You reply to confirm it is really you and that you still want the role.","WhatsApp'ınıza bir mesaj gelir. Gerçekten siz olduğunuzu ve pozisyonu hâlâ istediğinizi onaylamak için yanıtlarsınız."
"jt.268","Join Our Team","/join-our-team","Pozisyon açıklamaları","","Same day","Aynı gün"
"jt.269","Join Our Team","/join-our-team","Pozisyon açıklamaları","","Your slot is booked automatically","Saatiniz otomatik olarak ayrılır"
"jt.270","Join Our Team","/join-our-team","Pozisyon açıklamaları","","Once you confirm, the system offers you interview times and books the one you pick. No waiting for someone to email you.","Onayladığınızda sistem size mülakat saatleri sunar ve seçtiğinizi ayırır. Kimsenin size e-posta atmasını beklemezsiniz."
"jt.271","Join Our Team","/join-our-team","Pozisyon açıklamaları","","Within 24h","24 saat içinde"
"jt.272","Join Our Team","/join-our-team","Pozisyon açıklamaları","","Interview with Admira AI","Admira AI ile mülakat"
"jt.273","Join Our Team","/join-our-team","Pozisyon açıklamaları","","Our assistant runs the first interview in your own language, asks role-specific questions and scores the answers the same way for everybody.","Asistanımız ilk mülakatı kendi dilinizde yürütür, pozisyona özel sorular sorar ve yanıtları herkes için aynı biçimde puanlar."
"jt.274","Join Our Team","/join-our-team","Pozisyon açıklamaları","","Day 2–3","2–3. gün"
"jt.275","Join Our Team","/join-our-team","Pozisyon açıklamaları","","Our team reviews the result","Ekibimiz sonucu inceler"
"jt.276","Join Our Team","/join-our-team","Pozisyon açıklamaları","","A real person reads the transcript and the score, not just the number. This is where we decide who goes to the next stage.","Gerçek bir kişi yalnızca puanı değil, dökümü de okur. Sonraki aşamaya kimin geçeceğine burada karar veririz."
"jt.277","Join Our Team","/join-our-team","Pozisyon açıklamaları","","2–3 days","2–3 gün"
"jt.278","Join Our Team","/join-our-team","Pozisyon açıklamaları","","Human interview","Yetkili ile mülakat"
"jt.279","Join Our Team","/join-our-team","Pozisyon açıklamaları","","A video call with the manager of that desk — the work itself, your market, your questions. Then a written offer.","İlgili departmanın yöneticisiyle görüntülü görüşme gerçekleştirilir. Görüşmede pozisyonun detayları, sorumluluklarınız ve merak ettiğiniz konular ele alınır. Görüşmenin ardından uygun adaylara yazılı iş teklifi iletilir."
"jt.280","Join Our Team","/join-our-team","Pozisyon açıklamaları","","Week 2","2. hafta"
"jt.281","Join Our Team","/join-our-team","Pozisyon açıklamaları","","Training, certificate, start","Eğitim, sertifika, başlangıç"
"jt.282","Join Our Team","/join-our-team","Pozisyon açıklamaları","yes","Work permit rules, ethical recruitment and our tools. You finish the modules, the certificate is issued in the system, and you start.","Çalışma izni kuralları, etik işe alım ve araçlarımız. Modülleri tamamlarsınız, sertifika sistemde düzenlenir ve işe başlarsınız."
"jt.283","Join Our Team","/join-our-team","Pozisyon açıklamaları","","Week 3","3. hafta"
"jt.284","Join Our Team","/join-our-team","Pozisyon açıklamaları","","Overseas representative","Yurt dışı temsilcisi"
"jt.285","Join Our Team","/join-our-team","Pozisyon açıklamaları","","Antalya office role","Antalya ofis pozisyonu"
"jt.286","Join Our Team","/join-our-team","Pozisyon açıklamaları","","Hello JobsAdmire, I would like to apply to join your team.","Merhaba JobsAdmire, ekibinize katılmak için başvurmak istiyorum."
"jt.287","Join Our Team","/join-our-team","Pozisyon açıklamaları","","open roles · Antalya & overseas","açık pozisyon · Antalya ve yurt dışı"
"jt.288","Join Our Team","/join-our-team","Pozisyon açıklamaları","","open positions","açık pozisyon"
"jt.289","Join Our Team","/join-our-team","Pozisyon açıklamaları","","Uzbekistan","Özbekistan"
"jt.290","Join Our Team","/join-our-team","Pozisyon açıklamaları","","Pakistan","Pakistan"
"jt.291","Join Our Team","/join-our-team","Pozisyon açıklamaları","","India","Hindistan"
"jt.292","Join Our Team","/join-our-team","Pozisyon açıklamaları","","Nepal","Nepal"
"jt.293","Join Our Team","/join-our-team","Pozisyon açıklamaları","","Russia","Rusya"
"jt.294","Join Our Team","/join-our-team","Pozisyon açıklamaları","","Kyrgyzstan","Kırgızistan"
"jt.295","Join Our Team","/join-our-team","Pozisyon açıklamaları","","Turkmenistan","Türkmenistan"
"jt.296","Join Our Team","/join-our-team","Pozisyon açıklamaları","","Cameroon","Kamerun"
"jt.297","Join Our Team","/join-our-team","Pozisyon açıklamaları","","Mali","Mali"
"jt.298","Join Our Team","/join-our-team","Pozisyon açıklamaları","","Ghana","Gana"
"jt.299","Join Our Team","/join-our-team","Pozisyon açıklamaları","","Tunisia","Tunus"
"jt.300","Join Our Team","/join-our-team","Pozisyon açıklamaları","","Indonesia","Endonezya"
"jt.301","Join Our Team","/join-our-team","Pozisyon açıklamaları","","Philippines","Filipinler"
"jt.302","Join Our Team","/join-our-team","Sistem mesajları","","Showing all","Tümü gösteriliyor"
"jt.303","Join Our Team","/join-our-team","Sistem mesajları","","open roles","açık pozisyon"
"jt.304","Join Our Team","/join-our-team","Sistem mesajları","","Showing","Gösteriliyor"
"jt.305","Join Our Team","/join-our-team","Sistem mesajları","","matching roles","eşleşen pozisyon"
"jt.306","Join Our Team","/join-our-team","Sistem mesajları","","Show fewer roles","Daha az pozisyon göster"
"jt.307","Join Our Team","/join-our-team","Sistem mesajları","","Show","Göster"
"jt.308","Join Our Team","/join-our-team","Sistem mesajları","","more roles","pozisyon daha"
"jt.309","Join Our Team","/join-our-team","Sistem mesajları","","Close","Kapat"
"jt.310","Join Our Team","/join-our-team","Sistem mesajları","","View role","Pozisyonu görüntüle"
"jt.311","Join Our Team","/join-our-team","Sistem mesajları","","Hello JobsAdmire, I have a question about the","Merhaba JobsAdmire, şu pozisyon hakkında bir sorum var:"
"jt.312","Join Our Team","/join-our-team","Sistem mesajları","","role (","pozisyon ("
"jt.313","Join Our Team","/join-our-team","Sistem mesajları","","Hello JobsAdmire, I would like to join your team.","Merhaba JobsAdmire, ekibinize katılmak istiyorum."
"jt.314","Join Our Team","/join-our-team","Sistem mesajları","","Applying as:","Başvuru türü:"
"jt.315","Join Our Team","/join-our-team","Sistem mesajları","","Name:","Ad:"
"jt.316","Join Our Team","/join-our-team","Sistem mesajları","","Country / city:","Ülke / şehir:"
"jt.317","Join Our Team","/join-our-team","Sistem mesajları","","Email:","E-posta:"
"jt.318","Join Our Team","/join-our-team","Sistem mesajları","","WhatsApp:","WhatsApp:"
"jt.319","Join Our Team","/join-our-team","Sistem mesajları","","Role in mind:","Düşündüğünüz pozisyon:"
"jt.320","Join Our Team","/join-our-team","Sistem mesajları","","Engagement:","Çalışma şekli:"
"jt.321","Join Our Team","/join-our-team","Sistem mesajları","","About me:","Hakkımda:"
"contact.001","Contact Us","/contact","Menü ve genel etiketler","yes","İŞKUR Licensed · Permit No. 1730","İŞKUR Lisanslı · İzin No. 1730"
"contact.002","Contact Us","/contact","Menü ve genel etiketler","yes","İŞKUR · 1730","İŞKUR · 1730"
"contact.003","Contact Us","/contact","Menü ve genel etiketler","","info@jobsadmire.com","info@jobsadmire.com"
"contact.004","Contact Us","/contact","Menü ve genel etiketler","","Blog","Blog"
"contact.005","Contact Us","/contact","Menü ve genel etiketler","","Join Our Team","Ekibimize Katılın"
"contact.006","Contact Us","/contact","Menü ve genel etiketler","","Verify a Representative","Temsilci Doğrulama"
"contact.007","Contact Us","/contact","Menü ve genel etiketler","","CRM Login","CRM Girişi"
"contact.008","Contact Us","/contact","Menü ve genel etiketler","","About Us","Hakkımızda"
"contact.009","Contact Us","/contact","Menü ve genel etiketler","","Hire Workers","İşçi Talebi"
"contact.010","Contact Us","/contact","Menü ve genel etiketler","","Candidates","Adaylar"
"contact.011","Contact Us","/contact","Menü ve genel etiketler","","Work Permits","Çalışma İzinleri"
"contact.012","Contact Us","/contact","Menü ve genel etiketler","","Cost Calculator","Maliyet Hesaplama"
"contact.013","Contact Us","/contact","Menü ve genel etiketler","","Success Stories","Başarı Hikâyeleri"
"contact.014","Contact Us","/contact","Menü ve genel etiketler","","Contact Us","İletişim"
"contact.015","Contact Us","/contact","Menü ve genel etiketler","","Send","Bir mesaj"
"contact.016","Contact Us","/contact","Menü ve genel etiketler","","a message","gönderin"
"contact.017","Contact Us","/contact","Menü ve genel etiketler","","Language","Dil"
"contact.018","Contact Us","/contact","Menü ve genel etiketler","","Blog & Guides","Blog ve Rehberler"
"contact.019","Contact Us","/contact","Menü ve genel etiketler","","Partner With Us","İş Ortağı Olun"
"contact.020","Contact Us","/contact","Menü ve genel etiketler","","CRM Login →","CRM Girişi →"
"contact.021","Contact Us","/contact","Menü ve genel etiketler","","Jobs Admire","Jobs Admire"
"contact.022","Contact Us","/contact","Menü ve genel etiketler","","Menu","Menü"
"contact.023","Contact Us","/contact","Üst bölüm (Hero)","","Home","Ana Sayfa"
"contact.024","Contact Us","/contact","Üst bölüm (Hero)","","Contact","İletişim"
"contact.025","Contact Us","/contact","Üst bölüm (Hero)","","Talk to the people who","İşi asıl yapan"
"contact.026","Contact Us","/contact","Üst bölüm (Hero)","","do the work","kişilerle konuşun"
"contact.027","Contact Us","/contact","Üst bölüm (Hero)","","One number does it all — call or WhatsApp, and our live support line picks up, guides you and puts you through to the desk that handles it: workers, permits or partnerships.","Tek numara her şeyi yapar — arayın veya WhatsApp’tan yazın; canlı destek hattımız açar, sizi yönlendirir ve konuyla ilgilenen birime bağlar: işçi, izin veya iş ortaklığı."
"contact.028","Contact Us","/contact","Üst bölüm (Hero)","","One number for everything — call or WhatsApp, and a real person puts you through to the right desk.","Her şey için tek numara — arayın veya WhatsApp’tan yazın, gerçek bir kişi sizi doğru birime bağlar."
"contact.029","Contact Us","/contact","Üst bölüm (Hero)","yes","İŞKUR licensed · No. 1730","İŞKUR lisanslı · No. 1730"
"contact.030","Contact Us","/contact","Üst bölüm (Hero)","","No consultation fee","Danışmanlık ücreti yok"
"contact.031","Contact Us","/contact","Üst bölüm (Hero)","","We speak your language","Sizin dilinizi konuşuyoruz"
"contact.032","Contact Us","/contact","Üst bölüm (Hero)","","Write in whichever you prefer — the reply comes back in the same language.","Hangisini tercih ederseniz onunla yazın — yanıt aynı dilde gelir."
"contact.033","Contact Us","/contact","Üst bölüm (Hero)","","Fastest","En hızlı"
"contact.034","Contact Us","/contact","Üst bölüm (Hero)","","Send job titles and headcount — a live support agent guides you and answers with numbers","Pozisyon adlarını ve kişi sayısını gönderin — canlı destek temsilcisi sizi yönlendirir ve sayılarla yanıtlar"
"contact.035","Contact Us","/contact","Üst bölüm (Hero)","","Employers","İşverenler"
"contact.036","Contact Us","/contact","Üst bölüm (Hero)","","Live support line — hiring, permits and quotes","Canlı destek hattı — işe alım, izinler ve teklifler"
"contact.037","Contact Us","/contact","Üst bölüm (Hero)","","Agencies & agents","Ajanslar ve temsilciler"
"contact.038","Contact Us","/contact","Üst bölüm (Hero)","","Supply partners and institutes","Tedarik ortakları ve enstitüler"
"contact.039","Contact Us","/contact","Üst bölüm (Hero)","","Documents, contracts and formal enquiries","Belgeler, sözleşmeler ve resmî talepler"
"contact.040","Contact Us","/contact","Üst bölüm (Hero)","","Reply within ~4 business hours","Yaklaşık 4 iş saati içinde yanıt"
"contact.041","Contact Us","/contact","Üst bölüm (Hero)","","Can’t talk right now?","Şu anda konuşamıyor musunuz?"
"contact.042","Contact Us","/contact","Üst bölüm (Hero)","","Pick a slot — we call you back on your number","Bir zaman dilimi seçin — sizi numaranızdan geri arayalım"
"contact.043","Contact Us","/contact","Üst bölüm (Hero)","","Which day","Hangi gün"
"contact.044","Contact Us","/contact","Üst bölüm (Hero)","","Best time","En uygun saat"
"contact.045","Contact Us","/contact","Üst bölüm (Hero)","","Request call","Arama talep et"
"contact.046","Contact Us","/contact","Üst bölüm (Hero)","","We call from +90 501 124 03 40. Requests outside office hours are called at the start of the next slot.","+90 501 124 03 40 numarasından arıyoruz. Mesai dışı talepler bir sonraki zaman diliminin başında aranır."
"contact.047","Contact Us","/contact","Üst bölüm (Hero)","","Press send in WhatsApp to confirm it.","Onaylamak için WhatsApp’ta gönder’e basın."
"contact.048","Contact Us","/contact","Üst bölüm (Hero)","","Change the slot","Zaman dilimini değiştir"
"contact.049","Contact Us","/contact","Üst bölüm (Hero)","","Your number, e.g. +90 5xx xxx xx xx","Numaranız, örn. +90 5xx xxx xx xx"
"contact.050","Contact Us","/contact","Mesaj gönderme ve süreç","","Send a message","Mesaj gönder"
"contact.051","Contact Us","/contact","Mesaj gönderme ve süreç","","What happens after you press send","Gönder’e bastıktan sonra ne oluyor"
"contact.052","Contact Us","/contact","Mesaj gönderme ve süreç","","Four steps, no black hole. You always know who is holding your file.","Dört adım, kara delik yok. Dosyanızın kimde olduğunu her zaman bilirsiniz."
"contact.053","Contact Us","/contact","Mesaj gönderme ve süreç","","In a hurry?","Aceleniz mi var?"
"contact.054","Contact Us","/contact","Mesaj gönderme ve süreç","","WhatsApp is answered fastest — usually within 15 minutes during office hours. The same number is a live support line: call it and a real person guides you.","WhatsApp en hızlı yanıtlanır — mesai saatlerinde genellikle 15 dakika içinde. Aynı numara canlı destek hattıdır: arayın, gerçek bir kişi sizi yönlendirir."
"contact.055","Contact Us","/contact","Mesaj gönderme ve süreç","","Chat on WhatsApp","WhatsApp’tan yazın"
"contact.056","Contact Us","/contact","Mesaj gönderme ve süreç","","On a computer? Point your phone camera at the code — the chat opens with our number already in it.","Bilgisayarda mısınız? Telefon kameranızı koda tutun — sohbet numaramız hazır şekilde açılır."
"contact.057","Contact Us","/contact","Mesaj gönderme ve süreç","","What is this about?","Konu nedir?"
"contact.058","Contact Us","/contact","Mesaj gönderme ve süreç","","I need workers","İşçiye ihtiyacım var"
"contact.059","Contact Us","/contact","Mesaj gönderme ve süreç","","Roles, headcount and a quote","Pozisyonlar, kişi sayısı ve teklif"
"contact.060","Contact Us","/contact","Mesaj gönderme ve süreç","","Work permit only","Sadece çalışma izni"
"contact.061","Contact Us","/contact","Mesaj gönderme ve süreç","","You already have the worker","İşçi elinizde zaten var"
"contact.062","Contact Us","/contact","Mesaj gönderme ve süreç","","Agency or agent","Ajans veya temsilci"
"contact.063","Contact Us","/contact","Mesaj gönderme ve süreç","","Supply or partner with us","Bize tedarik edin veya ortak olun"
"contact.064","Contact Us","/contact","Mesaj gönderme ve süreç","","I am looking for a job","İş arıyorum"
"contact.065","Contact Us","/contact","Mesaj gönderme ve süreç","","Candidates start here","Adaylar buradan başlar"
"contact.066","Contact Us","/contact","Mesaj gönderme ve süreç","","Your name","Adınız"
"contact.067","Contact Us","/contact","Mesaj gönderme ve süreç","","Email","E-posta"
"contact.068","Contact Us","/contact","Mesaj gönderme ve süreç","","Phone / WhatsApp","Telefon / WhatsApp"
"contact.069","Contact Us","/contact","Mesaj gönderme ve süreç","","Anything else","Başka bir şey"
"contact.070","Contact Us","/contact","Mesaj gönderme ve süreç","","(optional)","(isteğe bağlı)"
"contact.071","Contact Us","/contact","Mesaj gönderme ve süreç","","Reply me on","Bana şuradan yanıt verin"
"contact.072","Contact Us","/contact","Mesaj gönderme ve süreç","yes","I agree that JobsAdmire may process my details to answer this enquiry, under KVKK Law No. 6698. We never share them with third parties.","JobsAdmire’ın bu talebi yanıtlamak için bilgilerimi 6698 sayılı KVKK kapsamında işlemesini kabul ediyorum. Bilgileri asla üçüncü taraflarla paylaşmıyoruz."
"contact.073","Contact Us","/contact","Mesaj gönderme ve süreç","","Sends through WhatsApp so you keep a copy of the conversation.","WhatsApp üzerinden gönderilir, böylece görüşmenin bir kopyası sizde kalır."
"contact.074","Contact Us","/contact","Mesaj gönderme ve süreç","","Rather email? →","E-posta mı tercih edersiniz? →"
"contact.075","Contact Us","/contact","Mesaj gönderme ve süreç","","Looking for a job in Turkey?","Türkiye’de iş mi arıyorsunuz?"
"contact.076","Contact Us","/contact","Mesaj gönderme ve süreç","","We do not take individual applications directly","Bireysel başvuruları doğrudan almıyoruz"
"contact.077","Contact Us","/contact","Mesaj gönderme ve süreç","yes","— we are a B2B agency and work only through licensed sourcing partners in your country. Apply through one of our verified partner agencies in your country, and","— B2B bir ajansız ve yalnızca ülkenizdeki lisanslı tedarik ortakları aracılığıyla çalışıyoruz. Ülkenizdeki doğrulanmış ortak ajanslarımızdan biri üzerinden başvurun ve"
"contact.078","Contact Us","/contact","Mesaj gönderme ve süreç","yes","we never charge a worker a placement fee — not for the visa, not for the permit, not for the job","bir işçiden asla yerleştirme ücreti almıyoruz — ne vize, ne izin, ne de iş için"
"contact.079","Contact Us","/contact","Mesaj gönderme ve süreç","",". If anyone asks you for money in JobsAdmire's name, report it to us on WhatsApp — that person does not represent us.",". Biri JobsAdmire adına sizden para isterse, bunu WhatsApp’tan bize bildirin — o kişi bizi temsil etmiyor."
"contact.080","Contact Us","/contact","Mesaj gönderme ve süreç","","1 · Ask us for the verified partner list","1 · Bizden doğrulanmış ortak listesini isteyin"
"contact.081","Contact Us","/contact","Mesaj gönderme ve süreç","","Message us your country and trade — we send you the contact of our verified sourcing partner there. Only partners on that list represent us.","Ülkenizi ve mesleğinizi bize yazın — oradaki doğrulanmış tedarik ortağımızın iletişim bilgilerini gönderiyoruz. Yalnızca o listedeki ortaklar bizi temsil eder."
"contact.082","Contact Us","/contact","Mesaj gönderme ve süreç","","Get the list on WhatsApp","Listeyi WhatsApp’tan alın"
"contact.083","Contact Us","/contact","Mesaj gönderme ve süreç","","2 · Apply through the partner","2 · Ortak aracılığıyla başvurun"
"contact.084","Contact Us","/contact","Mesaj gönderme ve süreç","","The partner checks your trade and documents and submits your file to us directly. When an employer picks you, we handle the permit and travel.","Ortak mesleğinizi ve belgelerinizi kontrol eder ve dosyanızı doğrudan bize iletir. Bir işveren sizi seçtiğinde izni ve seyahati biz yürütürüz."
"contact.085","Contact Us","/contact","Mesaj gönderme ve süreç","","Already registered with one of our sourcing partners? You are in the system — they submit your file to us directly.","Tedarik ortaklarımızdan birine zaten kayıtlı mısınız? Sistemdesiniz — dosyanızı doğrudan bize iletirler."
"contact.086","Contact Us","/contact","Mesaj gönderme ve süreç","","WhatsApp is open with your message","WhatsApp mesajınızla açıldı"
"contact.087","Contact Us","/contact","Mesaj gönderme ve süreç","","Email instead","Bunun yerine e-posta"
"contact.088","Contact Us","/contact","Mesaj gönderme ve süreç","","Send another","Bir tane daha gönder"
"contact.089","Contact Us","/contact","Mesaj gönderme ve süreç","","QR code — scan to open a WhatsApp chat with JobsAdmire","QR kod — JobsAdmire ile WhatsApp sohbeti açmak için tarayın"
"contact.090","Contact Us","/contact","Mesaj gönderme ve süreç","","Who we should ask for","Kimi sormalıyız"
"contact.091","Contact Us","/contact","Mesaj gönderme ve süreç","","Start date, shift pattern, accommodation, budget — whatever helps us answer properly.","Başlangıç tarihi, vardiya düzeni, konaklama, bütçe — düzgün yanıt vermemize yardımcı olacak her şey."
"contact.092","Contact Us","/contact","Ofisler","","Where we are","Neredeyiz"
"contact.093","Contact Us","/contact","Ofisler","","Two offices, one file","İki ofis, tek dosya"
"contact.094","Contact Us","/contact","Ofisler","","Antalya handles your contract, permits and arrivals. Karachi finds and tests the workers before they ever reach your shortlist.","Antalya sözleşmenizi, izinlerinizi ve varışları yürütür. Karaçi, işçileri kısa listenize ulaşmadan önce bulur ve test eder."
"contact.095","Contact Us","/contact","Ofisler","","3,700 km apart — one file, same day","3.700 km arayla — tek dosya, aynı gün"
"contact.096","Contact Us","/contact","Ofisler","","Antalya","Antalya"
"contact.097","Contact Us","/contact","Ofisler","","Karachi","Karaçi"
"contact.098","Contact Us","/contact","Ofisler","","Antalya, Turkey","Antalya, Türkiye"
"contact.099","Contact Us","/contact","Ofisler","","Head office","Merkez ofis"
"contact.100","Contact Us","/contact","Ofisler","","Mon–Fri · 09:00–18:00 (TRT)","Pzt–Cum · 09:00–18:00 (TRT)"
"contact.101","Contact Us","/contact","Ofisler","","Contracts, work permit filings, employer visits and arrival logistics.","Sözleşmeler, çalışma izni başvuruları, işveren ziyaretleri ve varış lojistiği."
"contact.102","Contact Us","/contact","Ofisler","","Get directions →","Yol tarifi al →"
"contact.103","Contact Us","/contact","Ofisler","","Karachi, Pakistan","Karaçi, Pakistan"
"contact.104","Contact Us","/contact","Ofisler","","Sourcing office","Tedarik ofisi"
"contact.105","Contact Us","/contact","Ofisler","","Shahrah-e-Faisal","Shahrah-e-Faisal"
"contact.106","Contact Us","/contact","Ofisler","","Mon–Sat · 10:00–19:00 (PKT)","Pzt–Cmt · 10:00–19:00 (PKT)"
"contact.107","Contact Us","/contact","Ofisler","","WhatsApp the sourcing desk","Tedarik birimine WhatsApp’tan yazın"
"contact.108","Contact Us","/contact","Ofisler","","Candidate interviews, trade tests, document checks and pre-departure briefings.","Aday mülakatları, meslek sınavları, belge kontrolleri ve gidiş öncesi bilgilendirmeler."
"contact.109","Contact Us","/contact","Ofisler","","See who is available →","Kimlerin müsait olduğunu görün →"
"contact.110","Contact Us","/contact","Ofisler","","We come to you before big orders","Büyük siparişlerden önce size geliyoruz"
"contact.111","Contact Us","/contact","Ofisler","","For orders above 10 workers we see the site first — factory floor, hotel, farm or camp — so the shortlist matches the real job and the accommodation you offer. Antalya region within the week; elsewhere in Turkey by arrangement.","10’dan fazla çalışan ihtiyacınız olduğunda, işe alım sürecine başlamadan önce çalışma alanınızı yerinde ziyaret ediyoruz. Fabrika, otel, çiftlik veya kamp fark etmeksizin; böylece aday seçimini gerçek çalışma koşullarınıza ve sunduğunuz konaklama imkânlarına uygun şekilde yapıyoruz. Antalya bölgesinde saha ziyareti hafta içinde gerçekleştirilebilir; Türkiye’nin diğer bölgeleri için ziyaretler karşılıklı planlama ile organize edilir."
"contact.112","Contact Us","/contact","Ofisler","","Request a site visit","Saha ziyareti talep edin"
"contact.113","Contact Us","/contact","Ofisler","","Book a visit","Ziyaret ayarlayın"
"contact.114","Contact Us","/contact","Ofisler","","Prefer to sit down with us?","Bizimle yüz yüze görüşmeyi mi tercih edersiniz?"
"contact.115","Contact Us","/contact","Ofisler","","Pick a day and a time — the support team confirms your slot on WhatsApp within the hour. Coffee is on us.","Size uygun gün ve saati seçin. Destek ekibimiz randevunuzu bir saat içinde WhatsApp üzerinden onaylasın. Kahve bizden."
"contact.116","Contact Us","/contact","Ofisler","","Day","Gün"
"contact.117","Contact Us","/contact","Ofisler","","Time","Saat"
"contact.118","Contact Us","/contact","Ofisler","","Book on WhatsApp","WhatsApp’tan randevu alın"
"contact.119","Contact Us","/contact","SSS","","FAQ","SSS"
"contact.120","Contact Us","/contact","SSS","","Before you write","Yazmadan önce"
"contact.121","Contact Us","/contact","SSS","","The things people ask us in the first message.","İnsanların ilk mesajda bize sorduğu şeyler."
"contact.122","Contact Us","/contact","SSS","","Still not sure what you need?","Neye ihtiyacınız olduğundan hâlâ emin değil misiniz?"
"contact.123","Contact Us","/contact","SSS","","Send one line describing the job. We will tell you the route, the timeline and the cost — no obligation.","İşi anlatan tek bir satır gönderin. Size yolu, süreyi ve maliyeti söyleyeceğiz — yükümlülük yok."
"contact.124","Contact Us","/contact","SSS","","Ask on WhatsApp","WhatsApp'tan sorun"
"contact.125","Contact Us","/contact","Kapanış çağrısı","","Call us","Bizi arayın"
"contact.126","Contact Us","/contact","Alt bilgi (Footer)","yes","Licensed workforce recruitment for employers in Turkey — overseas sourcing, vetting and work permits, end-to-end.","Türkiye’deki işverenler için lisanslı iş gücü temini — yurt dışı tedarik, inceleme ve çalışma izinleri, uçtan uca."
"contact.127","Contact Us","/contact","Alt bilgi (Footer)","","For Employers","İşverenler için"
"contact.128","Contact Us","/contact","Alt bilgi (Footer)","","Available Workers","Mevcut İşçiler"
"contact.129","Contact Us","/contact","Alt bilgi (Footer)","","Hiring Cost Calculator","İşçi Maliyet Hesaplama"
"contact.130","Contact Us","/contact","Alt bilgi (Footer)","","Company","Kurumsal"
"contact.131","Contact Us","/contact","Alt bilgi (Footer)","","Telegram · @jobsadmire","Telegram · @jobsadmire"
"contact.132","Contact Us","/contact","Alt bilgi (Footer)","","Antalya · Head office","Antalya · Merkez ofis"
"contact.133","Contact Us","/contact","Alt bilgi (Footer)","","Adnan Menderes Blv. No 7/6","Adnan Menderes Blv. No 7/6"
"contact.134","Contact Us","/contact","Alt bilgi (Footer)","","Muratpaşa, Antalya, Türkiye","Muratpaşa, Antalya, Türkiye"
"contact.135","Contact Us","/contact","Alt bilgi (Footer)","","Mon–Fri 09:00–18:00","Pzt–Cum 09:00–18:00"
"contact.136","Contact Us","/contact","Alt bilgi (Footer)","","Get directions","Yol tarifi alın"
"contact.137","Contact Us","/contact","Alt bilgi (Footer)","","Karachi · Tech office","Karaçi · Teknoloji ofisi"
"contact.138","Contact Us","/contact","Alt bilgi (Footer)","","Mon–Sat 10:00–19:00 PKT","Pzt–Cmt 10:00–19:00 PKT"
"contact.139","Contact Us","/contact","Alt bilgi (Footer)","","WhatsApp Us →","WhatsApp’tan yazın →"
"contact.140","Contact Us","/contact","Alt bilgi (Footer)","","Get Our App","Uygulamamızı İndirin"
"contact.141","Contact Us","/contact","Alt bilgi (Footer)","","Workforce on the go","İş gücü her yerde yanınızda"
"contact.142","Contact Us","/contact","Alt bilgi (Footer)","","Approve candidates, track permits & get instant updates.","Adayları onaylayın, izinleri takip edin ve anlık bildirim alın."
"contact.143","Contact Us","/contact","Alt bilgi (Footer)","","GET IT ON","İNDİRİN"
"contact.144","Contact Us","/contact","Alt bilgi (Footer)","","DOWNLOAD ON THE","İNDİRİN"
"contact.145","Contact Us","/contact","Alt bilgi (Footer)","yes","İŞKUR permit No. 1730 · Job seekers are never charged a fee (law No. 4904) · Tax No: 48422122","İŞKUR izin No. 1730 · İş arayanlardan asla ücret alınmaz (4904 sayılı kanun) · Vergi No: 48422122"
"contact.146","Contact Us","/contact","Alt bilgi (Footer)","","Privacy","Gizlilik Politikası"
"contact.147","Contact Us","/contact","Alt bilgi (Footer)","","Terms","Kullanım Şartları"
"contact.148","Contact Us","/contact","Alt bilgi (Footer)","","© 2026 Jobs Admire","© 2026 Jobs Admire"
"contact.149","Contact Us","/contact","Alt bilgi (Footer)","","JobsAdmire app","JobsAdmire uygulaması"
"contact.150","Contact Us","/contact","Form alanları ve sistem mesajları","","Sat","Cmt"
"contact.151","Contact Us","/contact","Form alanları ve sistem mesajları","","Sun","Paz"
"contact.152","Contact Us","/contact","Form alanları ve sistem mesajları","","Office open now ·","Ofis şu anda açık ·"
"contact.153","Contact Us","/contact","Form alanları ve sistem mesajları","","in Antalya","Antalya’da"
"contact.154","Contact Us","/contact","Form alanları ve sistem mesajları","","Weekend · WhatsApp is still watched","Hafta sonu · WhatsApp yine takip ediliyor"
"contact.155","Contact Us","/contact","Form alanları ve sistem mesajları","","Closed for today","Bugün için kapalı"
"contact.156","Contact Us","/contact","Form alanları ve sistem mesajları","","Contact:","İletişim:"
"contact.157","Contact Us","/contact","Form alanları ve sistem mesajları","","Email:","E-posta:"
"contact.158","Contact Us","/contact","Form alanları ve sistem mesajları","","Phone:","Telefon:"
"contact.159","Contact Us","/contact","Form alanları ve sistem mesajları","","Preferred reply:","Tercih edilen yanıt:"
"contact.160","Contact Us","/contact","Form alanları ve sistem mesajları","","Notes:","Notlar:"
"contact.161","Contact Us","/contact","Form alanları ve sistem mesajları","","employer desk","işveren birimi"
"contact.162","Contact Us","/contact","Form alanları ve sistem mesajları","","Tell us the roles","Pozisyonları bize söyleyin"
"contact.163","Contact Us","/contact","Form alanları ve sistem mesajları","","Job titles and headcount are enough to start — we come back with candidates, timeline and cost.","Başlamak için pozisyon adları ve kişi sayısı yeterli — adaylar, süre ve maliyetle geri döneriz."
"contact.164","Contact Us","/contact","Form alanları ve sistem mesajları","","Company name","Firma adı"
"contact.165","Contact Us","/contact","Form alanları ve sistem mesajları","","Registered company name","Kayıtlı şirket adı"
"contact.166","Contact Us","/contact","Form alanları ve sistem mesajları","","Roles and headcount","Pozisyonlar ve kişi sayısı"
"contact.167","Contact Us","/contact","Form alanları ve sistem mesajları","","e.g. 10 welders, 4 CNC operators","örn. 10 kaynakçı, 4 CNC operatörü"
"contact.168","Contact Us","/contact","Form alanları ve sistem mesajları","","City in Turkey","Türkiye’deki şehir"
"contact.169","Contact Us","/contact","Form alanları ve sistem mesajları","","Send my hiring request","İşe alım talebimi gönder"
"contact.170","Contact Us","/contact","Form alanları ve sistem mesajları","","permit team","izin ekibi"
"contact.171","Contact Us","/contact","Form alanları ve sistem mesajları","","Permit file, no sourcing","Sadece izin dosyası, tedarik yok"
"contact.172","Contact Us","/contact","Form alanları ve sistem mesajları","","You already have the worker — we run the application, the follow-up and the renewals.","İşçi elinizde zaten var — başvuruyu, takibi ve yenilemeleri biz yürütürüz."
"contact.173","Contact Us","/contact","Form alanları ve sistem mesajları","","Worker and role","İşçi ve pozisyon"
"contact.174","Contact Us","/contact","Form alanları ve sistem mesajları","","e.g. 1 Uzbek chef, already in Turkey","örn. 1 Özbek aşçı, hâlihazırda Türkiye’de"
"contact.175","Contact Us","/contact","Form alanları ve sistem mesajları","","Workplace city","İşyeri şehri"
"contact.176","Contact Us","/contact","Form alanları ve sistem mesajları","","Ask the permit team","İzin ekibine sorun"
"contact.177","Contact Us","/contact","Form alanları ve sistem mesajları","","partnerships desk","iş ortaklıkları birimi"
"contact.178","Contact Us","/contact","Form alanları ve sistem mesajları","","HR agencies in Turkey, sourcing agents abroad and training institutes — tell us what you bring.","Türkiye’deki İK ajansları, yurt dışındaki tedarik temsilcileri ve eğitim enstitüleri — ne getirdiğinizi bize söyleyin."
"contact.179","Contact Us","/contact","Form alanları ve sistem mesajları","","Agency name & country","Ajans adı ve ülke"
"contact.180","Contact Us","/contact","Form alanları ve sistem mesajları","","e.g. Skyline Manpower, Nepal","örn. Skyline Manpower, Nepal"
"contact.181","Contact Us","/contact","Form alanları ve sistem mesajları","","What you supply","Ne tedarik ediyorsunuz"
"contact.182","Contact Us","/contact","Form alanları ve sistem mesajları","","e.g. welders and masons, 200 on file","örn. kaynakçı ve duvarcı, dosyada 200 kişi"
"contact.183","Contact Us","/contact","Form alanları ve sistem mesajları","yes","Licence no.","Lisans no."
"contact.184","Contact Us","/contact","Form alanları ve sistem mesajları","","If you have one","Varsa"
"contact.185","Contact Us","/contact","Form alanları ve sistem mesajları","","Send partnership enquiry","İş ortaklığı talebi gönder"
"contact.186","Contact Us","/contact","Form alanları ve sistem mesajları","","A call","Bir arama"
"contact.187","Contact Us","/contact","Form alanları ve sistem mesajları","","It lands on the right desk","Doğru birime ulaşır"
"contact.188","Contact Us","/contact","Form alanları ve sistem mesajları","","Hiring, permits and partnerships are three different people here — your message goes to one of them, not a shared inbox.","İşe alım, izinler ve iş ortaklıkları burada üç farklı kişidir — mesajınız ortak bir gelen kutusuna değil, onlardan birine gider."
"contact.189","Contact Us","/contact","Form alanları ve sistem mesajları","","You get a human reply","Gerçek bir kişiden yanıt alırsınız"
"contact.190","Contact Us","/contact","Form alanları ve sistem mesajları","","Same day in office hours. Next business morning if you write at night or over the weekend.","Mesai saatlerinde aynı gün. Gece veya hafta sonu yazarsanız bir sonraki iş günü sabahı."
"contact.191","Contact Us","/contact","Form alanları ve sistem mesajları","","A short call to pin it down","Netleştirmek için kısa bir görüşme"
"contact.192","Contact Us","/contact","Form alanları ve sistem mesajları","","Roles, headcount, start date, accommodation, budget. Fifteen minutes is usually enough.","Pozisyonlar, kişi sayısı, başlangıç tarihi, konaklama, bütçe. On beş dakika genellikle yeterli."
"contact.193","Contact Us","/contact","Form alanları ve sistem mesajları","","Written numbers within 24 hours","24 saat içinde yazılı sayılar"
"contact.194","Contact Us","/contact","Form alanları ve sistem mesajları","","A quote, or a permit checklist — in writing, so you can take it to your board.","Bir teklif veya izin kontrol listesi — yazılı olarak, yönetim kuruluna sunabilmeniz için."
"contact.195","Contact Us","/contact","SSS","","Do you charge for a first conversation?","İlk görüşme için ücret alıyor musunuz?"
"contact.196","Contact Us","/contact","SSS","","No. Sourcing, shortlists and the quote itself are free — you pay one agreed service fee only when you accept workers and we start the permit file. There is no consultation charge, no retainer and nothing upfront.","Hayır. Tedarik, kısa listeler ve teklifin kendisi ücretsizdir — yalnızca işçileri kabul ettiğinizde ve izin dosyasını başlattığımızda anlaşılan tek bir hizmet bedeli ödersiniz. Danışmanlık ücreti, ön ödeme veya peşin bir bedel yoktur."
"contact.197","Contact Us","/contact","SSS","","Which languages can we speak?","Hangi dilleri konuşabiliyoruz?"
"contact.198","Contact Us","/contact","SSS","","Turkish, English, French, Hindi and Russian. Write in whichever you prefer — the reply comes back in the same language.","Türkçe, İngilizce, Fransızca, Hintçe ve Rusça. Hangisini tercih ederseniz onunla yazın — yanıt aynı dilde gelir."
"contact.199","Contact Us","/contact","SSS","","How fast will someone actually answer?","Gerçekte ne kadar hızlı yanıt alırım?"
"contact.200","Contact Us","/contact","SSS","","Can you come and see our site first?","Önce gelip sahamızı görebilir misiniz?"
"contact.201","Contact Us","/contact","SSS","","Yes, and for orders above ten workers we prefer it. We look at the work itself and at the accommodation you offer, because both decide which candidates will actually stay. Antalya and nearby provinces within the week — elsewhere in Turkey by arrangement.","Evet ve on işçinin üzerindeki siparişlerde bunu tercih ediyoruz. İşin kendisine ve sunduğunuz konaklamaya bakıyoruz, çünkü hangi adayların gerçekten kalacağını ikisi birlikte belirliyor. Antalya ve çevre iller hafta içinde — Türkiye’nin diğer yerleri anlaşmayla."
"contact.202","Contact Us","/contact","SSS","","I am a worker looking for a job — can I write here?","İş arayan bir işçiyim — buraya yazabilir miyim?"
"contact.203","Contact Us","/contact","SSS","","Are my details safe?","Bilgilerim güvende mi?"
"contact.204","Contact Us","/contact","SSS","yes","Yes. Details you send are used only to answer your enquiry, under KVKK Law No. 6698, and are never sold or shared with third parties. Ask us to delete them at any time and we do.","Evet. Gönderdiğiniz bilgiler yalnızca talebinizi yanıtlamak için, 6698 sayılı KVKK kapsamında kullanılır ve asla satılmaz veya üçüncü taraflarla paylaşılmaz. Dilediğiniz zaman silmemizi isteyin, sileriz."
"contact.205","Contact Us","/contact","Form alanları ve sistem mesajları","","Today","Bugün"
"contact.206","Contact Us","/contact","Form alanları ve sistem mesajları","","Tomorrow","Yarın"
"contact.207","Contact Us","/contact","Form alanları ve sistem mesajları","","This week","Bu hafta"
"contact.208","Contact Us","/contact","Form alanları ve sistem mesajları","","a weekday","bir hafta içi günü"
"contact.209","Contact Us","/contact","Form alanları ve sistem mesajları","","any time","herhangi bir saat"
"contact.210","Contact Us","/contact","Form alanları ve sistem mesajları","","Hide extra details","Ek bilgileri gizle"
"contact.211","Contact Us","/contact","Form alanları ve sistem mesajları","","+ Add extra details (optional)","+ Ek bilgi ekle (isteğe bağlı)"
"contact.212","Contact Us","/contact","Form alanları ve sistem mesajları","","Hide the slots","Saatleri gizle"
"contact.213","Contact Us","/contact","Form alanları ve sistem mesajları","","Pick a day & time","Bir gün ve saat seçin"
"contact.214","Contact Us","/contact","Form alanları ve sistem mesajları","","Hello JobsAdmire, I want to hire workers.","Merhaba JobsAdmire, işçi talebinde bulunmak istiyorum."
"contact.215","Contact Us","/contact","Form alanları ve sistem mesajları","","Lines open now","Hatlar şu anda açık"
"contact.216","Contact Us","/contact","Form alanları ve sistem mesajları","","Lines closed","Hatlar kapalı"
"contact.217","Contact Us","/contact","Form alanları ve sistem mesajları","","Looking for a job","İş arıyorum"
"contact.218","Contact Us","/contact","Form alanları ve sistem mesajları","","Goes to the","Şuraya gider:"
"contact.219","Contact Us","/contact","Form alanları ve sistem mesajları","","sourcing team","tedarik ekibi"
"contact.220","Contact Us","/contact","Form alanları ve sistem mesajları","",", any time in office hours",", mesai saatleri içinde her zaman"
"contact.221","Contact Us","/contact","Form alanları ve sistem mesajları","","Callback requested for","Geri arama talep edildi:"
"contact.222","Contact Us","/contact","Form alanları ve sistem mesajları","","Subscribe to hiring updates","İşe alım güncellemelerine abone olun"
"contact.223","Contact Us","/contact","Form alanları ve sistem mesajları","yes","İŞKUR Private Employment Agency Permit No. 1730","İŞKUR Özel İstihdam Bürosu İzin No. 1730"
"contact.224","Contact Us","/contact","Form alanları ve sistem mesajları","","Turkish","Türkçe"
"contact.225","Contact Us","/contact","Form alanları ve sistem mesajları","","French","Fransızca"
"contact.226","Contact Us","/contact","Form alanları ve sistem mesajları","","Hindi","Hintçe"
"contact.227","Contact Us","/contact","Form alanları ve sistem mesajları","","Russian","Rusça"
"contact.228","Contact Us","/contact","Form alanları ve sistem mesajları","","Contact JobsAdmire","JobsAdmire ile iletişime geçin"
"availworkers.001","Available Workers","/available-workers","Menü ve genel etiketler","yes","İŞKUR Licensed · Permit No. 1730","İŞKUR Lisanslı · İzin No. 1730"
"availworkers.002","Available Workers","/available-workers","Menü ve genel etiketler","yes","İŞKUR · 1730","İŞKUR · 1730"
"availworkers.003","Available Workers","/available-workers","Menü ve genel etiketler","","info@jobsadmire.com","info@jobsadmire.com"
"availworkers.004","Available Workers","/available-workers","Menü ve genel etiketler","","Blog","Blog"
"availworkers.005","Available Workers","/available-workers","Menü ve genel etiketler","","Join Our Team","Ekibimize Katılın"
"availworkers.006","Available Workers","/available-workers","Menü ve genel etiketler","","Verify a Representative","Temsilci Doğrulama"
"availworkers.007","Available Workers","/available-workers","Menü ve genel etiketler","","CRM Login","CRM Girişi"
"availworkers.008","Available Workers","/available-workers","Menü ve genel etiketler","","About Us","Hakkımızda"
"availworkers.009","Available Workers","/available-workers","Menü ve genel etiketler","","Hire Workers","İşçi Talebi"
"availworkers.010","Available Workers","/available-workers","Menü ve genel etiketler","","Candidates","Adaylar"
"availworkers.011","Available Workers","/available-workers","Menü ve genel etiketler","","Work Permits","Çalışma İzinleri"
"availworkers.012","Available Workers","/available-workers","Menü ve genel etiketler","","Cost Calculator","Maliyet Hesaplama"
"availworkers.013","Available Workers","/available-workers","Menü ve genel etiketler","","Success Stories","Başarı Hikâyeleri"
"availworkers.014","Available Workers","/available-workers","Menü ve genel etiketler","","Contact Us","İletişim"
"availworkers.015","Available Workers","/available-workers","Menü ve genel etiketler","","Partner With Us","İş Ortağı Olun"
"availworkers.016","Available Workers","/available-workers","Menü ve genel etiketler","","See","Bkz."
"availworkers.017","Available Workers","/available-workers","Menü ve genel etiketler","","Language","Dil"
"availworkers.018","Available Workers","/available-workers","Menü ve genel etiketler","","Blog & Guides","Blog ve Rehberler"
"availworkers.019","Available Workers","/available-workers","Menü ve genel etiketler","","CRM Login →","CRM Girişi →"
"availworkers.020","Available Workers","/available-workers","Menü ve genel etiketler","","Menu","Menü"
"availworkers.021","Available Workers","/available-workers","Üst bölüm (Hero)","","Home","Ana Sayfa"
"availworkers.022","Available Workers","/available-workers","Üst bölüm (Hero)","","Available Workers","Mevcut İşçiler"
"availworkers.023","Available Workers","/available-workers","Üst bölüm (Hero)","","Live from our portal","Portalımızdan canlı"
"availworkers.024","Available Workers","/available-workers","Üst bölüm (Hero)","","Verified workers,","Doğrulanmış işçiler,"
"availworkers.025","Available Workers","/available-workers","Üst bölüm (Hero)","","ready to start","başlamaya hazır"
"availworkers.026","Available Workers","/available-workers","Üst bölüm (Hero)","","in Turkey","iş ortağı olun"
"availworkers.027","Available Workers","/available-workers","Üst bölüm (Hero)","yes","Real candidates from our pool — skill-tested, documents checked and waiting for an employer. Pick the profiles you like and we file every work permit under our İŞKUR licence.","Havuzumuzdan gerçek adaylar — beceri testinden geçmiş, belgeleri kontrol edilmiş ve bir işveren bekliyor. Beğendiğiniz profilleri seçin, her çalışma iznini İŞKUR lisansımız altında biz sunarız."
"availworkers.028","Available Workers","/available-workers","Üst bölüm (Hero)","","Browse candidates →","Adaylara göz atın →"
"availworkers.029","Available Workers","/available-workers","Üst bölüm (Hero)","","Ask for profiles","Profil isteyin"
"availworkers.030","Available Workers","/available-workers","Üst bölüm (Hero)","yes","Profiles are anonymised for candidate privacy (KVKK) — full CVs, documents and video interviews are shared with employers on request.","Profiller aday gizliliği için anonimleştirilmiştir (KVKK) — tam CV’ler, belgeler ve video mülakatlar talep üzerine işverenlerle paylaşılır."
"availworkers.031","Available Workers","/available-workers","Üst bölüm (Hero)","","Popular in the pool right now","Şu anda havuzda popüler"
"availworkers.032","Available Workers","/available-workers","Üst bölüm (Hero)","","Reply in 4 h","4 saatte yanıt"
"availworkers.033","Available Workers","/available-workers","Üst bölüm (Hero)","","No upfront fee","Peşin ücret yok"
"availworkers.034","Available Workers","/available-workers","Üst bölüm (Hero)","","Start my request","Talebimi başlat"
"availworkers.035","Available Workers","/available-workers","Üst bölüm (Hero)","","Browse the pool","Havuza göz atın"
"availworkers.036","Available Workers","/available-workers","Üst bölüm (Hero)","","Clear","Temizle"
"availworkers.037","Available Workers","/available-workers","Üst bölüm (Hero)","","Request sent","Talebiniz gönderildi"
"availworkers.038","Available Workers","/available-workers","Üst bölüm (Hero)","","We reply within 4 working hours with matching profiles.","4 iş saati içinde eşleşen profillerle yanıt veriyoruz."
"availworkers.039","Available Workers","/available-workers","Üst bölüm (Hero)","","I agree that JobsAdmire may process these details to answer my request —","JobsAdmire’ın talebimi yanıtlamak için bu bilgileri işlemesini kabul ediyorum —"
"availworkers.040","Available Workers","/available-workers","Üst bölüm (Hero)","yes","KVKK privacy notice","KVKK aydınlatma metni"
"availworkers.041","Available Workers","/available-workers","Üst bölüm (Hero)","","Prefer WhatsApp?","WhatsApp’ı mı tercih edersiniz?"
"availworkers.042","Available Workers","/available-workers","Üst bölüm (Hero)","","Sourcing agency?","Tedarik ajansı mısınız?"
"availworkers.043","Available Workers","/available-workers","Üst bölüm (Hero)","","Partner with us →","İş ortağımız olun →"
"availworkers.044","Available Workers","/available-workers","Üst bölüm (Hero)","","Contact person","İletişim kişisi"
"availworkers.045","Available Workers","/available-workers","Üst bölüm (Hero)","","Email","E-posta"
"availworkers.046","Available Workers","/available-workers","Üst bölüm (Hero)","","Phone / WhatsApp","Telefon / WhatsApp"
"availworkers.047","Available Workers","/available-workers","Üst bölüm (Hero)","","City in Turkey","Türkiye’deki şehir"
"availworkers.048","Available Workers","/available-workers","Talep formu","","Found a profile that fits? Full CV and video interview within 24 hours.","Uygun bir profil buldunuz mu? 24 saat içinde tam CV ve video mülakat."
"availworkers.049","Available Workers","/available-workers","Talep formu","","Call","Arayın"
"availworkers.050","Available Workers","/available-workers","Talep formu","","WhatsApp us","WhatsApp’tan yazın"
"availworkers.051","Available Workers","/available-workers","Talep formu","","Request workers →","İşçi talep edin →"
"availworkers.052","Available Workers","/available-workers","Aday havuzu","","Candidates available now","Şu anda müsait adaylar"
"availworkers.053","Available Workers","/available-workers","Aday havuzu","","Filter the pool, then message us about any profile — we send the full CV, documents and a video interview.","Havuzu filtreleyin, ardından herhangi bir profil hakkında bize yazın — tam CV’yi, belgeleri ve bir video mülakatı gönderiyoruz."
"availworkers.054","Available Workers","/available-workers","Aday havuzu","","Sort","Sırala"
"availworkers.055","Available Workers","/available-workers","Aday havuzu","","CVs in our portal","portalımızdaki CV"
"availworkers.056","Available Workers","/available-workers","Aday havuzu","","ready to start now","şimdi başlamaya hazır"
"availworkers.057","Available Workers","/available-workers","Aday havuzu","","countries listed","listelenen ülke"
"availworkers.058","Available Workers","/available-workers","Aday havuzu","","professions listed","listelenen meslek"
"availworkers.059","Available Workers","/available-workers","Aday havuzu","","Filter the pool","Havuzu filtrele"
"availworkers.060","Available Workers","/available-workers","Aday havuzu","","Clear all ✕","Tümünü temizle ✕"
"availworkers.061","Available Workers","/available-workers","Aday havuzu","","Profession","Meslek"
"availworkers.062","Available Workers","/available-workers","Aday havuzu","","Country","Ülke"
"availworkers.063","Available Workers","/available-workers","Aday havuzu","","Industry","Sektör"
"availworkers.064","Available Workers","/available-workers","Aday havuzu","","Experience","Deneyim"
"availworkers.065","Available Workers","/available-workers","Aday havuzu","","Availability","Bulunabilirlik"
"availworkers.066","Available Workers","/available-workers","Aday havuzu","","No profiles match those filters right now","Şu anda bu filtrelerle eşleşen profil yok"
"availworkers.067","Available Workers","/available-workers","Aday havuzu","","Our pool changes weekly and we source to order — tell us what you need and we shortlist from 13+ countries, usually within 24 hours.","Havuzumuz her hafta değişir ve siparişe göre tedarik ederiz — ne istediğinizi söyleyin, 13+ ülkeden genellikle 24 saat içinde kısa liste hazırlarız."
"availworkers.068","Available Workers","/available-workers","Aday havuzu","","Tell us what you need →","İhtiyacınızı bize yazın →"
"availworkers.069","Available Workers","/available-workers","Aday havuzu","","Clear filters","Filtreleri temizle"
"availworkers.070","Available Workers","/available-workers","Aday havuzu","","Can't see the profession you need?","İhtiyacınız olan meslek görünmüyor mu?"
"availworkers.071","Available Workers","/available-workers","Aday havuzu","","This pool is what is ready today — we also source to order from 13+ countries. Tell us the roles and headcount, and you get a shortlist in about a week.","Bu havuz bugün hazır olanlardır — ayrıca 13+ ülkeden siparişe göre tedarik ediyoruz. Pozisyonları ve kişi sayısını söyleyin, yaklaşık bir hafta içinde kısa liste alın."
"availworkers.072","Available Workers","/available-workers","“Doğrulanmış” ne demek","","What ""verified"" means on this page","Bu sayfada “doğrulanmış” ne anlama gelir"
"availworkers.073","Available Workers","/available-workers","“Doğrulanmış” ne demek","","Every profile passes four checks before it appears here — that is why the shortlist moves fast.","Her profil burada görünmeden önce dört kontrolden geçer — kısa listenin hızlı ilerlemesinin nedeni bu."
"availworkers.074","Available Workers","/available-workers","“Doğrulanmış” ne demek","","Documents checked","Belgeler kontrol edildi"
"availworkers.075","Available Workers","/available-workers","“Doğrulanmış” ne demek","","Passport validity, qualifications and certificates verified before the profile goes live.","Profil yayına girmeden önce pasaport geçerliliği, yeterlilikler ve sertifikalar doğrulanır."
"availworkers.076","Available Workers","/available-workers","“Doğrulanmış” ne demek","","Skill-tested","Beceri testinden geçti"
"availworkers.077","Available Workers","/available-workers","“Doğrulanmış” ne demek","","Practical assessment by our partner institutes or our own team — not just a CV claim.","Partner enstitülerimiz veya kendi ekibimiz tarafından uygulamalı değerlendirme — sadece CV’de bir iddia değil."
"availworkers.078","Available Workers","/available-workers","“Doğrulanmış” ne demek","","Video interviewed","Video mülakat yapıldı"
"availworkers.079","Available Workers","/available-workers","“Doğrulanmış” ne demek","","Recorded interview covering attitude, language level and readiness to relocate.","Tutum, dil seviyesi ve taşınmaya hazır olma durumunu kapsayan kayıtlı mülakat."
"availworkers.080","Available Workers","/available-workers","“Doğrulanmış” ne demek","","Permit-ready file","İzne hazır dosya"
"availworkers.081","Available Workers","/available-workers","“Doğrulanmış” ne demek","","Goes live","Yayına girer"
"availworkers.082","Available Workers","/available-workers","“Doğrulanmış” ne demek","","Paperwork prepared so the work permit can be filed the moment you approve.","Onayladığınız anda çalışma izni sunulabilsin diye evraklar hazırlanır."
"availworkers.083","Available Workers","/available-workers","“Doğrulanmış” ne demek","","A profile that fails any check never reaches this page —","Herhangi bir kontrolden geçemeyen profil bu sayfaya hiç ulaşmaz —"
"availworkers.084","Available Workers","/available-workers","“Doğrulanmış” ne demek","","what you see is what we can place.","gördüğünüz, yerleştirebileceğimizdir."
"availworkers.085","Available Workers","/available-workers","Seçimden sonraki süreç","","After you pick","Seçiminizden sonra"
"availworkers.086","Available Workers","/available-workers","Seçimden sonraki süreç","","From a profile on this page to their first working day","Bu sayfadaki bir profilden ilk iş günlerine"
"availworkers.087","Available Workers","/available-workers","Seçimden sonraki süreç","","Because these candidates are already vetted and permit-ready, the timeline is shorter than sourcing from scratch — and everything after your approval is handled by us.","Bu adaylar zaten kontrol edilmiş ve izne hazır olduğu için süreç sıfırdan tedarikten kısadır — onayınızdan sonraki her şeyi biz yürütüyoruz."
"availworkers.088","Available Workers","/available-workers","Seçimden sonraki süreç","","How permits work →","İzinler nasıl işler →"
"availworkers.089","Available Workers","/available-workers","Seçimden sonraki süreç","","Start hiring →","İşe almaya başlayın →"
"availworkers.090","Available Workers","/available-workers","Seçimden sonraki süreç","","You request a profile","Bir profil talep edersiniz"
"availworkers.091","Available Workers","/available-workers","Seçimden sonraki süreç","","Day 0","Başlangıç"
"availworkers.092","Available Workers","/available-workers","Seçimden sonraki süreç","","Full CV, documents and the video interview reach you the same day.","Tam CV, belgeler ve video mülakat aynı gün size ulaşır."
"availworkers.093","Available Workers","/available-workers","Seçimden sonraki süreç","","Your own interview","Kendi mülakatınız"
"availworkers.094","Available Workers","/available-workers","Seçimden sonraki süreç","","Live video call with the candidate — you approve, or ask for alternatives.","Adayla canlı görüntülü görüşme — onaylarsınız veya alternatif istersiniz."
"availworkers.095","Available Workers","/available-workers","Seçimden sonraki süreç","","Contract & permit filing","Sözleşme ve izin başvurusu"
"availworkers.096","Available Workers","/available-workers","Seçimden sonraki süreç","","Week 1","1. hafta"
"availworkers.097","Available Workers","/available-workers","Seçimden sonraki süreç","yes","E-signature contract, then we file the work permit under our İŞKUR licence.","E-imzalı sözleşme, ardından çalışma iznini İŞKUR lisansımız altında sunarız."
"availworkers.098","Available Workers","/available-workers","Seçimden sonraki süreç","","Arrival & first day","Varış ve ilk iş günü"
"availworkers.099","Available Workers","/available-workers","Seçimden sonraki süreç","","Permit approved, travel and onboarding coordinated, worker registered with SGK.","İzin onaylanır, seyahat ve işe başlangıç koordine edilir, işçi SGK’ya kaydedilir."
"availworkers.100","Available Workers","/available-workers","SSS","","FAQ","SSS"
"availworkers.101","Available Workers","/available-workers","SSS","","Questions about these profiles","Bu profiller hakkında sorular"
"availworkers.102","Available Workers","/available-workers","SSS","","What employers ask before requesting their first candidate from the pool.","İşverenlerin havuzdan ilk adaylarını istemeden önce sorduğu şeyler."
"availworkers.103","Available Workers","/available-workers","SSS","","Something else?","Başka bir şey mi var?"
"availworkers.104","Available Workers","/available-workers","SSS","","Ask our placement team directly.","Doğrudan yerleştirme ekibimize sorun."
"availworkers.105","Available Workers","/available-workers","Kapanış çağrısı","","The workers are ready — are you?","İşçiler hazır — siz hazır mısınız?"
"availworkers.106","Available Workers","/available-workers","Kapanış çağrısı","","Send us the profile numbers you liked, or just tell us the roles you need. Written quote and full CVs within 24 hours — no upfront fee.","Beğendiğiniz profil numaralarını bize gönderin veya sadece ihtiyacınız olan pozisyonları söyleyin. 24 saat içinde yazılı teklif ve tam CV’ler — peşin ücret yok."
"availworkers.107","Available Workers","/available-workers","Kapanış çağrısı","","Request these candidates","Bu adayları talep edin"
"availworkers.108","Available Workers","/available-workers","Kapanış çağrısı","","Message us on WhatsApp","Bize WhatsApp’tan yazın"
"availworkers.109","Available Workers","/available-workers","Kapanış çağrısı","","Send a hiring request","İşe alım talebi gönderin"
"availworkers.110","Available Workers","/available-workers","Kapanış çağrısı","yes","JobsAdmire · İŞKUR Private Employment Agency Permit No. 1730 · Antalya, Türkiye ·","JobsAdmire · İŞKUR Özel İstihdam Bürosu İzin No. 1730 · Antalya, Türkiye ·"
"availworkers.111","Available Workers","/available-workers","Alt bilgi (Footer)","","Call us","Bizi arayın"
"availworkers.112","Available Workers","/available-workers","Alt bilgi (Footer)","yes","Licensed workforce recruitment for employers in Turkey — overseas sourcing, vetting and work permits, end-to-end.","Türkiye’deki işverenler için lisanslı iş gücü temini — yurt dışı tedarik, inceleme ve çalışma izinleri, uçtan uca."
"availworkers.113","Available Workers","/available-workers","Alt bilgi (Footer)","","For Employers","İşverenler için"
"availworkers.114","Available Workers","/available-workers","Alt bilgi (Footer)","","Hiring Cost Calculator","İşçi Maliyet Hesaplama"
"availworkers.115","Available Workers","/available-workers","Alt bilgi (Footer)","","Company","Kurumsal"
"availworkers.116","Available Workers","/available-workers","Alt bilgi (Footer)","","Contact","İletişim"
"availworkers.117","Available Workers","/available-workers","Alt bilgi (Footer)","","Telegram · @jobsadmire","Telegram · @jobsadmire"
"availworkers.118","Available Workers","/available-workers","Alt bilgi (Footer)","","Antalya · Head office","Antalya · Merkez ofis"
"availworkers.119","Available Workers","/available-workers","Alt bilgi (Footer)","","Adnan Menderes Blv. No 7/6","Adnan Menderes Blv. No 7/6"
"availworkers.120","Available Workers","/available-workers","Alt bilgi (Footer)","","Muratpaşa, Antalya, Türkiye","Muratpaşa, Antalya, Türkiye"
"availworkers.121","Available Workers","/available-workers","Alt bilgi (Footer)","","Mon–Fri 09:00–18:00","Pzt–Cum 09:00–18:00"
"availworkers.122","Available Workers","/available-workers","Alt bilgi (Footer)","","Get directions","Yol tarifi alın"
"availworkers.123","Available Workers","/available-workers","Alt bilgi (Footer)","","Karachi · Tech office","Karaçi · Teknoloji ofisi"
"availworkers.124","Available Workers","/available-workers","Alt bilgi (Footer)","","Shahrah-e-Faisal","Shahrah-e-Faisal"
"availworkers.125","Available Workers","/available-workers","Alt bilgi (Footer)","","Karachi, Pakistan","Karaçi, Pakistan"
"availworkers.126","Available Workers","/available-workers","Alt bilgi (Footer)","","Mon–Sat 10:00–19:00 PKT","Pzt–Cmt 10:00–19:00 PKT"
"availworkers.127","Available Workers","/available-workers","Alt bilgi (Footer)","","WhatsApp Us →","WhatsApp’tan yazın →"
"availworkers.128","Available Workers","/available-workers","Alt bilgi (Footer)","","Get Our App","Uygulamamızı İndirin"
"availworkers.129","Available Workers","/available-workers","Alt bilgi (Footer)","","Workforce on the go","İş gücü her yerde yanınızda"
"availworkers.130","Available Workers","/available-workers","Alt bilgi (Footer)","","Approve candidates, track permits & get instant updates.","Adayları onaylayın, izinleri takip edin ve anlık bildirim alın."
"availworkers.131","Available Workers","/available-workers","Alt bilgi (Footer)","","GET IT ON","İNDİRİN"
"availworkers.132","Available Workers","/available-workers","Alt bilgi (Footer)","","DOWNLOAD ON THE","İNDİRİN"
"availworkers.133","Available Workers","/available-workers","Alt bilgi (Footer)","yes","İŞKUR permit No. 1730 · Job seekers are never charged a fee (law No. 4904) · Tax No: 48422122","İŞKUR izin No. 1730 · İş arayanlardan asla ücret alınmaz (4904 sayılı kanun) · Vergi No: 48422122"
"availworkers.134","Available Workers","/available-workers","Alt bilgi (Footer)","","Privacy","Gizlilik Politikası"
"availworkers.135","Available Workers","/available-workers","Alt bilgi (Footer)","","Terms","Kullanım Şartları"
"availworkers.136","Available Workers","/available-workers","Alt bilgi (Footer)","","© 2026 Jobs Admire","© 2026 Jobs Admire"
"availworkers.137","Available Workers","/available-workers","Alt bilgi (Footer)","","JobsAdmire app","JobsAdmire uygulaması"
"availworkers.138","Available Workers","/available-workers","Aday kartları ve filtreler","","Profile","Profil"
"availworkers.139","Available Workers","/available-workers","Aday kartları ve filtreler","","8+ yrs","8+ yıl"
"availworkers.140","Available Workers","/available-workers","Aday kartları ve filtreler","","available now","şimdi müsait"
"availworkers.141","Available Workers","/available-workers","Aday kartları ve filtreler","","Employer","İşveren"
"availworkers.142","Available Workers","/available-workers","Aday kartları ve filtreler","","Full CVs, documents and video interviews within 4 working hours.","4 iş saati içinde tam CV’ler, belgeler ve video mülakatlar."
"availworkers.143","Available Workers","/available-workers","Aday kartları ve filtreler","","Company name","Firma adı"
"availworkers.144","Available Workers","/available-workers","SSS","","Which roles and how many workers?","Hangi pozisyonlar ve kaç işçi?"
"availworkers.145","Available Workers","/available-workers","SSS","","City, sector and target start date (optional)","Şehir, sektör ve hedef başlangıç tarihi (isteğe bağlı)"
"availworkers.146","Available Workers","/available-workers","Aday kartları ve filtreler","","Request candidates →","Aday talep edin →"
"availworkers.147","Available Workers","/available-workers","Aday kartları ve filtreler","","HR agency","İK ajansı"
"availworkers.148","Available Workers","/available-workers","Aday kartları ve filtreler","","Supply for your clients","Müşterileriniz için tedarik"
"availworkers.149","Available Workers","/available-workers","Aday kartları ve filtreler","","We supply the workers and file the permits — your client stays yours.","İşçileri biz tedarik ederiz ve izinleri biz sunarız — müşteriniz sizin kalır."
"availworkers.150","Available Workers","/available-workers","Aday kartları ve filtreler","","Agency name","Ajans adı"
"availworkers.151","Available Workers","/available-workers","SSS","","Which roles do your clients need, and what volume?","Müşterileriniz hangi pozisyonlara ve ne hacimde ihtiyaç duyuyor?"
"availworkers.152","Available Workers","/available-workers","SSS","","Sectors you serve and cities (optional)","Hizmet verdiğiniz sektörler ve şehirler (isteğe bağlı)"
"availworkers.153","Available Workers","/available-workers","Aday kartları ve filtreler","","Request supply →","Tedarik talep edin →"
"availworkers.154","Available Workers","/available-workers","Aday kartları ve filtreler","","Antalya","Antalya"
"availworkers.155","Available Workers","/available-workers","Aday kartları ve filtreler","yes","İŞKUR Private Employment Agency Permit No. 1730","İŞKUR Özel İstihdam Bürosu İzin No. 1730"
"availworkers.156","Available Workers","/available-workers","Aday kartları ve filtreler","","Welder","Kaynakçı"
"availworkers.157","Available Workers","/available-workers","Aday kartları ve filtreler","","Pakistan","Pakistan"
"availworkers.158","Available Workers","/available-workers","Aday kartları ve filtreler","","Construction","İnşaat"
"availworkers.159","Available Workers","/available-workers","Aday kartları ve filtreler","","English (basic)","İngilizce (temel)"
"availworkers.160","Available Workers","/available-workers","Aday kartları ve filtreler","","MIG/TIG certified","MIG/TIG belgeli"
"availworkers.161","Available Workers","/available-workers","Aday kartları ve filtreler","","Gulf experience","Körfez deneyimi"
"availworkers.162","Available Workers","/available-workers","Aday kartları ve filtreler","","India","Hindistan"
"availworkers.163","Available Workers","/available-workers","Aday kartları ve filtreler","","Factory","Fabrika"
"availworkers.164","Available Workers","/available-workers","Aday kartları ve filtreler","","English (good)","İngilizce (iyi)"
"availworkers.165","Available Workers","/available-workers","Aday kartları ve filtreler","","Pipe welding","Boru kaynağı"
"availworkers.166","Available Workers","/available-workers","Aday kartları ve filtreler","","CNC Operator","CNC operatörü"
"availworkers.167","Available Workers","/available-workers","Aday kartları ve filtreler","","Uzbekistan","Özbekistan"
"availworkers.168","Available Workers","/available-workers","Aday kartları ve filtreler","","Turkish (basic), Russian","Türkçe (temel), Rusça"
"availworkers.169","Available Workers","/available-workers","Aday kartları ve filtreler","","Night shifts OK","Gece vardiyasına uygun"
"availworkers.170","Available Workers","/available-workers","Aday kartları ve filtreler","","Machine Operator","Makine Operatörü"
"availworkers.171","Available Workers","/available-workers","Aday kartları ve filtreler","","Nepal","Nepal"
"availworkers.172","Available Workers","/available-workers","Aday kartları ve filtreler","","Textile lines","Tekstil hatları"
"availworkers.173","Available Workers","/available-workers","Aday kartları ve filtreler","","Team of 4 available","4 kişilik ekip müsait"
"availworkers.174","Available Workers","/available-workers","Aday kartları ve filtreler","","Electrician","Elektrikçi"
"availworkers.175","Available Workers","/available-workers","Aday kartları ve filtreler","","Industrial wiring","Endüstriyel tesisat"
"availworkers.176","Available Workers","/available-workers","Aday kartları ve filtreler","","Site supervisor","Şantiye şefi"
"availworkers.177","Available Workers","/available-workers","Aday kartları ve filtreler","","Housekeeping","Kat hizmetleri"
"availworkers.178","Available Workers","/available-workers","Aday kartları ve filtreler","","Kyrgyzstan","Kırgızistan"
"availworkers.179","Available Workers","/available-workers","Aday kartları ve filtreler","","Hotel","Otel"
"availworkers.180","Available Workers","/available-workers","Aday kartları ve filtreler","","Turkish (good), Russian","Türkçe (iyi), Rusça"
"availworkers.181","Available Workers","/available-workers","Aday kartları ve filtreler","","5-star resort","5 yıldızlı tesis"
"availworkers.182","Available Workers","/available-workers","Aday kartları ve filtreler","","Season-ready","Sezona hazır"
"availworkers.183","Available Workers","/available-workers","Aday kartları ve filtreler","","Kitchen Steward","Mutfak Görevlisi"
"availworkers.184","Available Workers","/available-workers","Aday kartları ve filtreler","","Philippines","Filipinler"
"availworkers.185","Available Workers","/available-workers","Aday kartları ve filtreler","","English (fluent)","İngilizce (akıcı)"
"availworkers.186","Available Workers","/available-workers","Aday kartları ve filtreler","","Hotel chain","Otel zinciri"
"availworkers.187","Available Workers","/available-workers","Aday kartları ve filtreler","","HACCP trained","HACCP eğitimli"
"availworkers.188","Available Workers","/available-workers","Aday kartları ve filtreler","","Construction Labourer","İnşaat İşçisi"
"availworkers.189","Available Workers","/available-workers","Aday kartları ve filtreler","","Turkmenistan","Türkmenistan"
"availworkers.190","Available Workers","/available-workers","Aday kartları ve filtreler","","Turkish (basic)","Türkçe (temel)"
"availworkers.191","Available Workers","/available-workers","Aday kartları ve filtreler","","Team of 12","12 kişilik ekip"
"availworkers.192","Available Workers","/available-workers","Aday kartları ve filtreler","","Formwork","Kalıp işi"
"availworkers.193","Available Workers","/available-workers","Aday kartları ve filtreler","","Greenhouse Worker","Sera işçisi"
"availworkers.194","Available Workers","/available-workers","Aday kartları ve filtreler","","Agriculture","Tarım"
"availworkers.195","Available Workers","/available-workers","Aday kartları ve filtreler","","Tomato & pepper","Domates ve biber"
"availworkers.196","Available Workers","/available-workers","Aday kartları ve filtreler","","Team of 8","8 kişilik ekip"
"availworkers.197","Available Workers","/available-workers","Aday kartları ve filtreler","","Plumber","Tesisatçı"
"availworkers.198","Available Workers","/available-workers","Aday kartları ve filtreler","","Hotel projects","Otel projeleri"
"availworkers.199","Available Workers","/available-workers","Aday kartları ve filtreler","","Waiter","Garson"
"availworkers.200","Available Workers","/available-workers","Aday kartları ve filtreler","","Turkish (good), Russian, English","Türkçe (iyi), Rusça, İngilizce"
"availworkers.201","Available Workers","/available-workers","Aday kartları ve filtreler","","A la carte","A la carte"
"availworkers.202","Available Workers","/available-workers","Aday kartları ve filtreler","","Antalya season","Antalya sezonu"
"availworkers.203","Available Workers","/available-workers","Aday kartları ve filtreler","","Textile Machine Operator","Tekstil Makine Operatörü"
"availworkers.204","Available Workers","/available-workers","Aday kartları ve filtreler","","Bangladesh","Bangladeş"
"availworkers.205","Available Workers","/available-workers","Aday kartları ve filtreler","","Knitting lines","Örme hatları"
"availworkers.206","Available Workers","/available-workers","Aday kartları ve filtreler","","Team leader","Ekip lideri"
"availworkers.207","Available Workers","/available-workers","Aday kartları ve filtreler","","Available now","Şimdi müsait"
"availworkers.208","Available Workers","/available-workers","Aday kartları ve filtreler","","Within 30 days","30 gün içinde"
"availworkers.209","Available Workers","/available-workers","Aday kartları ve filtreler","","Next season","Gelecek sezon"
"availworkers.210","Available Workers","/available-workers","SSS","","How current is this list?","Bu liste ne kadar güncel?"
"availworkers.211","Available Workers","/available-workers","SSS","","The profiles here are a live sample of our portal, refreshed weekly. Our full pool holds 200+ verified CVs, so if you cannot see the profession you need, ask — matching profiles usually reach you the same day.","Buradaki profiller portalımızın canlı bir örneğidir ve haftalık olarak yenilenir. Tam havuzumuzda 200+ doğrulanmış CV var; aradığınız mesleği göremiyorsanız sorun — eşleşen profiller genellikle aynı gün size ulaşır."
"availworkers.212","Available Workers","/available-workers","SSS","","Why are names and photos hidden?","İsimler ve fotoğraflar neden gizli?"
"availworkers.213","Available Workers","/available-workers","SSS","yes","Candidate data is protected under KVKK, so public profiles are anonymised. Once you request a profile, we share the full CV, documents, photo and the recorded video interview with you directly.","Aday verileri KVKK kapsamında korunur, bu yüzden herkese açık profiller anonimleştirilir. Bir profil talep ettiğinizde tam CV’yi, belgeleri, fotoğrafı ve kayıtlı video mülakatı doğrudan sizinle paylaşırız."
"availworkers.214","Available Workers","/available-workers","SSS","","Can I interview the candidate before deciding?","Karar vermeden önce adayla mülakat yapabilir miyim?"
"availworkers.215","Available Workers","/available-workers","SSS","","Yes, and we recommend it. After you request a profile you get the recorded interview first, then we arrange a live video call with the candidate. Nothing is signed until you approve the person.","Evet ve öneriyoruz. Bir profil talep ettikten sonra önce kayıtlı mülakatı alırsınız, ardından adayla canlı görüntülü görüşme ayarlarız. Kişiyi onaylamadan hiçbir şey imzalanmaz."
"availworkers.216","Available Workers","/available-workers","SSS","","Is a candidate reserved once I request them?","Bir adayı talep ettiğimde rezerve edilir mi?"
"availworkers.217","Available Workers","/available-workers","SSS","","We hold a profile for you while your decision is pending, and tell you honestly if another employer is also in process for the same person. If someone is taken, we send equivalent profiles from the pool.","Kararınız beklerken profili sizin için tutuyoruz ve aynı kişi için başka bir işverenin de süreçte olup olmadığını dürüstçe söylüyoruz. Biri alınmışsa havuzdan eşdeğer profiller gönderiyoruz."
"availworkers.218","Available Workers","/available-workers","SSS","","Who files the work permit for these candidates?","Bu adaylar için çalışma iznini kim sunar?"
"availworkers.219","Available Workers","/available-workers","SSS","","How fast can a candidate from this page start?","Bu sayfadaki bir aday ne kadar hızlı başlayabilir?"
"availworkers.220","Available Workers","/available-workers","SSS","","Because these profiles are already skill-tested and permit-ready, the file goes to the Ministry within days of your approval. Workers already in Turkey typically start in 4–6 weeks; candidates abroad in about 8–10 weeks.","Bu profiller zaten beceri testinden geçmiş ve izne hazır olduğu için dosya, onayınızdan günler sonra Bakanlığa gider. Türkiye’de bulunan işçiler genellikle 4–6 haftada, yurt dışındaki adaylar yaklaşık 8–10 haftada başlar."
"availworkers.221","Available Workers","/available-workers","SSS","","What if the worker leaves or does not perform?","İşçi ayrılırsa veya beklentiyi karşılamazsa ne olur?"
"availworkers.222","Available Workers","/available-workers","SSS","","Do I pay anything to see the profiles?","Profilleri görmek için bir ödeme yapıyor muyum?"
"availworkers.223","Available Workers","/available-workers","SSS","","No. Browsing, requesting CVs and interviewing candidates costs nothing, and there is no upfront fee. Commercial terms are agreed in writing before any placement.","Hayır. Göz atmak, CV talep etmek ve adaylarla mülakat yapmak ücretsizdir ve peşin ücret yoktur. Ticari koşullar herhangi bir yerleştirmeden önce yazılı olarak kararlaştırılır."
"availworkers.224","Available Workers","/available-workers","Aday kartları ve filtreler","","Hello JobsAdmire, I want to hire workers.","Merhaba JobsAdmire, işçi talebinde bulunmak istiyorum."
"availworkers.225","Available Workers","/available-workers","Aday kartları ve filtreler","","Updated weekly","Haftalık güncellenir"
"availworkers.226","Available Workers","/available-workers","Aday kartları ve filtreler","","Showing","Gösteriliyor"
"availworkers.227","Available Workers","/available-workers","Aday kartları ve filtreler","","Soonest available","En erken müsait"
"availworkers.228","Available Workers","/available-workers","Aday kartları ve filtreler","","Most experience","En fazla deneyim"
"availworkers.229","Available Workers","/available-workers","Aday kartları ve filtreler","","Recently added","Yeni eklenen"
"availworkers.230","Available Workers","/available-workers","Aday kartları ve filtreler","","Profession A–Z","Meslek A–Z"
"availworkers.231","Available Workers","/available-workers","Aday kartları ve filtreler","","more)","daha)"
"availworkers.232","Available Workers","/available-workers","Aday kartları ve filtreler","","profile attached","profil eklendi"
"availworkers.233","Available Workers","/available-workers","Aday kartları ve filtreler","","profiles attached","profil eklendi"
"availworkers.234","Available Workers","/available-workers","Aday kartları ve filtreler","","Hide ▲","Gizle ▲"
"availworkers.235","Available Workers","/available-workers","Aday kartları ve filtreler","","Show ▼","Göster ▼"
"availworkers.236","Available Workers","/available-workers","Aday kartları ve filtreler","","All professions","Tüm meslekler"
"availworkers.237","Available Workers","/available-workers","Aday kartları ve filtreler","","All countries","Tüm ülkeler"
"availworkers.238","Available Workers","/available-workers","Aday kartları ve filtreler","","All industries","Tüm sektörler"
"availworkers.239","Available Workers","/available-workers","Aday kartları ve filtreler","","Any experience","Her deneyim"
"availworkers.240","Available Workers","/available-workers","Aday kartları ve filtreler","","0–3 years","0–3 yıl"
"availworkers.241","Available Workers","/available-workers","Aday kartları ve filtreler","","4–7 years","4–7 yıl"
"availworkers.242","Available Workers","/available-workers","Aday kartları ve filtreler","","8+ years","8+ yıl"
"availworkers.243","Available Workers","/available-workers","Aday kartları ve filtreler","","Any language","Her dil"
"availworkers.244","Available Workers","/available-workers","Aday kartları ve filtreler","","Speaks Turkish","Türkçe konuşuyor"
"availworkers.245","Available Workers","/available-workers","Aday kartları ve filtreler","","Good English","İyi İngilizce"
"availworkers.246","Available Workers","/available-workers","Aday kartları ve filtreler","","Any time","Her zaman"
"availworkers.247","Available Workers","/available-workers","Aday kartları ve filtreler","","New","Yeni"
"availworkers.248","Available Workers","/available-workers","Aday kartları ve filtreler","","yrs experience","yıl deneyim"
"availworkers.249","Available Workers","/available-workers","Aday kartları ve filtreler","","Added to request","Talebe eklendi"
"availworkers.250","Available Workers","/available-workers","Aday kartları ve filtreler","","Add to request","Talebe ekle"
"success.001","Success Stories","/success-stories","Menü ve genel etiketler","yes","İŞKUR Licensed · Permit No. 1730","İŞKUR Lisanslı · İzin No. 1730"
"success.002","Success Stories","/success-stories","Menü ve genel etiketler","yes","İŞKUR · 1730","İŞKUR · 1730"
"success.003","Success Stories","/success-stories","Menü ve genel etiketler","","info@jobsadmire.com","info@jobsadmire.com"
"success.004","Success Stories","/success-stories","Menü ve genel etiketler","","Blog","Blog"
"success.005","Success Stories","/success-stories","Menü ve genel etiketler","","Join Our Team","Ekibimize Katılın"
"success.006","Success Stories","/success-stories","Menü ve genel etiketler","","Verify a Representative","Temsilci Doğrulama"
"success.007","Success Stories","/success-stories","Menü ve genel etiketler","","CRM Login","CRM Girişi"
"success.008","Success Stories","/success-stories","Menü ve genel etiketler","","About Us","Hakkımızda"
"success.009","Success Stories","/success-stories","Menü ve genel etiketler","","Hire Workers","İşçi Talebi"
"success.010","Success Stories","/success-stories","Menü ve genel etiketler","","Candidates","Adaylar"
"success.011","Success Stories","/success-stories","Menü ve genel etiketler","","Work Permits","Çalışma İzinleri"
"success.012","Success Stories","/success-stories","Menü ve genel etiketler","","Cost Calculator","Maliyet Hesaplama"
"success.013","Success Stories","/success-stories","Menü ve genel etiketler","","Success Stories","Başarı Hikâyeleri"
"success.014","Success Stories","/success-stories","Menü ve genel etiketler","","Contact Us","İletişim"
"success.015","Success Stories","/success-stories","Menü ve genel etiketler","","Partner With Us","İş Ortağı Olun"
"success.016","Success Stories","/success-stories","Menü ve genel etiketler","","Request","Talep"
"success.017","Success Stories","/success-stories","Menü ve genel etiketler","","Workers","Oluştur"
"success.018","Success Stories","/success-stories","Menü ve genel etiketler","","Language","Dil"
"success.019","Success Stories","/success-stories","Menü ve genel etiketler","","Blog & Guides","Blog ve Rehberler"
"success.020","Success Stories","/success-stories","Menü ve genel etiketler","","CRM Login →","CRM Girişi →"
"success.021","Success Stories","/success-stories","Menü ve genel etiketler","","Menu","Menü"
"success.022","Success Stories","/success-stories","Üst bölüm (Hero)","","Home","Ana Sayfa"
"success.023","Success Stories","/success-stories","Üst bölüm (Hero)","","Approved.","Onaylandı."
"success.024","Success Stories","/success-stories","Üst bölüm (Hero)","","Not just promised.","Sadece vaat edilmedi."
"success.025","Success Stories","/success-stories","Üst bölüm (Hero)","","Below are the actual work permit approvals we obtained for employers in Turkey — the sector, the headcount and the month. Personal details are removed; the approvals are not.","Aşağıda, Türkiye’deki işverenler için aldığımız gerçek çalışma izni onayları var — sektör, kişi sayısı ve ay. Kişisel bilgiler çıkarıldı; onaylar çıkarılmadı."
"success.026","Success Stories","/success-stories","Üst bölüm (Hero)","","Discuss your case","Durumunuzu görüşün"
"success.027","Success Stories","/success-stories","Üst bölüm (Hero)","","Estimate your cost","Maliyetinizi hesaplayın"
"success.028","Success Stories","/success-stories","Üst bölüm (Hero)","","Workers placed with Turkish employers","Türk işverenlere yerleştirilen işçi"
"success.029","Success Stories","/success-stories","Üst bölüm (Hero)","","Employers served since 2019","2019’dan bu yana hizmet verilen işveren"
"success.030","Success Stories","/success-stories","Üst bölüm (Hero)","","days","gün"
"success.031","Success Stories","/success-stories","Üst bölüm (Hero)","","Average job order to first shift","Ortalama iş emrinden ilk vardiyaya"
"success.032","Success Stories","/success-stories","Üst bölüm (Hero)","","Still employed after 12 months","12 ay sonra hâlâ çalışıyor"
"success.033","Success Stories","/success-stories","Üst bölüm (Hero)","","Still to replace:","Hâlâ değiştirilecek:"
"success.034","Success Stories","/success-stories","Üst bölüm (Hero)","","the four figures above and the three employer quotes further down are placeholders. The approvals below come from the CRM feed — add real testimonials only with written permission.","yukarıdaki dört sayı ve aşağıdaki üç işveren yorumu yer tutucudur. Aşağıdaki onaylar CRM akışından gelir — gerçek referansları yalnızca yazılı izinle ekleyin."
"success.035","Success Stories","/success-stories","İzin onayları","","Permit approvals","İzin onayları"
"success.036","Success Stories","/success-stories","İzin onayları","","Every approval, by sector","Sektöre göre her onay"
"success.037","Success Stories","/success-stories","İzin onayları","yes","Ministry of Labour work permit approvals issued for our client employers. Names, passport numbers and ID numbers are blacked out — the stamp, the date and the decision are not.","Müşteri işverenlerimiz için Çalışma Bakanlığı tarafından verilen çalışma izni onayları. İsimler, pasaport ve kimlik numaraları karartıldı — kaşe, tarih ve karar karartılmadı."
"success.038","Success Stories","/success-stories","İzin onayları","","How permits work","İzinler nasıl işler"
"success.039","Success Stories","/success-stories","İzin onayları","","Swipe →","Kaydırın →"
"success.040","Success Stories","/success-stories","İzin onayları","","Approved","Onaylandı"
"success.041","Success Stories","/success-stories","İzin onayları","","work permits","çalışma izni"
"success.042","Success Stories","/success-stories","İzin onayları","","Names watermarked & blacked out automatically","İsimler otomatik olarak filigranlanır ve karartılır"
"success.043","Success Stories","/success-stories","İzin onayları","","No approval published in that sector yet","Bu sektörde henüz yayınlanmış onay yok"
"success.044","Success Stories","/success-stories","İzin onayları","","We have probably done it — the document just is not uploaded. Ask us and we will show you one.","Muhtemelen yaptık — belge sadece yüklenmemiş. Bize sorun, size bir tanesini gösterelim."
"success.045","Success Stories","/success-stories","İzin onayları","","Show all sectors","Tüm sektörleri göster"
"success.046","Success Stories","/success-stories","Saklamadığımız sayılar","","Numbers we do not hide","Sakladığımız sayılar değil"
"success.047","Success Stories","/success-stories","Saklamadığımız sayılar","","Nobody places 100% of people on time","Kimse insanların %100’ünü zamanında yerleştiremez"
"success.048","Success Stories","/success-stories","Saklamadığımız sayılar","","Any agency showing you only wins is hiding the file that went wrong. These are ours, from the same CRM the good numbers come from.","Size yalnızca başarıları gösteren her ajans, ters giden dosyayı saklıyordur. Bunlar bizimkiler — iyi sayıların geldiği aynı CRM’den."
"success.049","Success Stories","/success-stories","Saklamadığımız sayılar","","Permits rejected first time","İlk seferde reddedilen izinler"
"success.050","Success Stories","/success-stories","Saklamadığımız sayılar","","Almost always a missing or expired document on the employer side. All were re-filed and approved.","Neredeyse her zaman işveren tarafında eksik veya süresi geçmiş bir belge. Tümü yeniden sunuldu ve onaylandı."
"success.051","Success Stories","/success-stories","Saklamadığımız sayılar","","+19 days","+19 gün"
"success.052","Success Stories","/success-stories","Saklamadığımız sayılar","","Average delay when files were incomplete","Dosyalar eksik olduğunda ortalama gecikme"
"success.053","Success Stories","/success-stories","Saklamadığımız sayılar","","This is why we check quota and SGK records before we take the order, not after.","Bu yüzden kotayı ve SGK kayıtlarını iş emrini almadan önce kontrol ediyoruz, sonra değil."
"success.054","Success Stories","/success-stories","Saklamadığımız sayılar","","Replaced in the first 3 months","İlk 3 ayda değiştirilenler"
"success.055","Success Stories","/success-stories","Saklamadığımız sayılar","","Replacement is free inside the guarantee period. Most cases are housing or shift expectations, not skill.","Garanti süresi içinde değişim ücretsizdir. Vakaların çoğu konaklama veya vardiya beklentisiyle ilgilidir, beceriyle değil."
"success.056","Success Stories","/success-stories","Saklamadığımız sayılar","","Job orders we declined","Reddettiğimiz iş emirleri"
"success.057","Success Stories","/success-stories","Saklamadığımız sayılar","yes","No quota, unpaid SGK, or wages below the legal minimum. We would rather lose the order than the licence.","Kota yok, SGK ödenmemiş veya ücretler yasal asgarinin altında. Lisansımızı kaybetmek yerine iş emrini kaybetmeyi tercih ederiz."
"success.058","Success Stories","/success-stories","İşveren yorumları","","In their words","Kendi sözleriyle"
"success.059","Success Stories","/success-stories","İşveren yorumları","","What employers say when the season is over","Sezon bittiğinde işverenler ne diyor"
"success.060","Success Stories","/success-stories","İşveren yorumları","","“The part that surprised me was the paperwork. We signed, sent our documents once, and never had to chase the permit office ourselves.”","“Beni en çok şaşırtan, evrak sürecinin bu kadar kolay ilerlemesiydi. Belgelerimizi ilettikten sonra tüm süreci onlar takip etti; bizim ayrıca herhangi bir işlemle uğraşmamıza gerek kalmadı.”"
"success.061","Success Stories","/success-stories","İşveren yorumları","","HR Manager","İK Müdürü"
"success.062","Success Stories","/success-stories","İşveren yorumları","","Hotel group · Kemer","Otel grubu · Kemer"
"success.063","Success Stories","/success-stories","İşveren yorumları","","“Two of the welders were not what we needed. They were replaced in three weeks with no argument and no extra invoice.”","“Kaynakçılardan ikisi ihtiyacımız olan kişiler değildi. Üç hafta içinde tartışmasız ve ek fatura olmadan değiştirildiler.”"
"success.064","Success Stories","/success-stories","İşveren yorumları","","Site Chief","Şantiye Şefi"
"success.065","Success Stories","/success-stories","İşveren yorumları","","Contractor · Ankara","Müteahhit · Ankara"
"success.066","Success Stories","/success-stories","İşveren yorumları","","“They told us in the first meeting that our quota only allowed nine people. Another agency had promised us thirty.”","“İlk görüşmede kotamızın yalnızca dokuz kişiye izin verdiğini söylediler. Başka bir ajans bize otuz kişi vaat etmişti.”"
"success.067","Success Stories","/success-stories","İşveren yorumları","","Factory Owner","Fabrika Sahibi"
"success.068","Success Stories","/success-stories","İşveren yorumları","","Plastics · Gaziantep","Plastik · Gaziantep"
"success.069","Success Stories","/success-stories","İşveren yorumları","","Placeholder quotes. Replace with signed testimonials before publishing — we can add company names and logos where you have written permission.","Yer tutucu yorumlar. Yayınlamadan önce imzalı referanslarla değiştirin — yazılı izniniz olan yerlerde şirket adlarını ve logolarını ekleyebiliriz."
"success.070","Success Stories","/success-stories","İşçi tarafı","","The other side","Diğer taraf"
"success.071","Success Stories","/success-stories","İşçi tarafı","","The worker paid nothing to get there","İşçi oraya gitmek için hiçbir şey ödemedi"
"success.072","Success Stories","/success-stories","İşçi tarafı","","A placement is only a success if it worked for both sides. The person taking the job never pays us anything — not for the job, the permit or the visa.","Bir yerleştirme, ancak iki taraf için de işe yaradıysa başarılıdır. İşi alan kişi bize hiçbir şey ödemez — ne iş, ne izin, ne de vize için."
"success.073","Success Stories","/success-stories","İşçi tarafı","","See who is available now →","Şimdi kimlerin müsait olduğunu görün →"
"success.074","Success Stories","/success-stories","İşçi tarafı","","Took a trade test at a partner institute, was hired at the tested rate and not below it. Now trains two new arrivals on the same site.","Partner bir enstitüde meslek sınavına girdi, test edilen ücretle ve altında olmayan bir ücretle işe alındı. Şimdi aynı sahada iki yeni gelen kişiyi eğitiyor."
"success.075","Success Stories","/success-stories","İşçi tarafı","","Paid 0 · 22 months on the job","0 ödedi · 22 aydır işte"
"success.076","Success Stories","/success-stories","İşçi tarafı","","Room attendant · Nepal → Antalya","Kat görevlisi · Nepal → Antalya"
"success.077","Success Stories","/success-stories","İşçi tarafı","","Was asked for a “visa fee” by a local broker before she found us. She reported it, and we placed her with no charge.","Bizi bulmadan önce yerel bir aracı ondan “vize ücreti” istedi. Bunu bildirdi ve onu ücretsiz yerleştirdik."
"success.078","Success Stories","/success-stories","İşçi tarafı","","Paid 0 · second season with the same hotel","0 ödedi · aynı otelde ikinci sezon"
"success.079","Success Stories","/success-stories","Kapanış çağrısı","","Tell us the roles and the date you need them working","Pozisyonları ve çalışmaya başlamalarını istediğiniz tarihi bize söyleyin"
"success.080","Success Stories","/success-stories","Kapanış çağrısı","","We will tell you in the first call whether your quota allows it, what it costs, and the earliest realistic start date. If it cannot be done legally, we will say so.","İlk görüşmede kotanızın buna izin verip vermediğini, maliyetini ve en erken gerçekçi başlangıç tarihini söyleyeceğiz. Yasal olarak yapılamıyorsa, bunu da söyleyeceğiz."
"success.081","Success Stories","/success-stories","Kapanış çağrısı","","Send us the job order","İş emrini bize gönderin"
"success.082","Success Stories","/success-stories","Kapanış çağrısı","","Book a 15-minute call","15 dakikalık görüşme ayarlayın"
"success.083","Success Stories","/success-stories","Kapanış çağrısı","","Or estimate the cost yourself →","Ya da maliyeti kendiniz hesaplayın →"
"success.084","Success Stories","/success-stories","Alt bilgi (Footer)","","Call us","Bizi arayın"
"success.085","Success Stories","/success-stories","Alt bilgi (Footer)","yes","Licensed workforce recruitment for employers in Turkey — overseas sourcing, vetting and work permits, end-to-end.","Türkiye’deki işverenler için lisanslı iş gücü temini — yurt dışı tedarik, inceleme ve çalışma izinleri, uçtan uca."
"success.086","Success Stories","/success-stories","Alt bilgi (Footer)","","For Employers","İşverenler için"
"success.087","Success Stories","/success-stories","Alt bilgi (Footer)","","Available Workers","Mevcut İşçiler"
"success.088","Success Stories","/success-stories","Alt bilgi (Footer)","","Hiring Cost Calculator","İşçi Maliyet Hesaplama"
"success.089","Success Stories","/success-stories","Alt bilgi (Footer)","","Company","Kurumsal"
"success.090","Success Stories","/success-stories","Alt bilgi (Footer)","","Contact","İletişim"
"success.091","Success Stories","/success-stories","Alt bilgi (Footer)","","Telegram · @jobsadmire","Telegram · @jobsadmire"
"success.092","Success Stories","/success-stories","Alt bilgi (Footer)","","Antalya · Head office","Antalya · Merkez ofis"
"success.093","Success Stories","/success-stories","Alt bilgi (Footer)","","Adnan Menderes Blv. No 7/6","Adnan Menderes Blv. No 7/6"
"success.094","Success Stories","/success-stories","Alt bilgi (Footer)","","Muratpaşa, Antalya, Türkiye","Muratpaşa, Antalya, Türkiye"
"success.095","Success Stories","/success-stories","Alt bilgi (Footer)","","Mon–Fri 09:00–18:00","Pzt–Cum 09:00–18:00"
"success.096","Success Stories","/success-stories","Alt bilgi (Footer)","","Get directions","Yol tarifi alın"
"success.097","Success Stories","/success-stories","Alt bilgi (Footer)","","Karachi · Tech office","Karaçi · Teknoloji ofisi"
"success.098","Success Stories","/success-stories","Alt bilgi (Footer)","","Shahrah-e-Faisal","Shahrah-e-Faisal"
"success.099","Success Stories","/success-stories","Alt bilgi (Footer)","","Karachi, Pakistan","Karaçi, Pakistan"
"success.100","Success Stories","/success-stories","Alt bilgi (Footer)","","Mon–Sat 10:00–19:00 PKT","Pzt–Cmt 10:00–19:00 PKT"
"success.101","Success Stories","/success-stories","Alt bilgi (Footer)","","WhatsApp Us →","WhatsApp’tan yazın →"
"success.102","Success Stories","/success-stories","Alt bilgi (Footer)","","Get Our App","Uygulamamızı İndirin"
"success.103","Success Stories","/success-stories","Alt bilgi (Footer)","","Workforce on the go","İş gücü her yerde yanınızda"
"success.104","Success Stories","/success-stories","Alt bilgi (Footer)","","Approve candidates, track permits & get instant updates.","Adayları onaylayın, izinleri takip edin ve anlık bildirim alın."
"success.105","Success Stories","/success-stories","Alt bilgi (Footer)","","GET IT ON","İNDİRİN"
"success.106","Success Stories","/success-stories","Alt bilgi (Footer)","","DOWNLOAD ON THE","İNDİRİN"
"success.107","Success Stories","/success-stories","Alt bilgi (Footer)","yes","İŞKUR permit No. 1730 · Job seekers are never charged a fee (law No. 4904) · Tax No: 48422122","İŞKUR izin No. 1730 · İş arayanlardan asla ücret alınmaz (4904 sayılı kanun) · Vergi No: 48422122"
"success.108","Success Stories","/success-stories","Alt bilgi (Footer)","","Privacy","Gizlilik Politikası"
"success.109","Success Stories","/success-stories","Alt bilgi (Footer)","","Terms","Kullanım Şartları"
"success.110","Success Stories","/success-stories","Alt bilgi (Footer)","","© 2026 Jobs Admire","© 2026 Jobs Admire"
"success.111","Success Stories","/success-stories","Alt bilgi (Footer)","","JobsAdmire app","JobsAdmire uygulaması"
"success.112","Success Stories","/success-stories","Onay kayıtları ve sistem mesajları","","Room attendants, kitchen porters, laundry","Kat görevlileri, mutfak yardımcıları, çamaşırhane"
"success.113","Success Stories","/success-stories","Onay kayıtları ve sistem mesajları","","Formwork carpenters, steel fixers, welders","Kalıp marangozları, demir bağlama işçileri, kaynakçılar"
"success.114","Success Stories","/success-stories","Onay kayıtları ve sistem mesajları","","Machine operators, packers","Makine operatörleri, paketleyiciler"
"success.115","Success Stories","/success-stories","Onay kayıtları ve sistem mesajları","","Greenhouse and packhouse workers","Sera ve paketleme evi işçileri"
"success.116","Success Stories","/success-stories","Onay kayıtları ve sistem mesajları","","Pickers and forklift operators","Toplayıcılar ve forklift operatörleri"
"success.117","Success Stories","/success-stories","Onay kayıtları ve sistem mesajları","","Cooks, dishwashers, service staff","Aşçılar, bulaşıkçılar, servis personeli"
"success.118","Success Stories","/success-stories","Onay kayıtları ve sistem mesajları","","Housekeeping and pool staff","Kat hizmetleri ve havuz personeli"
"success.119","Success Stories","/success-stories","Onay kayıtları ve sistem mesajları","","Kyrgyzstan","Kırgızistan"
"success.120","Success Stories","/success-stories","Onay kayıtları ve sistem mesajları","","Concrete workers and site labour","Beton işçileri ve şantiye işgücü"
"success.121","Success Stories","/success-stories","Onay kayıtları ve sistem mesajları","","Pakistan","Pakistan"
"success.122","Success Stories","/success-stories","Onay kayıtları ve sistem mesajları","","Textile machine operators","Tekstil makine operatörleri"
"success.123","Success Stories","/success-stories","Onay kayıtları ve sistem mesajları","","India","Hindistan"
"success.124","Success Stories","/success-stories","Onay kayıtları ve sistem mesajları","","All sectors","Tüm sektörler"
"success.125","Success Stories","/success-stories","Onay kayıtları ve sistem mesajları","","Hotels & tourism","Otel ve turizm"
"success.126","Success Stories","/success-stories","Onay kayıtları ve sistem mesajları","","Construction","İnşaat"
"success.127","Success Stories","/success-stories","Onay kayıtları ve sistem mesajları","","Factory","Fabrika"
"success.128","Success Stories","/success-stories","Onay kayıtları ve sistem mesajları","","Agriculture","Tarım"
"success.129","Success Stories","/success-stories","Onay kayıtları ve sistem mesajları","","Logistics","Lojistik"
"success.130","Success Stories","/success-stories","Onay kayıtları ve sistem mesajları","","Restaurants","Restoranlar"
"success.131","Success Stories","/success-stories","Onay kayıtları ve sistem mesajları","","Loading from CRM…","CRM'den yükleniyor…"
"success.132","Success Stories","/success-stories","Onay kayıtları ve sistem mesajları","","Live from CRM","CRM'den canlı"
"success.133","Success Stories","/success-stories","Onay kayıtları ve sistem mesajları","","CRM connected · no approvals published yet","CRM bağlı · henüz yayınlanmış onay yok"
"success.134","Success Stories","/success-stories","Onay kayıtları ve sistem mesajları","","Showing sample data · CRM feed not reachable","Örnek veri gösteriliyor · CRM akışına ulaşılamıyor"
"success.135","Success Stories","/success-stories","Onay kayıtları ve sistem mesajları","","Show fewer approvals","Daha az onay göster"
"success.136","Success Stories","/success-stories","Onay kayıtları ve sistem mesajları","","Show all approvals","Tüm onayları göster"
"success.137","Success Stories","/success-stories","Onay kayıtları ve sistem mesajları","","Hello JobsAdmire, I want to hire workers.","Merhaba JobsAdmire, işçi talebinde bulunmak istiyorum."
"success.138","Success Stories","/success-stories","Onay kayıtları ve sistem mesajları","","permits approved ·","izin onaylandı ·"
"success.139","Success Stories","/success-stories","Onay kayıtları ve sistem mesajları","","live from CRM","CRM’den canlı"
"success.140","Success Stories","/success-stories","Onay kayıtları ve sistem mesajları","","sample data","örnek veri"
"success.141","Success Stories","/success-stories","Onay kayıtları ve sistem mesajları","","Showing all","Tümü gösteriliyor"
"success.142","Success Stories","/success-stories","Onay kayıtları ve sistem mesajları","","Showing","Gösteriliyor"
"success.143","Success Stories","/success-stories","Onay kayıtları ve sistem mesajları","","Approvals are published automatically from the CRM. Each document is watermarked on the page and the name area is blacked out from the redaction boxes stored with the file.","Onaylar CRM’den otomatik olarak yayınlanır. Her belge sayfada filigranlanır ve isim alanı, dosyayla birlikte saklanan karartma kutularıyla karartılır."
"success.144","Success Stories","/success-stories","Onay kayıtları ve sistem mesajları","","Latest approvals","En son onaylar"
"success.145","Success Stories","/success-stories","Onay kayıtları ve sistem mesajları","","Latest —","En son —"
"success.146","Success Stories","/success-stories","Onay kayıtları ve sistem mesajları","","Hide proof ↑","Kanıtı gizle ↑"
"success.147","Success Stories","/success-stories","Onay kayıtları ve sistem mesajları","","View proof ↓","Kanıtı görüntüle ↓"
"success.148","Success Stories","/success-stories","Onay kayıtları ve sistem mesajları","","approval documents · swipe · covers","onay belgesi · kaydırın · kapsıyor"
"success.149","Success Stories","/success-stories","Onay kayıtları ve sistem mesajları","","1 approval document · covers","1 onay belgesi · kapsıyor"
"success.150","Success Stories","/success-stories","Onay kayıtları ve sistem mesajları","","Approval on file ·","Dosyada onay ·"
"success.151","Success Stories","/success-stories","Onay kayıtları ve sistem mesajları","","workers covered","işçiyi kapsıyor"
"blog.001","Blog","/blog","Menü ve genel etiketler","yes","İŞKUR Licensed · Permit No. 1730","İŞKUR Lisanslı · İzin No. 1730"
"blog.002","Blog","/blog","Menü ve genel etiketler","yes","İŞKUR · 1730","İŞKUR · 1730"
"blog.003","Blog","/blog","Menü ve genel etiketler","","info@jobsadmire.com","info@jobsadmire.com"
"blog.004","Blog","/blog","Menü ve genel etiketler","","Blog","Blog"
"blog.005","Blog","/blog","Menü ve genel etiketler","","Join Our Team","Ekibimize Katılın"
"blog.006","Blog","/blog","Menü ve genel etiketler","","Verify a Representative","Temsilci Doğrulama"
"blog.007","Blog","/blog","Menü ve genel etiketler","","CRM Login","CRM Girişi"
"blog.008","Blog","/blog","Menü ve genel etiketler","","About Us","Hakkımızda"
"blog.009","Blog","/blog","Menü ve genel etiketler","","Hire Workers","İşçi Talebi"
"blog.010","Blog","/blog","Menü ve genel etiketler","","Candidates","Adaylar"
"blog.011","Blog","/blog","Menü ve genel etiketler","","Work Permits","Çalışma İzinleri"
"blog.012","Blog","/blog","Menü ve genel etiketler","","Cost Calculator","Maliyet Hesaplama"
"blog.013","Blog","/blog","Menü ve genel etiketler","","Success Stories","Başarı Hikâyeleri"
"blog.014","Blog","/blog","Menü ve genel etiketler","","Contact Us","İletişim"
"blog.015","Blog","/blog","Menü ve genel etiketler","","Partner With Us","İş Ortağı Olun"
"blog.016","Blog","/blog","Menü ve genel etiketler","","Request","Talep"
"blog.017","Blog","/blog","Menü ve genel etiketler","","Workers","Oluştur"
"blog.018","Blog","/blog","Menü ve genel etiketler","","Language","Dil"
"blog.019","Blog","/blog","Menü ve genel etiketler","","Blog & Guides","Blog ve Rehberler"
"blog.020","Blog","/blog","Menü ve genel etiketler","","CRM Login →","CRM Girişi →"
"blog.021","Blog","/blog","Menü ve genel etiketler","","Menu","Menü"
"blog.022","Blog","/blog","Üst bölüm (Hero)","","Home","Ana Sayfa"
"blog.023","Blog","/blog","Üst bölüm (Hero)","","Written by our","Yazan:"
"blog.024","Blog","/blog","Üst bölüm (Hero)","","permit & recruitment team","izin ve işe alım ekibimiz"
"blog.025","Blog","/blog","Üst bölüm (Hero)","","English & Türkçe","İngilizce ve Türkçe"
"blog.026","Blog","/blog","Üst bölüm (Hero)","","— 2 languages","— 2 dil"
"blog.027","Blog","/blog","Üst bölüm (Hero)","","Work permit guide for employers — 2026","İşverenler için çalışma izni rehberi — 2026"
"blog.028","Blog","/blog","Üst bölüm (Hero)","","JobsAdmire · 8 min read","JobsAdmire · 8 dk okuma"
"blog.029","Blog","/blog","Üst bölüm (Hero)","","Recruitment","İşe alım"
"blog.030","Blog","/blog","Üst bölüm (Hero)","","Hiring overseas workers: 30-day checklist","Yurt dışından işçi alımı: 30 günlük kontrol listesi"
"blog.031","Blog","/blog","Üst bölüm (Hero)","","Most read","En çok okunan"
"blog.032","Blog","/blog","Üst bölüm (Hero)","","2 languages","2 dil"
"blog.033","Blog","/blog","Üst bölüm (Hero)","","Clear search","Aramayı temizle"
"blog.034","Blog","/blog","Öne çıkan yazı","","FEATURED","ÖNE ÇIKAN"
"blog.035","Blog","/blog","Yazı listesi","","No articles match your search — try another keyword or category.","Aramanızla eşleşen makale yok — başka bir anahtar kelime veya kategori deneyin."
"blog.036","Blog","/blog","Bülten","","Hiring insights, once a month","Ayda bir işe alım içgörüleri"
"blog.037","Blog","/blog","Bülten","","Work permit updates, market news and hiring guides — straight to your inbox.","Çalışma izni güncellemeleri, piyasa haberleri ve işe alım rehberleri — doğrudan e-postanıza."
"blog.038","Blog","/blog","Bülten","","No spam, unsubscribe anytime.","Spam yok, dilediğiniz zaman çıkabilirsiniz."
"blog.039","Blog","/blog","Bülten","","Subscribe →","Abone olun →"
"blog.040","Blog","/blog","Bülten","","Joined by 200+ employers & HR partners","200+ işveren ve İK ortağı katıldı"
"blog.041","Blog","/blog","Bülten","","Your work email","İş e-postanız"
"blog.042","Blog","/blog","Kapanış çağrısı","","Reading about hiring? Let's just do it.","İhtiyacınız olan iş gücünü birlikte bulalım."
"blog.043","Blog","/blog","Kapanış çağrısı","","Free consultation for employers — tell us what you need.","İşverenlere özel ücretsiz danışmanlık — ihtiyacınızı bize iletin, süreci birlikte planlayalım."
"blog.044","Blog","/blog","Kapanış çağrısı","yes","İŞKUR licensed — permit No. 1730","İŞKUR lisanslı — izin No. 1730"
"blog.045","Blog","/blog","Kapanış çağrısı","","Free proposal in 24 hours","24 saatte ücretsiz teklif"
"blog.046","Blog","/blog","Kapanış çağrısı","","Request Workers →","İşçi talep edin →"
"blog.047","Blog","/blog","Alt bilgi (Footer)","","Call us","Bizi arayın"
"blog.048","Blog","/blog","Alt bilgi (Footer)","yes","Licensed workforce recruitment for employers in Turkey — overseas sourcing, vetting and work permits, end-to-end.","Türkiye’deki işverenler için lisanslı iş gücü temini — yurt dışı tedarik, inceleme ve çalışma izinleri, uçtan uca."
"blog.049","Blog","/blog","Alt bilgi (Footer)","","For Employers","İşverenler için"
"blog.050","Blog","/blog","Alt bilgi (Footer)","","Available Workers","Mevcut İşçiler"
"blog.051","Blog","/blog","Alt bilgi (Footer)","","Hiring Cost Calculator","İşçi Maliyet Hesaplama"
"blog.052","Blog","/blog","Alt bilgi (Footer)","","Company","Kurumsal"
"blog.053","Blog","/blog","Alt bilgi (Footer)","","Contact","İletişim"
"blog.054","Blog","/blog","Alt bilgi (Footer)","","Telegram · @jobsadmire","Telegram · @jobsadmire"
"blog.055","Blog","/blog","Alt bilgi (Footer)","","Antalya · Head office","Antalya · Merkez ofis"
"blog.056","Blog","/blog","Alt bilgi (Footer)","","Adnan Menderes Blv. No 7/6","Adnan Menderes Blv. No 7/6"
"blog.057","Blog","/blog","Alt bilgi (Footer)","","Muratpaşa, Antalya, Türkiye","Muratpaşa, Antalya, Türkiye"
"blog.058","Blog","/blog","Alt bilgi (Footer)","","Mon–Fri 09:00–18:00","Pzt–Cum 09:00–18:00"
"blog.059","Blog","/blog","Alt bilgi (Footer)","","Get directions","Yol tarifi alın"
"blog.060","Blog","/blog","Alt bilgi (Footer)","","Karachi · Tech office","Karaçi · Teknoloji ofisi"
"blog.061","Blog","/blog","Alt bilgi (Footer)","","Shahrah-e-Faisal","Shahrah-e-Faisal"
"blog.062","Blog","/blog","Alt bilgi (Footer)","","Karachi, Pakistan","Karaçi, Pakistan"
"blog.063","Blog","/blog","Alt bilgi (Footer)","","Mon–Sat 10:00–19:00 PKT","Pzt–Cmt 10:00–19:00 PKT"
"blog.064","Blog","/blog","Alt bilgi (Footer)","","WhatsApp Us →","WhatsApp’tan yazın →"
"blog.065","Blog","/blog","Alt bilgi (Footer)","","Get Our App","Uygulamamızı İndirin"
"blog.066","Blog","/blog","Alt bilgi (Footer)","","Workforce on the go","İş gücü her yerde yanınızda"
"blog.067","Blog","/blog","Alt bilgi (Footer)","","Approve candidates, track permits & get instant updates.","Adayları onaylayın, izinleri takip edin ve anlık bildirim alın."
"blog.068","Blog","/blog","Alt bilgi (Footer)","","GET IT ON","İNDİRİN"
"blog.069","Blog","/blog","Alt bilgi (Footer)","","DOWNLOAD ON THE","İNDİRİN"
"blog.070","Blog","/blog","Alt bilgi (Footer)","yes","İŞKUR permit No. 1730 · Job seekers are never charged a fee (law No. 4904) · Tax No: 48422122","İŞKUR izin No. 1730 · İş arayanlardan asla ücret alınmaz (4904 sayılı kanun) · Vergi No: 48422122"
"blog.071","Blog","/blog","Alt bilgi (Footer)","","Privacy","Gizlilik Politikası"
"blog.072","Blog","/blog","Alt bilgi (Footer)","","Terms","Kullanım Şartları"
"blog.073","Blog","/blog","Alt bilgi (Footer)","","© 2026 Jobs Admire","© 2026 Jobs Admire"
"blog.074","Blog","/blog","Alt bilgi (Footer)","","JobsAdmire app","JobsAdmire uygulaması"
"blog.075","Blog","/blog","Alt bilgi (Footer)","","Close","Kapat"
"blog.076","Blog","/blog","Arayüz ve filtreler","","All","Tümü"
"blog.077","Blog","/blog","Arayüz ve filtreler","","Türkçe'de de var","Türkçe'de de var"
"blog.078","Blog","/blog","Arayüz ve filtreler","","Compliance","Mevzuat"
"blog.079","Blog","/blog","Arayüz ve filtreler","","Market News","Piyasa haberleri"
"blog.080","Blog","/blog","Arayüz ve filtreler","","Turkey work permit rejection reasons — and how to avoid them","Türkiye çalışma izni ret nedenleri — ve bunlardan nasıl kaçınılır"
"blog.081","Blog","/blog","Arayüz ve filtreler","","Also in English","İngilizce'de de var"
"blog.082","Blog","/blog","Arayüz ve filtreler","","Mevzuat","Mevzuat"
"blog.083","Blog","/blog","Arayüz ve filtreler","","Piyasa Haberleri","Piyasa Haberleri"
"blog.084","Blog","/blog","Arayüz ve filtreler","","Read article →","Yazıyı okuyun →"
"blog.085","Blog","/blog","Arayüz ve filtreler","","for “","“"
"blog.086","Blog","/blog","Arayüz ve filtreler","","Topic","Konu"
"blog.087","Blog","/blog","Arayüz ve filtreler","","Pick a topic","Konu seçin"
"blog.088","Blog","/blog","Arayüz ve filtreler","","Search articles…","Yazılarda ara…"
"blog.089","Blog","/blog","Arayüz ve filtreler","","Clear","Temizle"
"blog.090","Blog","/blog","Arayüz ve filtreler","","Load more articles ↓","Daha fazla yazı ↓"
"blog.091","Blog","/blog","Arayüz ve filtreler","","Guides","Rehber"
"blog.092","Blog","/blog","Arayüz ve filtreler","","Languages","Diller"
"blog.093","Blog","/blog","Arayüz ve filtreler","","Weekly","Haftalık"
"blog.094","Blog","/blog","Arayüz ve filtreler","","New post","Yeni yazı"
"blog.095","Blog","/blog","Arayüz ve filtreler","","Insights for","için içgörüler"
"blog.096","Blog","/blog","Arayüz ve filtreler","","Hiring guides, work permit updates and workforce news from the Turkey–overseas recruitment corridor.","Türkiye ve yurt dışı işe alım koridorundan işe alım rehberleri, çalışma izni güncellemeleri ve iş gücü haberleri."
"blog.097","Blog","/blog","Arayüz ve filtreler","","New article every week","Her hafta yeni yazı"
"blog.098","Blog","/blog","Arayüz ve filtreler","","Hello JobsAdmire, I want to hire workers.","Merhaba JobsAdmire, işçi talebinde bulunmak istiyorum."
"blogarticle.001","Blog Article","/blog/:slug","Menü ve genel etiketler","yes","İŞKUR Licensed · Permit No. 1730","İŞKUR Lisanslı · İzin No. 1730"
"blogarticle.002","Blog Article","/blog/:slug","Menü ve genel etiketler","yes","İŞKUR · 1730","İŞKUR · 1730"
"blogarticle.003","Blog Article","/blog/:slug","Menü ve genel etiketler","","info@jobsadmire.com","info@jobsadmire.com"
"blogarticle.004","Blog Article","/blog/:slug","Menü ve genel etiketler","","Blog","Blog"
"blogarticle.005","Blog Article","/blog/:slug","Menü ve genel etiketler","","Join Our Team","Ekibimize Katılın"
"blogarticle.006","Blog Article","/blog/:slug","Menü ve genel etiketler","","Verify a Representative","Temsilci Doğrulama"
"blogarticle.007","Blog Article","/blog/:slug","Menü ve genel etiketler","","CRM Login","CRM Girişi"
"blogarticle.008","Blog Article","/blog/:slug","Menü ve genel etiketler","","About Us","Hakkımızda"
"blogarticle.009","Blog Article","/blog/:slug","Menü ve genel etiketler","","Hire Workers","İşçi Talebi"
"blogarticle.010","Blog Article","/blog/:slug","Menü ve genel etiketler","","Candidates","Adaylar"
"blogarticle.011","Blog Article","/blog/:slug","Menü ve genel etiketler","","Work Permits","Çalışma İzinleri"
"blogarticle.012","Blog Article","/blog/:slug","Menü ve genel etiketler","","Cost Calculator","Maliyet Hesaplama"
"blogarticle.013","Blog Article","/blog/:slug","Menü ve genel etiketler","","Success Stories","Başarı Hikâyeleri"
"blogarticle.014","Blog Article","/blog/:slug","Menü ve genel etiketler","","Contact Us","İletişim"
"blogarticle.015","Blog Article","/blog/:slug","Menü ve genel etiketler","","Partner With Us","İş Ortağı Olun"
"blogarticle.016","Blog Article","/blog/:slug","Menü ve genel etiketler","","Request","Talep"
"blogarticle.017","Blog Article","/blog/:slug","Menü ve genel etiketler","","Workers","Oluştur"
"blogarticle.018","Blog Article","/blog/:slug","Menü ve genel etiketler","","Language","Dil"
"blogarticle.019","Blog Article","/blog/:slug","Menü ve genel etiketler","","Blog & Guides","Blog ve Rehberler"
"blogarticle.020","Blog Article","/blog/:slug","Menü ve genel etiketler","","CRM Login →","CRM Girişi →"
"blogarticle.021","Blog Article","/blog/:slug","Menü ve genel etiketler","","Menu","Menü"
"blogarticle.022","Blog Article","/blog/:slug","Yazı başlığı ve künye","","Home","Ana Sayfa"
"blogarticle.023","Blog Article","/blog/:slug","Yazı başlığı ve künye","","JobsAdmire Editorial","JobsAdmire Yayın Ekibi"
"blogarticle.024","Blog Article","/blog/:slug","Yazı içeriği","","In this article","Bu yazıda"
"blogarticle.025","Blog Article","/blog/:slug","Yazı içeriği","","Turkey's factories, hotels, farms and construction sites are all competing for the same shrinking pool of local labor. Hiring from overseas is the practical answer — but the work permit process stops many employers before they start. This guide walks through it, end to end.","Türkiye’nin fabrikaları, otelleri, çiftlikleri ve inşaat sahaları aynı daralan yerel işgücü havuzu için yarışıyor. Yurt dışından işe alım pratik cevaptır — ancak çalışma izni süreci birçok işvereni başlamadan durdurur. Bu rehber süreci baştan sona anlatıyor."
"blogarticle.026","Blog Article","/blog/:slug","Yazı içeriği","","Key takeaways","Öne çıkanlar"
"blogarticle.027","Blog Article","/blog/:slug","Yazı içeriği","","The employer applies, not the worker — and salary below the ministry minimum is the #1 rejection reason.","Başvuruyu işveren yapar, işçi değil — ve bakanlık asgarisinin altındaki ücret 1 numaralı ret nedenidir."
"blogarticle.028","Blog Article","/blog/:slug","Yazı içeriği","","You need 5 Turkish employees per foreign hire, plus 100,000 TL capital — shortage sectors get exemptions.","Her yabancı çalışan için 5 Türk çalışan ve 100.000 TL sermaye gerekir — işgücü açığı olan sektörlerde muafiyet vardır."
"blogarticle.029","Blog Article","/blog/:slug","Yazı içeriği","","Realistic timeline: 4–8 weeks end to end, including ~30 days of ministry review.","Gerçekçi süre: baştan sona 4–8 hafta, yaklaşık 30 günlük bakanlık incelemesi dahil."
"blogarticle.030","Blog Article","/blog/:slug","Yazı içeriği","yes","A licensed agency can file and track everything — you never touch a form.","Lisanslı bir ajans her şeyi sunar ve takip eder — hiçbir forma dokunmazsınız."
"blogarticle.031","Blog Article","/blog/:slug","Yazı içeriği","","Who can hire foreign workers in Turkey?","Türkiye’de kimler yabancı işçi çalıştırabilir?"
"blogarticle.032","Blog Article","/blog/:slug","Yazı içeriği","","Work permits are applied for by the","Çalışma izni başvurusunu"
"blogarticle.033","Blog Article","/blog/:slug","Yazı içeriği","","employer","işverene"
"blogarticle.034","Blog Article","/blog/:slug","Yazı içeriği","yes",", not the worker. The Ministry of Labor evaluates your company before it evaluates the candidate. Two criteria matter most:","yapar, işçi değil. Çalışma Bakanlığı adayı değerlendirmeden önce şirketinizi değerlendirir. En çok iki kriter önemlidir:"
"blogarticle.035","Blog Article","/blog/:slug","Yazı içeriği","","5 : 1 rule","5 : 1 kuralı"
"blogarticle.036","Blog Article","/blog/:slug","Yazı içeriği","","Five Turkish employees registered at the workplace for each foreign worker you hire.","İşe aldığınız her yabancı çalışan için işyerinde kayıtlı beş Türk çalışan bulunmalıdır."
"blogarticle.037","Blog Article","/blog/:slug","Yazı içeriği","","Capital / turnover","Sermaye / ciro"
"blogarticle.038","Blog Article","/blog/:slug","Yazı içeriği","","Paid-in capital of at least 100,000 TL, or gross sales that meet the ministry's threshold.","En az 100.000 TL ödenmiş sermaye veya bakanlığın eşiğini karşılayan brüt satış."
"blogarticle.039","Blog Article","/blog/:slug","Yazı içeriği","yes","Sectors with proven labor shortages — agriculture, manufacturing, tourism — benefit from exemptions and quotas that a licensed agency can apply on your behalf.","Kanıtlanmış işgücü açığı olan sektörler — tarım, imalat, turizm — lisanslı bir ajansın sizin adınıza kullanabileceği muafiyet ve kotalardan yararlanır."
"blogarticle.040","Blog Article","/blog/:slug","Yazı içeriği","","Documents you'll need","Gerekli belgeler"
"blogarticle.041","Blog Article","/blog/:slug","Yazı içeriği","","Signed employment contract","İmzalı iş sözleşmesi"
"blogarticle.042","Blog Article","/blog/:slug","Yazı içeriği","","Worker's passport copy","İşçinin pasaport kopyası"
"blogarticle.043","Blog Article","/blog/:slug","Yazı içeriği","","Diploma or skill certificate","Diploma veya beceri sertifikası"
"blogarticle.044","Blog Article","/blog/:slug","Yazı içeriği","","Company tax & activity records","Şirket vergi ve faaliyet kayıtları"
"blogarticle.045","Blog Article","/blog/:slug","Yazı içeriği","","Current SGK service statement","Güncel SGK hizmet dökümü"
"blogarticle.046","Blog Article","/blog/:slug","Yazı içeriği","","Online application form","Çevrim içi başvuru formu"
"blogarticle.047","Blog Article","/blog/:slug","Yazı içeriği","","The application, step by step","Başvuru, adım adım"
"blogarticle.048","Blog Article","/blog/:slug","Yazı içeriği","","Job offer & contract.","İş teklifi ve sözleşme."
"blogarticle.049","Blog Article","/blog/:slug","Yazı içeriği","","The employer and candidate sign a contract that states role, salary and duration.","İşveren ve aday, pozisyonu, ücreti ve süreyi belirten bir sözleşme imzalar."
"blogarticle.050","Blog Article","/blog/:slug","Yazı içeriği","","Online application.","Çevrim içi başvuru."
"blogarticle.051","Blog Article","/blog/:slug","Yazı içeriği","yes","Filed through the Ministry of Labor's e-permit system; the worker applies at the Turkish consulate in their country in parallel.","Çalışma Bakanlığı’nın e-izin sistemi üzerinden sunulur; işçi paralel olarak ülkesindeki Türk konsolosluğuna başvurur."
"blogarticle.052","Blog Article","/blog/:slug","Yazı içeriği","","Ministry review.","Bakanlık incelemesi."
"blogarticle.053","Blog Article","/blog/:slug","Yazı içeriği","","Evaluation typically takes about 30 days; missing documents restart the clock.","Değerlendirme genellikle yaklaşık 30 gün sürer; eksik belgeler süreyi baştan başlatır."
"blogarticle.054","Blog Article","/blog/:slug","Yazı içeriği","","Approval & fees.","Onay ve harçlar."
"blogarticle.055","Blog Article","/blog/:slug","Yazı içeriği","","Permit and card fees are paid; the permit doubles as a residence permit.","İzin ve kart harçları ödenir; izin aynı zamanda ikamet izni yerine geçer."
"blogarticle.056","Blog Article","/blog/:slug","Yazı içeriği","","Arrival & SGK.","Varış ve SGK."
"blogarticle.057","Blog Article","/blog/:slug","Yazı içeriği","","The worker enters Turkey with a work visa and must be registered with SGK within 30 days of starting.","İşçi çalışma vizesiyle Türkiye’ye giriş yapar ve işe başladıktan itibaren 30 gün içinde SGK’ya kaydedilmelidir."
"blogarticle.058","Blog Article","/blog/:slug","Yazı içeriği","","Mistakes that get applications rejected","Başvuruların reddedilmesine yol açan hatalar"
"blogarticle.059","Blog Article","/blog/:slug","Yazı içeriği","","Salary below the ministry's minimum for the role — the most common rejection reason.","Pozisyon için bakanlığın asgarisinin altında ücret — en yaygın ret nedeni."
"blogarticle.060","Blog Article","/blog/:slug","Yazı içeriği","","Contract details that don't match the online application.","Çevrim içi başvuruyla uyuşmayan sözleşme bilgileri."
"blogarticle.061","Blog Article","/blog/:slug","Yazı içeriği","","Applying while the 5:1 employee ratio isn't met.","5:1 çalışan oranı sağlanmadan başvurmak."
"blogarticle.062","Blog Article","/blog/:slug","Yazı içeriği","","Missing consulate appointment on the worker's side.","İşçi tarafında eksik konsolosluk randevusu."
"blogarticle.063","Blog Article","/blog/:slug","Yazı içeriği","yes","As a licensed İŞKUR agency, JobsAdmire files and tracks the entire permit application for you — most of our clients never touch a single form.","Lisanslı bir İŞKUR ajansı olarak JobsAdmire, izin başvurusunun tamamını sizin için sunar ve takip eder — müşterilerimizin çoğu tek bir forma dahi dokunmaz."
"blogarticle.064","Blog Article","/blog/:slug","Yazı içeriği","","Talk to a permit specialist →","Bir izin uzmanıyla görüşün →"
"blogarticle.065","Blog Article","/blog/:slug","Yazı içeriği","","Frequently asked questions","Sıkça sorulan sorular"
"blogarticle.066","Blog Article","/blog/:slug","Yazı içeriği","","Written by JobsAdmire Editorial","JobsAdmire Yayın Ekibi tarafından yazıldı"
"blogarticle.067","Blog Article","/blog/:slug","Yazı içeriği","","Our recruitment team in Antalya files work permit applications every week — this guide reflects real cases, not theory.","Antalya’daki işe alım ekibimiz her hafta çalışma izni başvurusu yapıyor — bu rehber teoriyi değil, gerçek vakaları yansıtıyor."
"blogarticle.068","Blog Article","/blog/:slug","Yazı içeriği","yes","İŞKUR Licensed · No. 1730","İŞKUR Lisanslı · No. 1730"
"blogarticle.069","Blog Article","/blog/:slug","Yazı içeriği","","Share","Paylaş"
"blogarticle.070","Blog Article","/blog/:slug","Yazı içeriği","","this article","bu yazıyı"
"blogarticle.071","Blog Article","/blog/:slug","Yazı içeriği","","Need workers with permits handled?","İzinleri halledilmiş işçi mi arıyorsunuz?"
"blogarticle.072","Blog Article","/blog/:slug","Yazı içeriği","","Tell us the roles — we source, vet and file every permit.","Pozisyonları bize söyleyin — biz bulur, kontrol eder ve her izni sunarız."
"blogarticle.073","Blog Article","/blog/:slug","Yazı içeriği","","Request Workers →","İşçi talep edin →"
"blogarticle.074","Blog Article","/blog/:slug","Yazı içeriği","","Share on WhatsApp","WhatsApp’ta paylaş"
"blogarticle.075","Blog Article","/blog/:slug","Yazı içeriği","","Share on LinkedIn","LinkedIn’de paylaş"
"blogarticle.076","Blog Article","/blog/:slug","Yazı içeriği","","Share on X","X’te paylaş"
"blogarticle.077","Blog Article","/blog/:slug","Hazırlanıyor","","In progress","Devam ediyor"
"blogarticle.078","Blog Article","/blog/:slug","Hazırlanıyor","","Full guide is being written","Tam rehber yazılıyor"
"blogarticle.079","Blog Article","/blog/:slug","Hazırlanıyor","","Read the permit guide →","İzin rehberini okuyun →"
"blogarticle.080","Blog Article","/blog/:slug","Hazırlanıyor","","All articles","Tüm yazılar"
"blogarticle.081","Blog Article","/blog/:slug","İlgili yazılar","","Related articles","İlgili yazılar"
"blogarticle.082","Blog Article","/blog/:slug","İlgili yazılar","","← Previous article","← Önceki yazı"
"blogarticle.083","Blog Article","/blog/:slug","İlgili yazılar","","Next article →","Sonraki yazı →"
"blogarticle.084","Blog Article","/blog/:slug","Yazar ve paylaşım","","Hiring overseas workers? We handle the permits, end to end.","Yurt dışından işçi mi alıyorsunuz? İzinleri baştan sona biz hallediyoruz."
"blogarticle.085","Blog Article","/blog/:slug","Yazar ve paylaşım","","WhatsApp Us","Bize WhatsApp’tan yazın"
"blogarticle.086","Blog Article","/blog/:slug","Bülten","","Hiring insights, once a month","Aylık İşe Alım Bülteni"
"blogarticle.087","Blog Article","/blog/:slug","Bülten","","Work permit updates, market news and hiring guides — straight to your inbox.","Çalışma izni güncellemeleri, piyasa haberleri ve işe alım rehberleri — doğrudan e-postanıza."
"blogarticle.088","Blog Article","/blog/:slug","Bülten","","No spam, unsubscribe anytime.","Spam yok, dilediğiniz zaman çıkabilirsiniz."
"blogarticle.089","Blog Article","/blog/:slug","Bülten","","Subscribe →","Abone olun →"
"blogarticle.090","Blog Article","/blog/:slug","Bülten","","Joined by 200+ employers & HR partners","200+ işveren ve İK ortağı katıldı"
"blogarticle.091","Blog Article","/blog/:slug","Bülten","","Your work email","İş e-postanız"
"blogarticle.092","Blog Article","/blog/:slug","Kapanış çağrısı","","Reading about hiring? Let's just do it.","İşe alım hakkında okuyor musunuz? Hadi yapalım."
"blogarticle.093","Blog Article","/blog/:slug","Kapanış çağrısı","","Free consultation for employers — tell us what you need.","İşverenler için ücretsiz danışmanlık — neye ihtiyacınız olduğunu söyleyin."
"blogarticle.094","Blog Article","/blog/:slug","Kapanış çağrısı","yes","İŞKUR licensed — permit No. 1730","İŞKUR lisanslı — izin No. 1730"
"blogarticle.095","Blog Article","/blog/:slug","Kapanış çağrısı","","Free proposal in 24 hours","24 saatte ücretsiz teklif"
"blogarticle.096","Blog Article","/blog/:slug","Alt bilgi (Footer)","","Call us","Bizi arayın"
"blogarticle.097","Blog Article","/blog/:slug","Alt bilgi (Footer)","yes","Licensed workforce recruitment for employers in Turkey — overseas sourcing, vetting and work permits, end-to-end.","Türkiye’deki işverenler için lisanslı iş gücü temini — yurt dışı tedarik, inceleme ve çalışma izinleri, uçtan uca."
"blogarticle.098","Blog Article","/blog/:slug","Alt bilgi (Footer)","","For Employers","İşverenler için"
"blogarticle.099","Blog Article","/blog/:slug","Alt bilgi (Footer)","","Available Workers","Mevcut İşçiler"
"blogarticle.100","Blog Article","/blog/:slug","Alt bilgi (Footer)","","Hiring Cost Calculator","İşçi Maliyet Hesaplama"
"blogarticle.101","Blog Article","/blog/:slug","Alt bilgi (Footer)","","Company","Kurumsal"
"blogarticle.102","Blog Article","/blog/:slug","Alt bilgi (Footer)","","Contact","İletişim"
"blogarticle.103","Blog Article","/blog/:slug","Alt bilgi (Footer)","","Telegram · @jobsadmire","Telegram · @jobsadmire"
"blogarticle.104","Blog Article","/blog/:slug","Alt bilgi (Footer)","","Antalya · Head office","Antalya · Merkez ofis"
"blogarticle.105","Blog Article","/blog/:slug","Alt bilgi (Footer)","","Adnan Menderes Blv. No 7/6","Adnan Menderes Blv. No 7/6"
"blogarticle.106","Blog Article","/blog/:slug","Alt bilgi (Footer)","","Muratpaşa, Antalya, Türkiye","Muratpaşa, Antalya, Türkiye"
"blogarticle.107","Blog Article","/blog/:slug","Alt bilgi (Footer)","","Mon–Fri 09:00–18:00","Pzt–Cum 09:00–18:00"
"blogarticle.108","Blog Article","/blog/:slug","Alt bilgi (Footer)","","Get directions","Yol tarifi alın"
"blogarticle.109","Blog Article","/blog/:slug","Alt bilgi (Footer)","","Karachi · Tech office","Karaçi · Teknoloji ofisi"
"blogarticle.110","Blog Article","/blog/:slug","Alt bilgi (Footer)","","Shahrah-e-Faisal","Shahrah-e-Faisal"
"blogarticle.111","Blog Article","/blog/:slug","Alt bilgi (Footer)","","Karachi, Pakistan","Karaçi, Pakistan"
"blogarticle.112","Blog Article","/blog/:slug","Alt bilgi (Footer)","","Mon–Sat 10:00–19:00 PKT","Pzt–Cmt 10:00–19:00 PKT"
"blogarticle.113","Blog Article","/blog/:slug","Alt bilgi (Footer)","","WhatsApp Us →","WhatsApp’tan yazın →"
"blogarticle.114","Blog Article","/blog/:slug","Alt bilgi (Footer)","","Get Our App","Uygulamamızı İndirin"
"blogarticle.115","Blog Article","/blog/:slug","Alt bilgi (Footer)","","Workforce on the go","İş gücü her yerde yanınızda"
"blogarticle.116","Blog Article","/blog/:slug","Alt bilgi (Footer)","","Approve candidates, track permits & get instant updates.","Adayları onaylayın, izinleri takip edin ve anlık bildirim alın."
"blogarticle.117","Blog Article","/blog/:slug","Alt bilgi (Footer)","","GET IT ON","İNDİRİN"
"blogarticle.118","Blog Article","/blog/:slug","Alt bilgi (Footer)","","DOWNLOAD ON THE","İNDİRİN"
"blogarticle.119","Blog Article","/blog/:slug","Alt bilgi (Footer)","yes","İŞKUR permit No. 1730 · Job seekers are never charged a fee (law No. 4904) · Tax No: 48422122","İŞKUR izin No. 1730 · İş arayanlardan asla ücret alınmaz (4904 sayılı kanun) · Vergi No: 48422122"
"blogarticle.120","Blog Article","/blog/:slug","Alt bilgi (Footer)","","Privacy","Gizlilik Politikası"
"blogarticle.121","Blog Article","/blog/:slug","Alt bilgi (Footer)","","Terms","Kullanım Şartları"
"blogarticle.122","Blog Article","/blog/:slug","Alt bilgi (Footer)","","© 2026 Jobs Admire","© 2026 Jobs Admire"
"blogarticle.123","Blog Article","/blog/:slug","Alt bilgi (Footer)","","JobsAdmire app","JobsAdmire uygulaması"
"blogarticle.124","Blog Article","/blog/:slug","SSS","","Who can hire foreign workers?","Kimler yabancı işçi çalıştırabilir?"
"blogarticle.125","Blog Article","/blog/:slug","SSS ve arayüz","","Rejection mistakes","Ret nedeni hatalar"
"blogarticle.126","Blog Article","/blog/:slug","SSS ve arayüz","","FAQ","SSS"
"blogarticle.127","Blog Article","/blog/:slug","SSS","","How long does a Turkey work permit take?","Türkiye çalışma izni ne kadar sürer?"
"blogarticle.128","Blog Article","/blog/:slug","SSS","","Who pays for the permit — employer or worker?","İzni kim öder — işveren mi işçi mi?"
"blogarticle.129","Blog Article","/blog/:slug","SSS","yes","The employer files the application and pays the permit fees. Job seekers are never charged by JobsAdmire — charging candidates is illegal for licensed agencies.","Başvuruyu işveren yapar ve izin harçlarını öder. JobsAdmire iş arayanlardan asla ücret almaz — lisanslı ajansların adaylardan ücret alması yasa dışıdır."
"blogarticle.130","Blog Article","/blog/:slug","SSS ve arayüz","","Shortage sectors such as agriculture and some manufacturing lines qualify for exemptions. We check your eligibility for free before any application is filed.","Tarım ve bazı imalat kolları gibi işgücü açığı olan sektörler muafiyet kapsamındadır. Herhangi bir başvuru yapılmadan önce uygunluğunuzu ücretsiz kontrol ediyoruz."
"blogarticle.131","Blog Article","/blog/:slug","SSS","","What happens if the application is rejected?","Başvuru reddedilirse ne olur?"
"blogarticle.132","Blog Article","/blog/:slug","SSS","","You can correct the issue and re-apply. Because we pre-check salary thresholds, ratios and documents, our clients' applications are approved on the first attempt in the vast majority of cases.","Sorunu düzeltip yeniden başvurabilirsiniz. Ücret eşiklerini, oranları ve belgeleri önceden kontrol ettiğimiz için müşterilerimizin başvuruları vakaların büyük çoğunluğunda ilk denemede onaylanır."
"blogarticle.133","Blog Article","/blog/:slug","SSS ve arayüz","","Recruitment","İşe alım"
"blogarticle.134","Blog Article","/blog/:slug","SSS ve arayüz","","Compliance","Mevzuat"
"blogarticle.135","Blog Article","/blog/:slug","SSS ve arayüz","","Mevzuat","Mevzuat"
"blogarticle.136","Blog Article","/blog/:slug","SSS ve arayüz","","Market News","Piyasa haberleri"
"blogarticle.137","Blog Article","/blog/:slug","SSS ve arayüz","","Piyasa Haberleri","Piyasa Haberleri"
"blogarticle.138","Blog Article","/blog/:slug","SSS ve arayüz","","Article not found","Yazı bulunamadı"
"blogarticle.139","Blog Article","/blog/:slug","SSS ve arayüz","","This link does not match any article in the index — browse all articles instead.","Bu bağlantı dizindeki hiçbir yazıyla eşleşmiyor — bunun yerine tüm yazılara göz atın."
"blogarticle.140","Blog Article","/blog/:slug","SSS ve arayüz","","Almost done","Neredeyse bitti"
"blogarticle.141","Blog Article","/blog/:slug","SSS ve arayüz","","min left","dk kaldı"
"blogarticle.142","Blog Article","/blog/:slug","SSS ve arayüz","","Hello JobsAdmire, I want to hire workers.","Merhaba JobsAdmire, işçi talebinde bulunmak istiyorum."
"blogarticle.143","Blog Article","/blog/:slug","SSS ve arayüz","","TR · Also in English","TR · İngilizce'de de var"
"blogarticle.144","Blog Article","/blog/:slug","SSS ve arayüz","","Copied!","Kopyalandı!"
"blogarticle.145","Blog Article","/blog/:slug","SSS ve arayüz","","Copy link","Bağlantıyı kopyala"
"crmlogin.001","CRM Login","/crm-login","Arayüz ve mesajlar","","Back to site","Siteye dön"
"crmlogin.002","CRM Login","/crm-login","Arayüz ve mesajlar","","Sign in","Giriş yap"
"crmlogin.003","CRM Login","/crm-login","Arayüz ve mesajlar","","One login page for every JobsAdmire system. Pick the one your account belongs to.","Her JobsAdmire sistemi için tek giriş sayfası. Hesabınızın bağlı olduğu portalı seçin."
"crmlogin.004","CRM Login","/crm-login","Arayüz ve mesajlar","","Password","Şifre"
"crmlogin.005","CRM Login","/crm-login","Arayüz ve mesajlar","","Forgot password?","Şifrenizi mi unuttunuz?"
"crmlogin.006","CRM Login","/crm-login","Arayüz ve mesajlar","","Your password","Şifreniz"
"crmlogin.007","CRM Login","/crm-login","Arayüz ve mesajlar","","Show","Göster"
"crmlogin.008","CRM Login","/crm-login","Arayüz ve mesajlar","","Hide","Gizle"
"crmlogin.009","CRM Login","/crm-login","Arayüz ve mesajlar","","Keep me signed in on this device","Bu cihazda oturumumu açık tut"
"crmlogin.010","CRM Login","/crm-login","Arayüz ve mesajlar","","Signing in…","Giriş yapılıyor…"
"crmlogin.011","CRM Login","/crm-login","Arayüz ve mesajlar","","New — mobile app","Yeni — mobil uygulama"
"crmlogin.012","CRM Login","/crm-login","Arayüz ve mesajlar","","Message","Mesaj"
"crmlogin.013","CRM Login","/crm-login","Arayüz ve mesajlar","","Get the mobile app","Mobil uygulamayı edinin"
"crmlogin.014","CRM Login","/crm-login","Arayüz ve mesajlar","","Account manager","Müşteri yöneticisi"
"crmlogin.015","CRM Login","/crm-login","Arayüz ve mesajlar","","IT desk","BT birimi"
"crmlogin.016","CRM Login","/crm-login","Arayüz ve mesajlar","","WhatsApp reply in ~10 min","WhatsApp yanıtı ~10 dk"
"crmlogin.017","CRM Login","/crm-login","Arayüz ve mesajlar","","Download on the","İndirin"
"crmlogin.018","CRM Login","/crm-login","Arayüz ve mesajlar","","Get it on","İndirin"
"crmlogin.019","CRM Login","/crm-login","Arayüz ve mesajlar","","Contact a branch","Bir şubeyle iletişime geçin"
"crmlogin.020","CRM Login","/crm-login","Arayüz ve mesajlar","yes","İŞKUR Licensed · Permit No. 1730","İŞKUR Lisanslı · İzin No. 1730"
"crmlogin.021","CRM Login","/crm-login","Arayüz ve mesajlar","","Authorised private employment agency · Republic of Türkiye","Yetkili özel istihdam bürosu · Türkiye Cumhuriyeti"
"crmlogin.022","CRM Login","/crm-login","Arayüz ve mesajlar","yes","İŞKUR licensed · Permit No. 1730 · Never pay a fee to any recruiter","İŞKUR lisanslı · İzin No. 1730 · Hiçbir aracıya ücret ödemeyin"
"crmlogin.023","CRM Login","/crm-login","Arayüz ve mesajlar","yes","JobsAdmire never asks for your password by WhatsApp, SMS or phone. If someone does, it is not us.","JobsAdmire şifrenizi asla WhatsApp, SMS veya telefonla istemez. İsteyen biri varsa, o biz değiliz."
"crmlogin.024","CRM Login","/crm-login","Arayüz ve mesajlar","","Enter the email address your account was opened with.","Hesabınızın açıldığı e-posta adresini girin."
"crmlogin.025","CRM Login","/crm-login","Arayüz ve mesajlar","","Your password is at least 6 characters.","Şifreniz en az 6 karakterdir."
"crmlogin.026","CRM Login","/crm-login","Arayüz ve mesajlar","","Email or password is incorrect. One attempt left before the account locks.","E-posta veya şifre hatalı. Hesap kilitlenmeden önce bir deneme kaldı."
"crmlogin.027","CRM Login","/crm-login","Arayüz ve mesajlar","","Too many attempts — this account is temporarily locked. Our team can unlock it after an ID check.","Çok fazla deneme — bu hesap geçici olarak kilitli. Ekibimiz kimlik kontrolünden sonra kilidi açabilir."
"crmlogin.028","CRM Login","/crm-login","Arayüz ve mesajlar","","Operations Portal selected from your work email.","İş e-postanıza göre Operasyon Portalı seçildi."
"crmlogin.029","CRM Login","/crm-login","Arayüz ve mesajlar","","Partner Portal selected from your email domain.","E-posta alan adınıza göre İş Ortağı Portalı seçildi."
"crmlogin.030","CRM Login","/crm-login","Arayüz ve mesajlar","","QR code to download the JobsAdmire app","JobsAdmire uygulamasını indirmek için QR kod"
"crmlogin.031","CRM Login","/crm-login","Arayüz ve mesajlar","","Caps Lock is on.","Caps Lock açık."
"crmlogin.032","CRM Login","/crm-login","Arayüz ve mesajlar","","Locked","Kilitli"
"crmlogin.033","CRM Login","/crm-login","Arayüz ve mesajlar","","Your session ended","Oturumunuz sona erdi"
"crmlogin.034","CRM Login","/crm-login","Arayüz ve mesajlar","","You were signed out after 30 minutes without activity. Sign in again to pick up where you left off.","30 dakikalık hareketsizlik nedeniyle oturumunuz sona erdi. İşlemlerinize devam etmek için lütfen yeniden giriş yapın."
"crmlogin.035","CRM Login","/crm-login","Arayüz ve mesajlar","","You have been signed out","Oturumunuz kapatıldı"
"crmlogin.036","CRM Login","/crm-login","Arayüz ve mesajlar","","Sign in again whenever you are ready.","Hazır olduğunuzda yeniden giriş yapın."
"crmlogin.037","CRM Login","/crm-login","Arayüz ve mesajlar","","Reset your password","Şifrenizi sıfırlayın"
"crmlogin.038","CRM Login","/crm-login","Arayüz ve mesajlar","","Enter your account email and we send you a reset link.","Hesap e-postanızı girin, size sıfırlama bağlantısı gönderelim."
"crmlogin.039","CRM Login","/crm-login","Arayüz ve mesajlar","","Send reset link","Sıfırlama bağlantısı gönder"
"crmlogin.040","CRM Login","/crm-login","Arayüz ve mesajlar","","Sending…","Gönderiliyor…"
"crmlogin.041","CRM Login","/crm-login","Arayüz ve mesajlar","","Back to sign in","Girişe dön"
"crmlogin.042","CRM Login","/crm-login","Arayüz ve mesajlar","","Check your inbox","E-postanızı kontrol edin"
"crmlogin.043","CRM Login","/crm-login","Portal açıklamaları","","Partner Portal","İş Ortağı Portalı"
"crmlogin.044","CRM Login","/crm-login","Portal açıklamaları","","Agencies & employers","Ajanslar ve işverenler"
"crmlogin.045","CRM Login","/crm-login","Portal açıklamaları","","Partner portal","İş ortağı portalı"
"crmlogin.046","CRM Login","/crm-login","Portal açıklamaları","","For agencies and employers","Ajanslar ve işverenler için"
"crmlogin.047","CRM Login","/crm-login","Portal açıklamaları","","Your whole partnership runs on one portal.","Tüm iş ortaklığınız tek bir portalda yürür."
"crmlogin.048","CRM Login","/crm-login","Portal açıklamaları","","No paperwork by courier, no chasing updates by phone — from the agreement to every placement, everything happens in one place.","Evrak gönderimi ve telefon trafiğiyle uğraşmadan, sözleşmeden yerleştirmeye kadar tüm süreci tek bir portal üzerinden yönetin."
"crmlogin.049","CRM Login","/crm-login","Portal açıklamaları","","E-signature agreement — terms signed digitally","E-imzalı sözleşme — koşullar dijital olarak imzalanır"
"crmlogin.050","CRM Login","/crm-login","Portal açıklamaları","","Company documents — upload once, valid for every placement","Şirket belgeleri — bir kez yükleyin, her yerleştirme için geçerli"
"crmlogin.051","CRM Login","/crm-login","Portal açıklamaları","","Jobs & CVs — post vacancies, upload candidates","İşler ve CV’ler — pozisyon yayınlayın, aday yükleyin"
"crmlogin.052","CRM Login","/crm-login","Portal açıklamaları","","Live placement status — every candidate and permit in real time","Canlı yerleştirme durumu — her aday ve izin gerçek zamanlı"
"crmlogin.053","CRM Login","/crm-login","Portal açıklamaları","","Company email","Şirket e-postası"
"crmlogin.054","CRM Login","/crm-login","Portal açıklamaları","","This login is only for HR agencies and employers we work with.","Bu giriş yalnızca çalıştığımız İK ajansları ve işverenler içindir."
"crmlogin.055","CRM Login","/crm-login","Portal açıklamaları","","470+ placements already run through this portal. Accounts are opened by your account manager once the cooperation agreement is signed.","470+ yerleştirme bu portal üzerinden gerçekleştirildi. İş birliği sözleşmesi imzalandıktan sonra hesabınız müşteri yöneticiniz tarafından açılır."
"crmlogin.056","CRM Login","/crm-login","Portal açıklamaları","","No account yet?","Henüz hesabınız yok mu?"
"crmlogin.057","CRM Login","/crm-login","Portal açıklamaları","","One short call is usually enough to know whether a partnership makes sense. We reply within 4 working hours and open your portal the same day the agreement is signed.","Bir iş ortaklığının anlamlı olup olmadığını anlamak için genellikle kısa bir görüşme yeterli. 4 iş saati içinde yanıt veriyoruz ve sözleşmenin imzalandığı gün portalınızı açıyoruz."
"crmlogin.058","CRM Login","/crm-login","Portal açıklamaları","","Request portal access","Portal erişimi talep edin"
"crmlogin.059","CRM Login","/crm-login","Portal açıklamaları","","Also on mobile — manage placements on the go.","Mobilde de var — yerleştirmeleri hareket halinde yönetin."
"crmlogin.060","CRM Login","/crm-login","Portal açıklamaları","","Push alert the moment a permit stage moves","Bir izin aşaması ilerlediği anda bildirim"
"crmlogin.061","CRM Login","/crm-login","Portal açıklamaları","","Photograph and upload company documents","Şirket belgelerini fotoğraflayıp yükleyin"
"crmlogin.062","CRM Login","/crm-login","Portal açıklamaları","","Approve or reject a shortlist in one tap","Kısa listeyi tek dokunuşla onaylayın veya reddedin"
"crmlogin.063","CRM Login","/crm-login","Portal açıklamaları","","Free · iOS 15+ and Android 9+ · same login, same data as this portal","Ücretsiz · iOS 15+ ve Android 9+ · bu portalla aynı giriş, aynı veri"
"crmlogin.064","CRM Login","/crm-login","Portal açıklamaları","","Operations Portal","Operasyon Portalı"
"crmlogin.065","CRM Login","/crm-login","Portal açıklamaları","","JobsAdmire team","JobsAdmire ekibi"
"crmlogin.066","CRM Login","/crm-login","Portal açıklamaları","","Operations","Operasyon"
"crmlogin.067","CRM Login","/crm-login","Portal açıklamaları","","Internal — JobsAdmire team","Dahili — JobsAdmire ekibi"
"crmlogin.068","CRM Login","/crm-login","Portal açıklamaları","","The whole pipeline on one desk.","Tüm süreç tek bir masada."
"crmlogin.069","CRM Login","/crm-login","Portal açıklamaları","","Every action logged against your staff account","Her işlem personel hesabınıza kaydedilir"
"crmlogin.070","CRM Login","/crm-login","Portal açıklamaları","","Permit files, approvals and deadlines in one timeline","İzin dosyaları, onaylar ve son tarihler tek bir zaman çizelgesinde"
"crmlogin.071","CRM Login","/crm-login","Portal açıklamaları","","Sessions end after 30 minutes idle","Oturumlar 30 dakika hareketsizlikten sonra sona erer"
"crmlogin.072","CRM Login","/crm-login","Portal açıklamaları","","Work email","İş e-postası"
"crmlogin.073","CRM Login","/crm-login","Portal açıklamaları","","This login is only for the JobsAdmire internal team.","Bu giriş yalnızca JobsAdmire dahili ekibi içindir."
"crmlogin.074","CRM Login","/crm-login","Portal açıklamaları","","Internal accounts are issued by IT. Never share your login — activity is logged against your name.","Dahili hesaplar BT tarafından verilir. Girişinizi asla paylaşmayın — faaliyetler adınıza kaydedilir."
"crmlogin.075","CRM Login","/crm-login","Portal açıklamaları","","Locked out?","Kilitli mi kaldınız?"
"crmlogin.076","CRM Login","/crm-login","Portal açıklamaları","","Password resets for internal accounts go through IT. Message the operations group and we unlock it after an ID check.","Dahili hesaplarda şifre sıfırlama BT üzerinden yapılır. Operasyon grubuna yazın, kimlik kontrolünden sonra kilidi açarız."
"crmlogin.077","CRM Login","/crm-login","Portal açıklamaları","","Message IT support","BT desteğine yazın"
"crmlogin.078","CRM Login","/crm-login","Portal açıklamaları","","Operations app — approvals, tasks and candidate files on the move.","Operasyon uygulaması — onaylar, görevler ve aday dosyaları hareket halinde."
"crmlogin.079","CRM Login","/crm-login","Portal açıklamaları","","Today's tasks and deadlines on the home screen","Bugünün görevleri ve son tarihleri ana ekranda"
"crmlogin.080","CRM Login","/crm-login","Portal açıklamaları","","Scan a passport straight into a candidate file","Pasaportu doğrudan aday dosyasına tarayın"
"crmlogin.081","CRM Login","/crm-login","Portal açıklamaları","","Approve permits and requests away from your desk","İzinleri ve talepleri masanızdan uzakta onaylayın"
"crmlogin.082","CRM Login","/crm-login","Portal açıklamaları","","WhatsApp inbox CRM","WhatsApp gelen kutusu CRM"
"crmlogin.083","CRM Login","/crm-login","Portal açıklamaları","","ChatAdmire is only for the JobsAdmire internal team.","ChatAdmire yalnızca JobsAdmire şirket içi ekibi içindir."
"crmlogin.084","CRM Login","/crm-login","Portal açıklamaları","","A WhatsApp inbox that works like a CRM.","CRM gibi çalışan bir WhatsApp gelen kutusu."
"crmlogin.085","CRM Login","/crm-login","Portal açıklamaları","","One shared number for the whole team, and every chat filed against the candidate or employer it belongs to — not lost on someone's phone.","Tüm ekip için tek ortak numara ve her sohbet ait olduğu aday ya da işveren kaydına işlenir — kimsenin telefonunda kaybolmaz."
"crmlogin.086","CRM Login","/crm-login","Portal açıklamaları","","Shared inbox — one number, the whole team replies","Ortak gelen kutusu — tek numara, tüm ekip yanıtlar"
"crmlogin.087","CRM Login","/crm-login","Portal açıklamaları","","Every chat filed on the candidate or employer record","Her sohbet aday ya da işveren kaydına işlenir"
"crmlogin.088","CRM Login","/crm-login","Portal açıklamaları","","Chats assigned to a coordinator, with full history","Sohbetler bir koordinatöre atanır, tüm geçmişiyle"
"crmlogin.089","CRM Login","/crm-login","Portal açıklamaları","","Broadcast campaigns, with replies landing in the same inbox","Toplu kampanyalar, yanıtlar aynı gelen kutusuna düşer"
"crmlogin.090","CRM Login","/crm-login","Portal açıklamaları","","ChatAdmire has its own sign-in","ChatAdmire girişi ayrıdır"
"crmlogin.091","CRM Login","/crm-login","Portal açıklamaları","yes","For your security we never ask for another system's password here. The button opens ChatAdmire and you sign in there.","Güvenliğiniz için başka bir sistemin şifresini burada asla istemiyoruz. Düğme ChatAdmire uygulamasını açar, girişi orada yaparsınız."
"crmlogin.092","CRM Login","/crm-login","Portal açıklamaları","","Open ChatAdmire","ChatAdmire uygulamasını aç"
"crmlogin.093","CRM Login","/crm-login","Portal açıklamaları","","No ChatAdmire access?","ChatAdmire erişiminiz yok mu?"
"crmlogin.094","CRM Login","/crm-login","Portal açıklamaları","","Ask operations","Operasyona yazın"
"crmlogin.095","CRM Login","/crm-login","Portal açıklamaları","","ChatAdmire on mobile — reply from the shared inbox, not your own number.","Mobilde ChatAdmire — kendi numaranızdan değil, ortak gelen kutusundan yanıtlayın."
"crmlogin.096","CRM Login","/crm-login","Portal açıklamaları","","Assigned chats pushed to you, not to everyone","Atanan sohbetler herkese değil, size gelir"
"crmlogin.097","CRM Login","/crm-login","Portal açıklamaları","","Reply as JobsAdmire from the shared number","Ortak numaradan JobsAdmire olarak yanıtlayın"
"crmlogin.098","CRM Login","/crm-login","Portal açıklamaları","","Chat history travels with the candidate file","Sohbet geçmişi aday dosyasıyla birlikte gider"
"crmlogin.099","CRM Login","/crm-login","Portal açıklamaları","","Free · iOS 15+ and Android 9+ · signs in with your ChatAdmire account","Ücretsiz · iOS 15+ ve Android 9+ · ChatAdmire hesabınızla giriş yapılır"
"terms.001","Terms","/terms","","","institute","eğitim kurumu"
"terms.002","Terms","/terms","","","sourcing partner","tedarik ortağı"
"terms.003","Terms","/terms","","","HR agency","İK ajansı"
"terms.004","Terms","/terms","","","placement","yerleştirme"
"terms.005","Terms","/terms","","","worker","işçi"
"terms.006","Terms","/terms","","","work permit","çalışma izni"
"terms.007","Terms","/terms","","","vetting","inceleme"
"terms.008","Terms","/terms","","","partner portal","ortak portalı"